phase,url,source_file,page_type,local_status,production_status,indexable,robots_directives,canonical,canonical_target_status,title,title_length,meta_description,description_length,h1,heading_structure,word_count,lang,published_date,modified_date,author,breadcrumbs,schema_types,internal_inbound_links,internal_outbound_links,external_outbound_links,broken_internal_links,broken_external_links,image_count,missing_alt,missing_dimensions,page_depth,orphan,sitemap_included,duplicate_title,duplicate_description,content_hash,issues
after,https://kujolang.ai/,templates/page-home.html,home,200,,yes,"default index,follow",https://kujolang.ai/,200,Kujo — AI-Native Programming Language | Kujolang.ai,51,"Kujo is the programming language for AI-native software, local-first automation, and agentic workflows.",103,Trust at the speed of AI,H2:Quick Install > H2:Give this prompt to your agent > H1:Trust at the speed of AI > H2:Introduction to Kujo,104,en,,,Kujo Team,no,Organization|WebSite,964,32,7,0,NOT AVAILABLE — DATA ACCESS REQUIRED,3,0,0,0,no,yes,no,no,ac433f1e5c7f1d64471a7cb7a8ee96778e87553f7b4417107e42e26178bcdfd2,
after,https://kujolang.ai/contact/,content/pages/02-contact.md,page,200,,yes,"default index,follow",https://kujolang.ai/contact/,200,Contact the Kujo Team | Kujolang.ai,35,"Talk with the Kujo team about the language, ecosystem, community, partnerships, or technical questions.",103,Contact,H2:Quick Install > H2:Give this prompt to your agent > H1:Contact > H2:Send the right signal. > H3:General > H3:Technical > H3:Security > H2:Before you send,160,en,,,Kujo Team,no,ContactPage|Organization,723,30,9,0,NOT AVAILABLE — DATA ACCESS REQUIRED,3,0,0,1,no,yes,no,no,c55561a6e7d0f88a0ebff5937868ace21dfacf2f34caa84f152167f0d45b04f7,
after,https://kujolang.ai/ecosystem/ability/,content/ecosystem/16-ability.md,software-detail,200,,yes,"default index,follow",https://kujolang.ai/ecosystem/ability/,200,Kujo Ability — Portable Operation Contracts | Kujolang.ai,57,"Portable, versioned operation contracts with typed schemas, declared effects, retry semantics, policy gates, approvals, idempotency, and canonical receipts.",156,Ability,"H2:Quick Install > H2:Give this prompt to your agent > H1:Ability > H2:What it does > H2:Why it belongs in Kujo > H2:What it includes > H2:Where it works today > H2:Local, hosted, and customer-hosted use > H2:CMS and SSG > H2:Operating boundary > H2:Try an operation locally > H2:Learn more > H2:Source and catalog",784,en,,,Kujo Team,no,Organization|SoftwareSourceCode,10,31,13,0,NOT AVAILABLE — DATA ACCESS REQUIRED,3,0,0,2,no,yes,no,no,078a5312bf0bc22ac3add8ea9020a66c2e68687ebfe7af0f2ff420ca506628d5,
after,https://kujolang.ai/ecosystem/agents-sdk/,content/ecosystem/11-agents-sdk.md,software-detail,200,,yes,"default index,follow",https://kujolang.ai/ecosystem/agents-sdk/,200,Agents SDK — Kujo Ecosystem | Kujolang.ai,41,"Agent runners, tools, approvals, handoffs, tracing, sessions, memory, retrieval, artifact stores, budgets, and offline fixtures.",128,Agents SDK,H2:Quick Install > H2:Give this prompt to your agent > H1:Agents SDK > H2:What it does > H2:Why it belongs in Kujo > H2:Operating boundary > H2:Ability integration > H2:Learn more > H2:Source and catalog,243,en,,,Kujo Team,no,Organization|SoftwareSourceCode,9,32,8,0,NOT AVAILABLE — DATA ACCESS REQUIRED,3,0,0,2,no,yes,no,no,ce7731b550dd35ab82489f123559a8e463322a55c5db29bdfe7dbe38ddedf5b6,
after,https://kujolang.ai/ecosystem/ai-chat/,content/ecosystem/40-ai-chat.md,software-detail,200,,yes,"default index,follow",https://kujolang.ai/ecosystem/ai-chat/,200,AI Chat — Kujo Ecosystem | Kujolang.ai,38,"A local multi-provider chat application with encrypted provider profiles, SQLite history, streaming, comparison, transcription, and fixture smokes.",147,AI Chat,H2:Quick Install > H2:Give this prompt to your agent > H1:AI Chat > H2:What it does > H2:Why it belongs in Kujo > H2:Operating boundary > H2:Learn more > H2:Source and catalog,173,en,,,Kujo Team,no,Organization|SoftwareSourceCode,6,31,8,0,NOT AVAILABLE — DATA ACCESS REQUIRED,3,0,0,2,no,yes,no,no,da8a98b6eaeec1b800d40e3d828bebe4c8cd1b96c814707367419d13e76c6d78,
after,https://kujolang.ai/ecosystem/ai-sdk/,content/ecosystem/10-ai-sdk.md,software-detail,200,,yes,"default index,follow",https://kujolang.ai/ecosystem/ai-sdk/,200,AI SDK — Kujo Ecosystem | Kujolang.ai,37,"Provider-normalized chat and embeddings contracts with presets, fixtures, retries, streaming, redaction, budgets, and telemetry hooks.",134,AI SDK,H2:Quick Install > H2:Give this prompt to your agent > H1:AI SDK > H2:What it does > H2:Why it belongs in Kujo > H2:Operating boundary > H2:Learn more > H2:Source and catalog,153,en,,,Kujo Team,no,Organization|SoftwareSourceCode,6,31,8,0,NOT AVAILABLE — DATA ACCESS REQUIRED,3,0,0,2,no,yes,no,no,12ef459fdeebea391a3f3024131d9302faefa334fd8bb7486425debdb68103ae,
after,https://kujolang.ai/ecosystem/assetworks/,content/ecosystem/47-assetworks.md,software-detail,200,,yes,"default index,follow",https://kujolang.ai/ecosystem/assetworks/,200,AssetWorks — Kujo Ecosystem | Kujolang.ai,41,"A local-first media production ledger for asset planning, immutable provenance, accessibility artifacts, and checksum-backed validation.",136,AssetWorks,H2:Quick Install > H2:Give this prompt to your agent > H1:AssetWorks > H2:What it does > H2:Production evidence > H2:Why it belongs in Kujo > H2:Operating boundary > H2:Learn more > H2:Source and catalog,253,en,,,Kujo Team,no,Organization|SoftwareSourceCode,6,31,8,0,NOT AVAILABLE — DATA ACCESS REQUIRED,3,0,0,2,no,yes,no,no,be2d5da4c6e7e43a74d001477d52a0c701834bc3d3fa45f72f23743aaac739d3,
after,https://kujolang.ai/ecosystem/bluepencil/,content/ecosystem/48-bluepencil.md,software-detail,200,,yes,"default index,follow",https://kujolang.ai/ecosystem/bluepencil/,200,BluePencil — Kujo Ecosystem | Kujolang.ai,41,"A Kujo-native editorial review and quality-calibration system that preserves independent judgment, blockers, and structured verdicts.",133,BluePencil,H2:Quick Install > H2:Give this prompt to your agent > H1:BluePencil > H2:What it does > H2:Calibrated review > H2:Why it belongs in Kujo > H2:Operating boundary > H2:Learn more > H2:Source and catalog,237,en,,,Kujo Team,no,Organization|SoftwareSourceCode,6,31,8,0,NOT AVAILABLE — DATA ACCESS REQUIRED,3,0,0,2,no,yes,no,no,a4ea2f833054faecfe13b36e3b07cfc76ce888f7e2e1bbaefcf5a5e5552e6033,
after,https://kujolang.ai/ecosystem/casefile/,content/ecosystem/22-casefile.md,software-detail,200,,yes,"default index,follow",https://kujolang.ai/ecosystem/casefile/,200,CaseFile — Kujo Ecosystem | Kujolang.ai,39,"Reproducible failure and incident bundles with provenance, redaction, logs, reproduction notes, JSON, Markdown, and handoffs.",125,CaseFile,H2:Quick Install > H2:Give this prompt to your agent > H1:CaseFile > H2:What it does > H2:Why it belongs in Kujo > H2:Operating boundary > H2:Learn more > H2:Source and catalog,154,en,,,Kujo Team,no,Organization|SoftwareSourceCode,6,31,8,0,NOT AVAILABLE — DATA ACCESS REQUIRED,3,0,0,2,no,yes,no,no,d9544fabcecbf4c56b6f835bf79810f3b257a37c913524bcfabd8a2f37419c80,
after,https://kujolang.ai/ecosystem/changebucket/,content/ecosystem/27-changebucket.md,software-detail,200,,yes,"default index,follow",https://kujolang.ai/ecosystem/changebucket/,200,ChangeBucket — Kujo Ecosystem | Kujolang.ai,43,"Change-footprint and blast-radius reports covering churn, categories, generated files, CI, deletions, dependencies, and budgets.",128,ChangeBucket,H2:Quick Install > H2:Give this prompt to your agent > H1:ChangeBucket > H2:What it does > H2:Why it belongs in Kujo > H2:Operating boundary > H2:Learn more > H2:Source and catalog,154,en,,,Kujo Team,no,Organization|SoftwareSourceCode,6,31,8,0,NOT AVAILABLE — DATA ACCESS REQUIRED,3,0,0,2,no,yes,no,no,3b0833a12603afe5c8c963e3e808d6de67da902c396c0038f8e62e46524e34fa,
after,https://kujolang.ai/ecosystem/cms/,content/ecosystem/41-cms.md,software-detail,200,,yes,"default index,follow",https://kujolang.ai/ecosystem/cms/,200,Kujo CMS 1.1.0 — Agent-Ready Content Management | Kujolang.ai,61,"Explore Kujo CMS 1.1.0: framework-neutral content, SEO, social sharing, themes, plugins, identities, abilities, MCP, WebMCP, APIs, and CLI workflows.",149,CMS,H2:Quick Install > H2:Give this prompt to your agent > H1:CMS > H2:What it does > H2:First-class agent access > H2:Administration without API-only compromises > H2:Portable themes and plugins > H2:Why it belongs in Kujo > H2:Operating boundary > H2:Ability integration > H2:Learn more > H2:Source and catalog,592,en,,,Kujo Team,no,Organization|SoftwareSourceCode,6,32,15,0,NOT AVAILABLE — DATA ACCESS REQUIRED,3,0,0,2,no,yes,no,no,64d8c8ec9f65ec34704f6cafe8dcfb735541a57f1ee51c025ddca5cff0e9d65b,
after,https://kujolang.ai/ecosystem/commerce/,content/ecosystem/56-commerce.md,software-detail,200,,yes,"default index,follow",https://kujolang.ai/ecosystem/commerce/,200,Commerce — Kujo Ecosystem | Kujolang.ai,39,"Provider-agnostic commerce for static sites: trusted catalogs, hosted purchase links, optional checkout and verified webhooks.",126,Commerce,H2:Quick Install > H2:Give this prompt to your agent > H1:Commerce > H2:What it does > H2:Getting started > H2:Operating boundary > H2:Reference > H2:Source and catalog,183,en,,,Kujo Team,no,Organization|SoftwareSourceCode,6,31,10,0,NOT AVAILABLE — DATA ACCESS REQUIRED,3,0,0,2,no,yes,no,no,ca73f90fb97e1b035ab77096a8d2d1d6dabb6e799c8eb8d5c3ffd110a41f9f9a,
after,https://kujolang.ai/ecosystem/concord/,content/ecosystem/25-concord.md,software-detail,200,,yes,"default index,follow",https://kujolang.ai/ecosystem/concord/,200,Concord — Kujo Ecosystem | Kujolang.ai,38,"Cross-artifact drift checks for code, CLI behavior, docs, examples, specs, evals, schemas, manifests, and sources of truth.",123,Concord,H2:Quick Install > H2:Give this prompt to your agent > H1:Concord > H2:What it does > H2:Why it belongs in Kujo > H2:Operating boundary > H2:Learn more > H2:Source and catalog,151,en,,,Kujo Team,no,Organization|SoftwareSourceCode,6,31,8,0,NOT AVAILABLE — DATA ACCESS REQUIRED,3,0,0,2,no,yes,no,no,4b5d99bc1c3c7b92002487e7fa6a01e75b3ecc917355860d754750feda3fce85,
after,https://kujolang.ai/ecosystem/contentgraph/,content/ecosystem/38-contentgraph.md,software-detail,200,,yes,"default index,follow",https://kujolang.ai/ecosystem/contentgraph/,200,ContentGraph — Kujo Ecosystem | Kujolang.ai,43,"A deterministic, inspectable network of website content, internal links, topic clusters, overlaps, orphan candidates, and link opportunities.",141,ContentGraph,H2:Quick Install > H2:Give this prompt to your agent > H1:ContentGraph > H2:What it does > H2:Deterministic content relationships > H2:Why it belongs in Kujo > H2:Operating boundary > H2:Learn more > H2:Source and catalog,261,en,,,Kujo Team,no,Organization|SoftwareSourceCode,6,31,8,0,NOT AVAILABLE — DATA ACCESS REQUIRED,3,0,0,2,no,yes,no,no,7f8c1fa902389f039e7ce2f906b958736d49ae504d31d2b11ccccc2266f18645,
after,https://kujolang.ai/ecosystem/crud-api/,content/ecosystem/42-crud-api.md,software-detail,200,,yes,"default index,follow",https://kujolang.ai/ecosystem/crud-api/,200,CRUD API Showcase — Kujo Ecosystem | Kujolang.ai,48,"SQLite item and project APIs with a web playground, authentication strategies, contract smokes, disaster recovery, performance, and release patterns.",149,CRUD API Showcase,H2:Quick Install > H2:Give this prompt to your agent > H1:CRUD API Showcase > H2:What it does > H2:Why it belongs in Kujo > H2:Operating boundary > H2:Learn more > H2:Source and catalog,155,en,,,Kujo Team,no,Organization|SoftwareSourceCode,6,31,8,0,NOT AVAILABLE — DATA ACCESS REQUIRED,3,0,0,2,no,yes,no,no,ad2669146ef05fbc548a598cee637bb9c5fcdec5c0475012ceacfd9f871840d6,
after,https://kujolang.ai/ecosystem/dispatch/,content/ecosystem/14-dispatch.md,software-detail,200,,yes,"default index,follow",https://kujolang.ai/ecosystem/dispatch/,200,Dispatch — Kujo Ecosystem | Kujolang.ai,39,"Dispatch 1.2.0 orchestrates resumable, routed, approved, and auditable AI workflows with persisted evidence.",108,Dispatch,H2:Quick Install > H2:Give this prompt to your agent > H1:Dispatch > H2:What it does > H2:Why it belongs in Kujo > H2:Operating boundary > H2:Release > H2:Learn more > H2:Source and catalog,212,en,,,Kujo Team,no,Organization|SoftwareSourceCode,9,31,9,0,NOT AVAILABLE — DATA ACCESS REQUIRED,3,0,0,2,no,yes,no,no,75cb769f4fb7ae696e11529e1b23425f0cda308405bdf3cc16f3cfa91961cdcc,
after,https://kujolang.ai/ecosystem/dossier/,content/ecosystem/49-dossier.md,software-detail,200,,yes,"default index,follow",https://kujolang.ai/ecosystem/dossier/,200,Dossier — Kujo Ecosystem | Kujolang.ai,38,"A local-first evidence ledger for claims, sources, quotations, conflicts, consent, freshness, and rights.",105,Dossier,H2:Quick Install > H2:Give this prompt to your agent > H1:Dossier > H2:What it does > H2:Explicit evidence states > H2:Why it belongs in Kujo > H2:Operating boundary > H2:Learn more > H2:Source and catalog,238,en,,,Kujo Team,no,Organization|SoftwareSourceCode,6,31,8,0,NOT AVAILABLE — DATA ACCESS REQUIRED,3,0,0,2,no,yes,no,no,7a1692488359a0c1bdfd010d68b3bbe5c729f6b22e2c467aad0479f45ee62753,
after,https://kujolang.ai/ecosystem/eval/,content/ecosystem/13-eval.md,software-detail,200,,yes,"default index,follow",https://kujolang.ai/ecosystem/eval/,200,Eval — Kujo Ecosystem | Kujolang.ai,35,"Deterministic checks for files, commands, HTTP, JSON, snapshots, policy, and workflow artifacts with CI-friendly verdicts.",122,Eval,H2:Quick Install > H2:Give this prompt to your agent > H1:Eval > H2:What it does > H2:Why it belongs in Kujo > H2:Operating boundary > H2:Learn more > H2:Source and catalog,152,en,,,Kujo Team,no,Organization|SoftwareSourceCode,6,31,8,0,NOT AVAILABLE — DATA ACCESS REQUIRED,3,0,0,2,no,yes,no,no,6cc62d46748646f04f8d75a170e200b847cb4dd4b46992034ea9ac5e38048829,
after,https://kujolang.ai/ecosystem/fence/,content/ecosystem/31-fence.md,software-detail,200,,yes,"default index,follow",https://kujolang.ai/ecosystem/fence/,200,Fence — Kujo Ecosystem | Kujolang.ai,36,"Architecture-boundary rules, import and layer checks, baselines, graphs, and JSON, Markdown, and SARIF reports.",111,Fence,H2:Quick Install > H2:Give this prompt to your agent > H1:Fence > H2:What it does > H2:Why it belongs in Kujo > H2:Operating boundary > H2:Learn more > H2:Source and catalog,145,en,,,Kujo Team,no,Organization|SoftwareSourceCode,6,31,8,0,NOT AVAILABLE — DATA ACCESS REQUIRED,3,0,0,2,no,yes,no,no,e3c85d2e1cdc4d9387812a80147736f0b40a37a0b2229cc7ec0ba9d644d07594,
after,https://kujolang.ai/ecosystem/galleypack/,content/ecosystem/50-galleypack.md,software-detail,200,,yes,"default index,follow",https://kujolang.ai/ecosystem/galleypack/,200,GalleyPack — Kujo Ecosystem | Kujolang.ai,41,"A Kujo-native production packager that binds editorial artifacts, lineage, evidence, reviews, and package versions to exact checksums.",134,GalleyPack,H2:Quick Install > H2:Give this prompt to your agent > H1:GalleyPack > H2:What it does > H2:Reproducible packages > H2:Why it belongs in Kujo > H2:Operating boundary > H2:Learn more > H2:Source and catalog,235,en,,,Kujo Team,no,Organization|SoftwareSourceCode,6,31,8,0,NOT AVAILABLE — DATA ACCESS REQUIRED,3,0,0,2,no,yes,no,no,bf53f93cae7cb286b6fb26854797ddf576633dba97020e6a451f859960ea0417,
after,https://kujolang.ai/ecosystem/howl/,content/ecosystem/33-howl.md,software-detail,200,,yes,"default index,follow",https://kujolang.ai/ecosystem/howl/,200,Howl — Kujo Ecosystem | Kujolang.ai,35,"Deterministic Markdown, HTML, SVG, gallery, card, and caption assets generated from trusted Kujo examples and manifests.",120,Howl,H2:Quick Install > H2:Give this prompt to your agent > H1:Howl > H2:What it does > H2:Why it belongs in Kujo > H2:Operating boundary > H2:Learn more > H2:Source and catalog,151,en,,,Kujo Team,no,Organization|SoftwareSourceCode,6,31,8,0,NOT AVAILABLE — DATA ACCESS REQUIRED,3,0,0,2,no,yes,no,no,11f1b42107c50fda02680273fdf4b7bab4000f06d0d40c7d057c5d5a1452731c,
after,https://kujolang.ai/ecosystem/,templates/page-ecosystem.html,collection,200,,yes,"default index,follow",https://kujolang.ai/ecosystem/,200,Ecosystem | Kujolang.ai,23,"Explore the Kujo ecosystem of language primitives, local-first tools, and inspectable AI-native application showcases.",118,Ecosystem,H2:Quick Install > H2:Give this prompt to your agent > H1:Ecosystem > H2:Primitives > H2:Kujo > H2:Kennel > H2:Spec > H2:Eval > H2:Scout > H2:Dispatch > H2:Ability > H2:MCP > H2:RAG > H2:AI SDK > H2:Agents SDK > H2:Scent > H2:Fence > H2:Watchdog > H2:Leash > H2:Tooling > H2:Muzzle > H2:RunLedger > H2:ChangeBucket > H2:PatchBrief > H2:Concord > H2:ShipCheck > H2:PackWrite > H2:CaseFile > H2:Lens > H2:Ward > H2:Howl > H2:Workcell > H2:Redact > H2:SiteKit > H2:ContentGraph > H2:SearchBridge > H2:SiteProbe > H2:AssetWorks > H2:BluePencil > H2:Dossier > H2:GalleyPack > H2:PressWire > H2:ReaderSignal > H2:StoryDesk > H2:VersionSeal > H2:Kujo for Paperclip > H2:Commerce > H2:Kujo Pi > H2:Skills > H2:Agents SDK > H2:Kujo AI Chat > H2:Kujo AI SDK > H2:Kujo AssetWorks > H2:Kujo Backlog Normalizer > H2:Kujo Benchmarks Capsule > H2:Workflows > H2:Owned Agent Project > H2:Agency Runner > H2:Agency Verified Fix Loop > H2:AI SDK Muzzle Benchmark > H2:AI SDK Watchdog Showcase > H2:Casefile Incident Evidence Packet > H2:Agents (opens in a new tab) > H2:Dispatch > H2:Agents SDK > H2:Relay > H2:Showcase > H2:CMS > H2:CRUD API Showcase > H2:AI Chat > H2:SSG > H2:TotalRecall > H2:Tribunal > H2:Relay,1416,en,,,Kujo Team,no,CollectionPage|Organization,727,230,8,0,NOT AVAILABLE — DATA ACCESS REQUIRED,68,0,0,1,no,yes,no,no,f684f522f43df4c57ebb3bedb92c681e281c59b0027870a8c277221572f48b3c,
after,https://kujolang.ai/ecosystem/kennel/,content/ecosystem/02-kennel.md,software-detail,200,,yes,"default index,follow",https://kujolang.ai/ecosystem/kennel/,200,Kennel — Kujo Ecosystem | Kujolang.ai,37,"Deterministic Kujo package and dependency workflows with manifests, lockfiles, source policy, trust policy, indexes, and mirrors.",129,Kennel,H2:Quick Install > H2:Give this prompt to your agent > H1:Kennel > H2:What it does > H2:Why it belongs in Kujo > H2:Operating boundary > H2:Learn more > H2:Source and catalog,179,en,,,Kujo Team,no,Organization|SoftwareSourceCode,6,31,8,0,NOT AVAILABLE — DATA ACCESS REQUIRED,3,0,0,2,no,yes,no,no,db969acf5819acdc60f2cfb7da300eff615e4391363798581c9b792bcd1bb709,
after,https://kujolang.ai/ecosystem/kujo/,content/ecosystem/01-kujo.md,software-detail,200,,yes,"default index,follow",https://kujolang.ai/ecosystem/kujo/,200,Kujo — Kujo Ecosystem | Kujolang.ai,35,"The VM-first programming language and runtime for AI-native software, local-first automation, agentic workflows, and practical scripting.",137,Kujo,H2:Quick Install > H2:Give this prompt to your agent > H1:Kujo > H2:What it does > H2:Why it belongs in Kujo > H2:Operating boundary > H2:Install and maintain the runtime > H2:Learn more > H2:Source and catalog,326,en,,,Kujo Team,no,Organization|SoftwareSourceCode,6,31,11,0,NOT AVAILABLE — DATA ACCESS REQUIRED,3,0,0,2,no,yes,no,no,c08f2a124bdf4e491dc7ddfe89b3afcb3cb00dda5f3afe608767c76a6705b216,
after,https://kujolang.ai/ecosystem/kujo-pi/,content/ecosystem/57-kujo-pi.md,software-detail,200,,yes,"default index,follow",https://kujolang.ai/ecosystem/kujo-pi/,200,Kujo Pi — Kujo Ecosystem | Kujolang.ai,38,"An opt-in Pi integration for Kujo repository intelligence, checks, workflows, retrieval, approvals and receipts.",112,Kujo Pi,H2:Quick Install > H2:Give this prompt to your agent > H1:Kujo Pi > H2:What it does > H2:Getting started > H2:Operating boundary > H2:Reference > H2:Source and catalog,210,en,,,Kujo Team,no,Organization|SoftwareSourceCode,6,31,10,0,NOT AVAILABLE — DATA ACCESS REQUIRED,3,0,0,2,no,yes,no,no,b71942191759443f9a32dd332c9bbaf76413e912afebc2916d6ff841e8ec80b7,
after,https://kujolang.ai/ecosystem/leash/,content/ecosystem/18-leash.md,software-detail,200,,yes,"default index,follow",https://kujolang.ai/ecosystem/leash/,200,Leash — Kujo Ecosystem | Kujolang.ai,36,"A local approval layer for AI coding agents with policy-as-code, mobile decisions, risk classification, adapters, and append-only audit trails.",143,Leash,H2:Quick Install > H2:Give this prompt to your agent > H1:Leash > H2:What it does > H2:Why it belongs in Kujo > H2:Operating boundary > H2:Source access > H2:Learn more > H2:Source and catalog,180,en,,,Kujo Team,no,Organization|SoftwareSourceCode,6,31,7,0,NOT AVAILABLE — DATA ACCESS REQUIRED,3,0,0,2,no,yes,no,no,e246c3aadcd853ff8b4b2eb0ed36356a8b4150112e7f15870e545cf858f4e99e,
after,https://kujolang.ai/ecosystem/lens/,content/ecosystem/30-lens.md,software-detail,200,,yes,"default index,follow",https://kujolang.ai/ecosystem/lens/,200,Lens — Kujo Ecosystem | Kujolang.ai,35,"Deterministic browser checks, screenshots, console and network evidence, accessibility findings, visual baselines, flows, and repair briefs.",140,Lens,H2:Quick Install > H2:Give this prompt to your agent > H1:Lens > H2:What it does > H2:Why it belongs in Kujo > H2:Operating boundary > H2:Learn more > H2:Source and catalog,150,en,,,Kujo Team,no,Organization|SoftwareSourceCode,6,31,8,0,NOT AVAILABLE — DATA ACCESS REQUIRED,3,0,0,2,no,yes,no,no,cca8dc3fa962e8315bf7f2b3e8a052dcfdf12ffb8901f38c48cb857d0fde3f26,
after,https://kujolang.ai/ecosystem/mcp/,content/ecosystem/16-mcp.md,software-detail,200,,yes,"default index,follow",https://kujolang.ai/ecosystem/mcp/,200,MCP — Kujo Ecosystem | Kujolang.ai,34,"A framework and scaffold for MCP servers with tools, resources, path guards, authentication, limits, safety tiers, and multi-root workspaces.",141,MCP,H2:Quick Install > H2:Give this prompt to your agent > H1:MCP > H2:What it does > H2:Why it belongs in Kujo > H2:Operating boundary > H2:Ability integration > H2:Release boundary > H2:Learn more > H2:Source and catalog,458,en,,,Kujo Team,no,Organization|SoftwareSourceCode,6,32,10,0,NOT AVAILABLE — DATA ACCESS REQUIRED,3,0,0,2,no,yes,no,no,5c25bf217984255a11da0b2cb4b678dfdd32c33d0af2e93fa95b4a5a20565a24,
after,https://kujolang.ai/ecosystem/muzzle/,content/ecosystem/23-muzzle.md,software-detail,200,,yes,"default index,follow",https://kujolang.ai/ecosystem/muzzle/,200,Muzzle — Kujo Ecosystem | Kujolang.ai,37,"Quiet workflow execution with full disk logs, compact summaries, manifests, loop state, dry runs, and secret redaction.",119,Muzzle,H2:Quick Install > H2:Give this prompt to your agent > H1:Muzzle > H2:What it does > H2:Why it belongs in Kujo > H2:Operating boundary > H2:Learn more > H2:Source and catalog,156,en,,,Kujo Team,no,Organization|SoftwareSourceCode,6,31,8,0,NOT AVAILABLE — DATA ACCESS REQUIRED,3,0,0,2,no,yes,no,no,a10cc3e9e0e5055af44bbc027096557b8671b976f3ca33cbed3e6f61d96195b1,
after,https://kujolang.ai/ecosystem/packwrite/,content/ecosystem/34-packwrite.md,software-detail,200,,yes,"default index,follow",https://kujolang.ai/ecosystem/packwrite/,200,PackWrite — Kujo Ecosystem | Kujolang.ai,40,"Compile project intent and bounded repository context into deterministic, validated execution packs for implementation agents and reviewers.",140,PackWrite,H2:Quick Install > H2:Give this prompt to your agent > H1:PackWrite > H2:What it does > H2:Why it belongs in Kujo > H2:Five-minute workflow > H2:What the pack contains > H2:Current 1.1 capabilities > H2:Provider and privacy boundary > H2:Operating boundary > H2:Release > H2:Learn more > H2:Source and catalog,570,en,,,Kujo Team,no,Organization|SoftwareSourceCode,6,31,10,0,NOT AVAILABLE — DATA ACCESS REQUIRED,3,0,0,2,no,yes,no,no,857536f79d14c4770d490e83f3dff0df4b279ebfdf528d5908e96c81b02e390a,
after,https://kujolang.ai/ecosystem/paperclip/,content/ecosystem/55-paperclip.md,software-detail,200,,yes,"default index,follow",https://kujolang.ai/ecosystem/paperclip/,200,"Kujo for Paperclip — Context, Review, and Failure Evidence | Kujolang.ai",72,"Install the Kujo plugin for Paperclip to select focused context, review change scope, and save redacted failure evidence from the current task view.",148,Kujo for Paperclip,H2:Quick Install > H2:Give this prompt to your agent > H1:Kujo for Paperclip > H2:What it does > H2:Install it > H2:A simple workflow > H2:Kujo components inside > H2:Operating boundary > H2:Learn more > H2:Source and catalog,417,en,,,Kujo Team,no,Organization|SoftwareSourceCode,6,31,12,0,NOT AVAILABLE — DATA ACCESS REQUIRED,3,0,0,2,no,yes,no,no,3ffe895945b83ee5a299346aec8af5c41b217e3cd130221d26d17fb3ac6f32a0,
after,https://kujolang.ai/ecosystem/patchbrief/,content/ecosystem/26-patchbrief.md,software-detail,200,,yes,"default index,follow",https://kujolang.ai/ecosystem/patchbrief/,200,PatchBrief — Kujo Ecosystem | Kujolang.ai,41,"Deterministic git-diff summaries, implementation handoffs, changed-file risk notes, reviewer context, and suggested tests.",122,PatchBrief,H2:Quick Install > H2:Give this prompt to your agent > H1:PatchBrief > H2:What it does > H2:Why it belongs in Kujo > H2:Operating boundary > H2:Learn more > H2:Source and catalog,151,en,,,Kujo Team,no,Organization|SoftwareSourceCode,6,31,8,0,NOT AVAILABLE — DATA ACCESS REQUIRED,3,0,0,2,no,yes,no,no,5ae28eb460a365a6b28a8e154d157ee293706c21a40265d4f22f290ee6ecb1ca,
after,https://kujolang.ai/ecosystem/presswire/,content/ecosystem/51-presswire.md,software-detail,200,,yes,"default index,follow",https://kujolang.ai/ecosystem/presswire/,200,PressWire — Kujo Ecosystem | Kujolang.ai,40,"A local-first Kujo tool for approval-gated publication effects, receipts, corrections, and idempotent delivery.",111,PressWire,H2:Quick Install > H2:Give this prompt to your agent > H1:PressWire > H2:What it does > H2:Approval-gated delivery > H2:Why it belongs in Kujo > H2:Operating boundary > H2:Learn more > H2:Source and catalog,228,en,,,Kujo Team,no,Organization|SoftwareSourceCode,6,31,8,0,NOT AVAILABLE — DATA ACCESS REQUIRED,3,0,0,2,no,yes,no,no,ab835a71f113b98a3dc4b10e7fe6edfcb441b8a26bfc119875c08f157bedbdcd,
after,https://kujolang.ai/ecosystem/primitives/,templates/page-ecosystem-section.html,collection,200,,yes,"default index,follow",https://kujolang.ai/ecosystem/primitives/,200,Primitives ecosystem | Kujolang.ai,34,"Build from the Kujo language, package foundation, runtimes, SDKs, and reusable components designed for explicit, inspectable AI-native software.",144,Primitives,H2:Quick Install > H2:Give this prompt to your agent > H1:Primitives > H2:Primitive catalog > H2:Kujo > H2:Kennel > H2:Spec > H2:Eval > H2:Scout > H2:Dispatch > H2:Ability > H2:MCP > H2:RAG > H2:AI SDK > H2:Agents SDK > H2:Scent > H2:Fence > H2:Watchdog > H2:Leash,371,en,,,Kujo Team,no,CollectionPage|Organization,498,76,7,0,NOT AVAILABLE — DATA ACCESS REQUIRED,18,0,0,1,no,yes,no,no,95bf365f4cf6917ef86e0141a868610588a69b5c85c09dc1d9bf5f4934312634,
after,https://kujolang.ai/ecosystem/rag/,content/ecosystem/17-rag.md,software-detail,200,,yes,"default index,follow",https://kujolang.ai/ecosystem/rag/,200,RAG — Kujo Ecosystem | Kujolang.ai,34,"A local retrieval kit for ingest, parsing, chunking, embeddings, hybrid search, namespaces, citations, query APIs, and starter templates.",137,RAG,H2:Quick Install > H2:Give this prompt to your agent > H1:RAG > H2:What it does > H2:Why it belongs in Kujo > H2:Operating boundary > H2:Learn more > H2:Source and catalog,171,en,,,Kujo Team,no,Organization|SoftwareSourceCode,6,31,8,0,NOT AVAILABLE — DATA ACCESS REQUIRED,3,0,0,2,no,yes,no,no,34adb34d6d412b5673ad299d917fd5258a57b486b7440c5662b37b0a32f4cfaf,
after,https://kujolang.ai/ecosystem/readersignal/,content/ecosystem/52-readersignal.md,software-detail,200,,yes,"default index,follow",https://kujolang.ai/ecosystem/readersignal/,200,ReaderSignal — Kujo Ecosystem | Kujolang.ai,43,"A local-first measurement ledger for privacy-bounded audience snapshots, feedback, comparisons, and evidence-linked learning.",125,ReaderSignal,H2:Quick Install > H2:Give this prompt to your agent > H1:ReaderSignal > H2:What it does > H2:Comparable evidence > H2:Why it belongs in Kujo > H2:Operating boundary > H2:Learn more > H2:Source and catalog,234,en,,,Kujo Team,no,Organization|SoftwareSourceCode,6,31,8,0,NOT AVAILABLE — DATA ACCESS REQUIRED,3,0,0,2,no,yes,no,no,4e31f87b0995860b1fa7ed8b083f6e0cdb644dbcf5ab9c5cef42ebac041f5deb,
after,https://kujolang.ai/ecosystem/redact/,content/ecosystem/36-redact.md,software-detail,200,,yes,"default index,follow",https://kujolang.ai/ecosystem/redact/,200,Redact — Kujo Ecosystem | Kujolang.ai,37,"Deterministic, local-first redaction for Markdown and text files using explicit policies, pattern detectors, transformations, leakage checks, and audit artifacts.",162,Redact,H2:Quick Install > H2:Give this prompt to your agent > H1:Redact > H2:What it does > H2:Reviewable output > H2:Why it belongs in Kujo > H2:Operating boundary > H2:Learn more > H2:Source and catalog,253,en,,,Kujo Team,no,Organization|SoftwareSourceCode,6,31,8,0,NOT AVAILABLE — DATA ACCESS REQUIRED,3,0,0,2,no,yes,no,no,1d75543272afb6d7e01e8c0a9e2b1334b74f7307082d6137bfffacde808e6517,
after,https://kujolang.ai/ecosystem/relay/,content/ecosystem/46-relay.md,software-detail,200,,yes,"default index,follow",https://kujolang.ai/ecosystem/relay/,200,Relay — Kujo Ecosystem | Kujolang.ai,36,"A local, operator-controlled composition and execution layer for bounded agent missions, policy-checked tools, and verifiable evidence.",135,Relay,H2:Quick Install > H2:Give this prompt to your agent > H1:Relay > H2:What it does > H2:Policy-bound execution > H2:Durable mission evidence > H2:Why it belongs in Kujo > H2:Operating boundary > H2:Learn more > H2:Source and catalog,360,en,,,Kujo Team,no,Organization|SoftwareSourceCode,9,31,8,0,NOT AVAILABLE — DATA ACCESS REQUIRED,3,0,0,2,no,yes,no,no,330148db6a5023539dce8397225701420fedf354bbaaf1eaec723a95fd8b9da0,
after,https://kujolang.ai/ecosystem/runledger/,content/ecosystem/21-runledger.md,software-detail,200,,yes,"default index,follow",https://kujolang.ai/ecosystem/runledger/,200,RunLedger — Kujo Ecosystem | Kujolang.ai,40,"Durable receipts for tasks, models, providers, git state, changed files, usage, cost, verdicts, follow-ups, comparisons, and reports.",133,RunLedger,H2:Quick Install > H2:Give this prompt to your agent > H1:RunLedger > H2:What it does > H2:Why it belongs in Kujo > H2:Operating boundary > H2:Learn more > H2:Source and catalog,154,en,,,Kujo Team,no,Organization|SoftwareSourceCode,6,31,8,0,NOT AVAILABLE — DATA ACCESS REQUIRED,3,0,0,2,no,yes,no,no,185d4277a1f419b195ce77143fc6e690b63c153c11fbbbc9ff28dd0d97470b81,
after,https://kujolang.ai/ecosystem/scent/,content/ecosystem/28-scent.md,software-detail,200,,yes,"default index,follow",https://kujolang.ai/ecosystem/scent/,200,Scent — Kujo Ecosystem | Kujolang.ai,36,"Bounded task context packs with Markdown, JSON, manifests, selected files, changed-file focus, token budgets, and redaction records.",132,Scent,H2:Quick Install > H2:Give this prompt to your agent > H1:Scent > H2:What it does > H2:Why it belongs in Kujo > H2:Operating boundary > H2:Learn more > H2:Source and catalog,156,en,,,Kujo Team,no,Organization|SoftwareSourceCode,6,31,8,0,NOT AVAILABLE — DATA ACCESS REQUIRED,3,0,0,2,no,yes,no,no,0194283852ffb42e3d7a22940ba2ca3ce2ed065b3d5066c197057cf96627f626,
after,https://kujolang.ai/ecosystem/scout/,content/ecosystem/29-scout.md,software-detail,200,,yes,"default index,follow",https://kujolang.ai/ecosystem/scout/,200,Scout — Kujo Ecosystem | Kujolang.ai,36,"Repository intelligence packs with trees, languages, dependencies, routes, security signals, llms.txt, checklists, and structured indexes.",138,Scout,H2:Quick Install > H2:Give this prompt to your agent > H1:Scout > H2:What it does > H2:Why it belongs in Kujo > H2:Operating boundary > H2:Learn more > H2:Source and catalog,148,en,,,Kujo Team,no,Organization|SoftwareSourceCode,6,31,8,0,NOT AVAILABLE — DATA ACCESS REQUIRED,3,0,0,2,no,yes,no,no,8c1922c4c7d5e0dd4c16bc9445943a0ee59706c0a0b5dade02f7a3888f6195f3,
after,https://kujolang.ai/ecosystem/searchbridge/,content/ecosystem/39-searchbridge.md,software-detail,200,,yes,"default index,follow",https://kujolang.ai/ecosystem/searchbridge/,200,SearchBridge — Kujo Ecosystem | Kujolang.ai,43,"A normalized external-data layer for search, analytics, page performance, field data, backlinks, keyword evidence, and explicit index submission.",145,SearchBridge,H2:Quick Install > H2:Give this prompt to your agent > H1:SearchBridge > H2:What it does > H2:Capability-scoped providers > H2:Why it belongs in Kujo > H2:Operating boundary > H2:Learn more > H2:Source and catalog,338,en,,,Kujo Team,no,Organization|SoftwareSourceCode,6,31,11,0,NOT AVAILABLE — DATA ACCESS REQUIRED,3,0,0,2,no,yes,no,no,d69e887d5f90fdffd020e67e3fa01394777efc041f9ea30b7e33505da448986e,
after,https://kujolang.ai/ecosystem/shipcheck/,content/ecosystem/24-shipcheck.md,software-detail,200,,yes,"default index,follow",https://kujolang.ai/ecosystem/shipcheck/,200,ShipCheck — Kujo Ecosystem | Kujolang.ai,40,"Release-readiness scans, checklists, gates, release-note drafts, Markdown and JSON reports, and deterministic verdict semantics.",128,ShipCheck,H2:Quick Install > H2:Give this prompt to your agent > H1:ShipCheck > H2:What it does > H2:Why it belongs in Kujo > H2:Operating boundary > H2:Learn more > H2:Source and catalog,152,en,,,Kujo Team,no,Organization|SoftwareSourceCode,6,31,8,0,NOT AVAILABLE — DATA ACCESS REQUIRED,3,0,0,2,no,yes,no,no,1a54081487e18fea3ac19daea6b821a00138a33e68bfbe4016fd4200f21d8d01,
after,https://kujolang.ai/ecosystem/showcase/,templates/page-ecosystem-section.html,collection,200,,yes,"default index,follow",https://kujolang.ai/ecosystem/showcase/,200,Showcase ecosystem | Kujolang.ai,32,"Explore complete, inspectable applications that demonstrate how Kujo projects fit together across APIs, content systems, retrieval, chat, and agent workflows.",158,Showcase,H2:Quick Install > H2:Give this prompt to your agent > H1:Showcase > H2:Showcase catalog > H2:CMS > H2:CRUD API Showcase > H2:AI Chat > H2:SSG > H2:TotalRecall > H2:Tribunal > H2:Relay,223,en,,,Kujo Team,no,CollectionPage|Organization,490,52,7,0,NOT AVAILABLE — DATA ACCESS REQUIRED,10,0,0,1,no,yes,no,no,aa8c3663b0ad16d093bd9680cdfee2dfb19717a982263d9b38748a025f9ef470,
after,https://kujolang.ai/ecosystem/sitekit/,content/ecosystem/37-sitekit.md,software-detail,200,,yes,"default index,follow",https://kujolang.ai/ecosystem/sitekit/,200,SiteKit — Kujo Ecosystem | Kujolang.ai,38,"A source-driven design system for accessible, semantic, token-based static websites and web interfaces.",103,SiteKit,H2:Quick Install > H2:Give this prompt to your agent > H1:SiteKit > H2:What it does > H2:Built for durable pages > H2:Why it belongs in Kujo > H2:Operating boundary > H2:Learn more > H2:Source and catalog,269,en,,,Kujo Team,no,Organization|SoftwareSourceCode,6,31,8,0,NOT AVAILABLE — DATA ACCESS REQUIRED,3,0,0,2,no,yes,no,no,3f483428b335a4b55d3731b711363c71418eb26655b24299d3ad6dde093984b7,
after,https://kujolang.ai/ecosystem/siteprobe/,content/ecosystem/40-siteprobe.md,software-detail,200,,yes,"default index,follow",https://kujolang.ai/ecosystem/siteprobe/,200,SiteProbe — Native Kujo Website Crawler | Kujolang.ai,53,"Native Kujo website crawling with bounded same-origin requests, robots enforcement, signed artifacts, and deterministic comparisons.",132,SiteProbe,H2:Quick Install > H2:Give this prompt to your agent > H1:SiteProbe > H2:What it does > H2:Bounded crawl evidence > H2:Install and verify > H2:Why it belongs in Kujo > H2:Operating boundary > H2:Learn more > H2:Source and catalog,403,en,,,Kujo Team,no,Organization|SoftwareSourceCode,6,31,13,0,NOT AVAILABLE — DATA ACCESS REQUIRED,3,0,0,2,no,yes,no,no,e9a64e56cd3c5e4db0ba97ff83a545084e49c6b548aefe5be05b8d1b4661c627,
after,https://kujolang.ai/ecosystem/skills/,generated route,collection,200,,yes,"default index,follow",https://kujolang.ai/ecosystem/skills/,200,Skills | Kujolang.ai,20,"Browse 135 Kujo Agent Skills for development, WebOps, VideoOps, and HyperFrames video creation, with source-backed guidance and installation instructions.",154,Skills,H2:Quick Install > H2:Give this prompt to your agent > H1:Skills > H2:Make videos with your coding agent > H2:Skill catalog > H2:Agents SDK > H2:Kujo AI Chat > H2:Kujo AI SDK > H2:Kujo AssetWorks > H2:Kujo Backlog Normalizer > H2:Kujo Benchmarks Capsule > H2:Kujo BluePencil > H2:Kujo Casefile > H2:Kujo ChangeBucket > H2:Kujo CLI Contracts > H2:Kujo CMS > H2:Kujo Concord > H2:Kujo ContentGraph > H2:Kujo Core Language > H2:Kujo Cross-Repo Dogfood Runner > H2:Kujo CRUD API > H2:Kujo Dependabot Alert Triage > H2:Kujo Dispatch > H2:Kujo DocGen And DocsGen > H2:Kujo DocGen Public Docs Refresh > H2:Kujo Docs Drift Auditor > H2:Kujo Dossier > H2:Kujo Ecosystem Launch > H2:Kujo Enterprise Automation > H2:Kujo Eval > H2:Kujo Fence > H2:Kujo GalleyPack > H2:Kujo Howl > H2:Kujo Kennel > H2:Kujo Language Implementation > H2:Kujo Lens > H2:Kujo Loop Engineering > H2:Kujo Maintainer Review > H2:Kujo MCP > H2:Kujo Muzzle > H2:Kujo PackWrite > H2:Kujo PatchBrief > H2:Kujo PressWire > H2:Kujo Publishing House > H2:Kujo RAG > H2:Kujo ReaderSignal > H2:Kujo Readiness Auditor > H2:Kujo Redact > H2:Kujo Relay > H2:Kujo Release Gate Runner > H2:Kujo release video > H2:Kujo RunLedger > H2:Kujo Runtime Parity > H2:Kujo Scent > H2:Kujo Scout > H2:Kujo SearchBridge > H2:Kujo Security Hardening > H2:Kujo ShipCheck > H2:Kujo SiteKit Repository > H2:Kujo SiteKit > H2:Kujo Siteprobe > H2:Kujo Skill Auditor > H2:Kujo Spec > H2:Kujo SSG > H2:Kujo Standard Library > H2:Kujo StoryDesk > H2:Kujo Testing And Release Gates > H2:Kujo Tool Building > H2:Kujo Tribunal > H2:Kujo VersionSeal > H2:Kujo video styles > H2:Kujo VideoOps > H2:Kujo Watchdog > H2:Kujo Way Development > H2:Kujo Workcell > H2:Publishing House Profile Setup > H2:Publishing House Quality Calibration > H2:VideoOps actionable fix writing > H2:VideoOps approval decision > H2:VideoOps asset manifest maintenance > H2:VideoOps asset requirement specification > H2:VideoOps asset rights triage > H2:VideoOps audio sync > H2:VideoOps audio visual review > H2:VideoOps brand style translation > H2:VideoOps first party asset discovery > H2:VideoOps fix list application > H2:VideoOps generated asset manifesting > H2:VideoOps generated motion production > H2:VideoOps generated still production > H2:VideoOps generation handoff > H2:VideoOps generation variant selection > H2:VideoOps hyperframes project bootstrap > H2:VideoOps kinetic typography > H2:VideoOps lens product capture > H2:VideoOps licensed media research > H2:VideoOps media compositing > H2:VideoOps media normalization > H2:VideoOps media provider execution > H2:VideoOps motion quality review > H2:VideoOps pacing analysis > H2:VideoOps platform duration planning > H2:VideoOps render validation > H2:VideoOps shader and transition selection > H2:VideoOps shot context generation > H2:VideoOps shot list to timeline > H2:VideoOps shot planning > H2:VideoOps technical render review > H2:VideoOps transcript and onscreen copy > H2:VideoOps video brief synthesis > H2:VideoOps video spec comparison > H2:VideoOps visual hierarchy review > H2:VideoOps visual reference decomposition > H2:WebOps Accessibility Review > H2:WebOps AI Search Visibility > H2:WebOps Analytics Analysis > H2:WebOps Backlink And Mention Analysis > H2:WebOps Cannibalization > H2:WebOps Capability Preflight > H2:WebOps Competitor Intelligence > H2:WebOps Content Accuracy > H2:WebOps Content Decay > H2:WebOps Content Gap > H2:WebOps Content Portfolio > H2:WebOps Content Pruning > H2:WebOps Distribution > H2:WebOps Indexation > H2:WebOps Information Architecture > H2:WebOps Internal Linking > H2:WebOps Keyword Opportunity > H2:WebOps Link Health > H2:WebOps Longitudinal Findings > H2:WebOps Reporting > H2:WebOps Schema And Metadata > H2:WebOps Search Performance > H2:WebOps Search Standards Watch > H2:WebOps Search Submission > H2:WebOps Site Profile > H2:WebOps Technical SEO > H2:WebOps Web Performance,2775,en,,,Kujo Team,no,CollectionPage|Organization,618,438,9,0,NOT AVAILABLE — DATA ACCESS REQUIRED,138,0,0,1,no,yes,no,no,52eb89ab13439d3ec2586a7afef911e75b6ac5934a5adc1a423ff3d31730fc8e,
after,https://kujolang.ai/ecosystem/skills/kujo-agents-sdk-workflows/,content/skills/001-kujo-agents-sdk-workflows.md,software-detail,200,,yes,"default index,follow",https://kujolang.ai/ecosystem/skills/kujo-agents-sdk-workflows/,200,Agents SDK — Kujo Agent Skill | Kujolang.ai,43,"Use this skill when working on Kujo Agents SDK runtime primitives, examples, offline fixtures, agent runners, tools, portable Ability projection/gateway tools, approvals, handoffs, tracing, Watchdog telemetry, artifact/session/memory stores, retrieval providers, integration adapters, MCP 2026 helpers, budget limits, no-network harnesses, or `agents-sdk` source/test changes.",376,Agents SDK,H2:Quick Install > H2:Give this prompt to your agent > H1:Agents SDK > H2:What it covers > H2:Released guidance > H2:Release boundary > H2:Source > H2:Source and catalog,352,en,,,Kujo Team,no,Organization|SoftwareSourceCode,6,31,10,0,NOT AVAILABLE — DATA ACCESS REQUIRED,3,0,0,2,no,yes,no,no,65587244ce28e0433d2ff8c4781c92cfd818e7f8f0e6d375b46243967e5ff390,
after,https://kujolang.ai/ecosystem/skills/kujo-ai-chat-workflows/,content/skills/002-kujo-ai-chat-workflows.md,software-detail,200,,yes,"default index,follow",https://kujolang.ai/ecosystem/skills/kujo-ai-chat-workflows/,200,Kujo AI Chat — Kujo Agent Skill | Kujolang.ai,45,"Use this skill when running, configuring, testing, extending, or maintaining the AI Chat local multi-provider chat app: `npm run dev`, `npm run smoke`, SQLite chat state, provider profiles, encrypted API keys, SSE streaming, transcription, `bridge_chat.kujo`, HTTP/API contracts, scheduled automations, provider-neutral tools, smoke tests, or `ai-chat` source/docs changes.",373,Kujo AI Chat,H2:Quick Install > H2:Give this prompt to your agent > H1:Kujo AI Chat > H2:What it covers > H2:Released guidance > H2:Release boundary > H2:Source > H2:Source and catalog,392,en,,,Kujo Team,no,Organization|SoftwareSourceCode,6,31,10,0,NOT AVAILABLE — DATA ACCESS REQUIRED,3,0,0,2,no,yes,no,no,bdf4058d197b04477d177fd3cc138f5a09a3ac79933c94adc32614cbcd926ae5,
after,https://kujolang.ai/ecosystem/skills/kujo-ai-sdk-workflows/,content/skills/003-kujo-ai-sdk-workflows.md,software-detail,200,,yes,"default index,follow",https://kujolang.ai/ecosystem/skills/kujo-ai-sdk-workflows/,200,Kujo AI SDK — Kujo Agent Skill | Kujolang.ai,44,"Use this skill when building, testing, integrating, or maintaining Kujo AI SDK provider primitives: OpenAI-compatible chat/embeddings contracts, native provider drivers, provider presets, model catalogs, fixture mode, streaming callbacks, retries/backoff, redaction, live provider smoke tests, Watchdog telemetry bridge examples, benchmark quality gates, release gates, provider package contracts, or `ai-sdk` source/docs changes.",430,Kujo AI SDK,H2:Quick Install > H2:Give this prompt to your agent > H1:Kujo AI SDK > H2:What it covers > H2:Released guidance > H2:Release boundary > H2:Source > H2:Source and catalog,340,en,,,Kujo Team,no,Organization|SoftwareSourceCode,6,31,10,0,NOT AVAILABLE — DATA ACCESS REQUIRED,3,0,0,2,no,yes,no,no,f23e10d466a3d1146f0d8eae35d0fa549027316de67ab81f5b9d0f4a22b350ce,
after,https://kujolang.ai/ecosystem/skills/kujo-assetworks-workflows/,content/skills/004-kujo-assetworks-workflows.md,software-detail,200,,yes,"default index,follow",https://kujolang.ai/ecosystem/skills/kujo-assetworks-workflows/,200,Kujo AssetWorks — Kujo Agent Skill | Kujolang.ai,48,"Use when operating or maintaining AssetWorks media production: asset plans, deterministic probes, render/convert/resize adapters, captions, transcripts, thumbnails, accessibility records, provenance, rights references, checksums, manifests, signed exports, FFmpeg/image adapter conformance, or AssetWorks CLI/source/tests.",322,Kujo AssetWorks,H2:Quick Install > H2:Give this prompt to your agent > H1:Kujo AssetWorks > H2:What it covers > H2:Released guidance > H2:Release boundary > H2:Source > H2:Source and catalog,208,en,,,Kujo Team,no,Organization|SoftwareSourceCode,6,31,10,0,NOT AVAILABLE — DATA ACCESS REQUIRED,3,0,0,2,no,yes,no,no,c4b15c08e55352b0986d835f9603b99ec5c93361fac05517238da7000fea1f97,
after,https://kujolang.ai/ecosystem/skills/kujo-backlog-normalizer/,content/skills/005-kujo-backlog-normalizer.md,software-detail,200,,yes,"default index,follow",https://kujolang.ai/ecosystem/skills/kujo-backlog-normalizer/,200,Kujo Backlog Normalizer — Kujo Agent Skill | Kujolang.ai,56,"Use this skill when converting Kujo audit findings, drift reports, release blockers, DocGen gaps, Dependabot/security triage, or recurring automation output into fix-ready backlog tasks using Scout, PatchBrief, ChangeBucket, Spec, ShipCheck, DocGen evidence, and RunLedger context.",281,Kujo Backlog Normalizer,H2:Quick Install > H2:Give this prompt to your agent > H1:Kujo Backlog Normalizer > H2:What it covers > H2:Released guidance > H2:Release boundary > H2:Source > H2:Source and catalog,263,en,,,Kujo Team,no,Organization|SoftwareSourceCode,6,31,10,0,NOT AVAILABLE — DATA ACCESS REQUIRED,3,0,0,2,no,yes,no,no,932a3691858d6cc2d98525b191216edc2b3fd739882010669cc625fa60eea9ab,
after,https://kujolang.ai/ecosystem/skills/kujo-benchmarks-capsule-workflows/,content/skills/006-kujo-benchmarks-capsule-workflows.md,software-detail,200,,yes,"default index,follow",https://kujolang.ai/ecosystem/skills/kujo-benchmarks-capsule-workflows/,200,Kujo Benchmarks Capsule — Kujo Agent Skill | Kujolang.ai,56,"Use this skill when running, validating, comparing, or maintaining the Capsule benchmark tool: `bin/capsule`, `make`, `inspect`, `validate`, `--stable`, `--dry-run`, `capsule.json`, `capsule.md`, `manifest.json`, fixture projects, benchmark evidence, or benchmarks-capsule source/test changes.",293,Kujo Benchmarks Capsule,H2:Quick Install > H2:Give this prompt to your agent > H1:Kujo Benchmarks Capsule > H2:What it covers > H2:Released guidance > H2:Release boundary > H2:Source > H2:Source and catalog,273,en,,,Kujo Team,no,Organization|SoftwareSourceCode,6,31,10,0,NOT AVAILABLE — DATA ACCESS REQUIRED,3,0,0,2,no,yes,no,no,6253cec3fd33dc2baadd01ce459a63121c3b248dc29af597177caba193ddd555,
after,https://kujolang.ai/ecosystem/skills/kujo-bluepencil-workflows/,content/skills/007-kujo-bluepencil-workflows.md,software-detail,200,,yes,"default index,follow",https://kujolang.ai/ecosystem/skills/kujo-bluepencil-workflows/,200,Kujo BluePencil — Kujo Agent Skill | Kujolang.ai,48,"Use when operating or maintaining BluePencil editorial review and calibration: eight-dimension reviews, blockers, verdicts, reviewer disagreement, style/brand/claims/format/accessibility checks, blind calibration, signed bundles, model-adapter conformance, reports, or BluePencil CLI/source/tests.",297,Kujo BluePencil,H2:Quick Install > H2:Give this prompt to your agent > H1:Kujo BluePencil > H2:What it covers > H2:Released guidance > H2:Release boundary > H2:Source > H2:Source and catalog,205,en,,,Kujo Team,no,Organization|SoftwareSourceCode,3,31,10,0,NOT AVAILABLE — DATA ACCESS REQUIRED,3,0,0,2,no,yes,no,no,0b6276e4b4c7926b7755780eba43fdb45d7ce272bb673d6afe527673154c4414,
after,https://kujolang.ai/ecosystem/skills/kujo-casefile-workflows/,content/skills/008-kujo-casefile-workflows.md,software-detail,200,,yes,"default index,follow",https://kujolang.ai/ecosystem/skills/kujo-casefile-workflows/,200,Kujo Casefile — Kujo Agent Skill | Kujolang.ai,46,"Use this skill when capturing, reviewing, handing off, cleaning, or maintaining Casefile local failure evidence bundles: `casefile.kujo`, `casefile.toml`, `.casefile/`, `capture`, `show latest`, `list`, `doctor`, `clean`, `--from-log`, `--manual`, `--mirror-exit-code`, redaction, path safety, or Casefile CLI/tests/source changes.",331,Kujo Casefile,H2:Quick Install > H2:Give this prompt to your agent > H1:Kujo Casefile > H2:What it covers > H2:Released guidance > H2:Release boundary > H2:Source > H2:Source and catalog,258,en,,,Kujo Team,no,Organization|SoftwareSourceCode,3,31,10,0,NOT AVAILABLE — DATA ACCESS REQUIRED,3,0,0,2,no,yes,no,no,67888f1f20a54a0ccbbad5c12a4fc5ccc9d78fc86162f81e3e1ff7cdcbcfe553,
after,https://kujolang.ai/ecosystem/skills/kujo-changebucket-workflows/,content/skills/009-kujo-changebucket-workflows.md,software-detail,200,,yes,"default index,follow",https://kujolang.ai/ecosystem/skills/kujo-changebucket-workflows/,200,Kujo ChangeBucket — Kujo Agent Skill | Kujolang.ai,50,"Use this skill when measuring or enforcing code-change footprint with ChangeBucket: `changebucket`, `changebucket check`, `--json`, `--markdown`, `--output`, `--base`, `--head`, `--repo`, budget flags, risk/blast-radius reports, file-category counts, generated markdown reports, or ChangeBucket CLI/tests/source changes.",320,Kujo ChangeBucket,H2:Quick Install > H2:Give this prompt to your agent > H1:Kujo ChangeBucket > H2:What it covers > H2:Released guidance > H2:Release boundary > H2:Source > H2:Source and catalog,253,en,,,Kujo Team,no,Organization|SoftwareSourceCode,3,31,10,0,NOT AVAILABLE — DATA ACCESS REQUIRED,3,0,0,2,no,yes,no,no,e791ee91743a88165617501cea2be97e9e29ad8972f3649e861afa2674b08574,
after,https://kujolang.ai/ecosystem/skills/kujo-cli-contracts/,content/skills/010-kujo-cli-contracts.md,software-detail,200,,yes,"default index,follow",https://kujolang.ai/ecosystem/skills/kujo-cli-contracts/,200,Kujo CLI Contracts — Kujo Agent Skill | Kujolang.ai,51,"Use this skill when changing Kujo CLI output, exit codes, diagnostics, `--json` payloads, `--json-runtime-diagnostics`, LSP helper JSON, formatter/linter/docgen JSON, or automation/toolchain compatibility behavior.",214,Kujo CLI Contracts,H2:Quick Install > H2:Give this prompt to your agent > H1:Kujo CLI Contracts > H2:What it covers > H2:Released guidance > H2:Release boundary > H2:Source > H2:Source and catalog,207,en,,,Kujo Team,no,Organization|SoftwareSourceCode,3,31,10,0,NOT AVAILABLE — DATA ACCESS REQUIRED,3,0,0,2,no,yes,no,no,a6fa2f3965740fa1bbf068cdb5d7e6c93e0fca63fdb91768874e5e0e2b440f6f,
after,https://kujolang.ai/ecosystem/skills/kujo-cms-workflows/,content/skills/011-kujo-cms-workflows.md,software-detail,200,,yes,"default index,follow",https://kujolang.ai/ecosystem/skills/kujo-cms-workflows/,200,Kujo CMS — Kujo Agent Skill | Kujolang.ai,41,"Use this skill when running, validating, extending, or maintaining the Kujo CMS server-first showcase: `backend/runtime/main.kujo`, content models, delivery/discovery routes, auth/admin/session boundaries, WebMCP, Abilities/API connectors, extension packages, SEO/content/media workflows, contract tests, startup compatibility, webhook/background jobs, migration safety, backup/restore, release gates, or `cms` source/docs changes.",431,Kujo CMS,H2:Quick Install > H2:Give this prompt to your agent > H1:Kujo CMS > H2:What it covers > H2:Released guidance > H2:CMS release capabilities > H2:Release boundary > H2:Source > H2:Source and catalog,385,en,,,Kujo Team,no,Organization|SoftwareSourceCode,3,31,10,0,NOT AVAILABLE — DATA ACCESS REQUIRED,3,0,0,2,no,yes,no,no,3d94984014df38afceaba200edf12aeb1a0303e1fc3e67e8a2877bdf62553c57,
after,https://kujolang.ai/ecosystem/skills/kujo-concord-workflows/,content/skills/012-kujo-concord-workflows.md,software-detail,200,,yes,"default index,follow",https://kujolang.ai/ecosystem/skills/kujo-concord-workflows/,200,Kujo Concord — Kujo Agent Skill | Kujolang.ai,45,"Use this skill when scanning, reporting, triaging, or maintaining Concord artifact-drift checks for Kujo ecosystem repositories: `concord scan`, `check`, `report`, `tasks`, `--format json`, `--output`, CLI/docs drift, Spec/Eval alignment, manifest/docs alignment, version consistency, example validity, source-of-truth findings, `.dogfood/concord/` outputs, or Concord CLI/source/test changes.",393,Kujo Concord,H2:Quick Install > H2:Give this prompt to your agent > H1:Kujo Concord > H2:What it covers > H2:Released guidance > H2:Release boundary > H2:Source > H2:Source and catalog,302,en,,,Kujo Team,no,Organization|SoftwareSourceCode,3,31,10,0,NOT AVAILABLE — DATA ACCESS REQUIRED,3,0,0,2,no,yes,no,no,bf1ca6eef67ab133553435aca42f691c5156f11331a96657156ff74f8bcc031a,
after,https://kujolang.ai/ecosystem/skills/kujo-contentgraph-workflows/,content/skills/013-kujo-contentgraph-workflows.md,software-detail,200,,yes,"default index,follow",https://kujolang.ai/ecosystem/skills/kujo-contentgraph-workflows/,200,Kujo ContentGraph — Kujo Agent Skill | Kujolang.ai,50,"Use when building, inspecting, comparing, explaining, analyzing, exporting, or consuming deterministic ContentGraph artifacts, incremental graph caches, link-opportunity reports, GraphML/SARIF exports, or ContentGraph source/tests.",231,Kujo ContentGraph,H2:Quick Install > H2:Give this prompt to your agent > H1:Kujo ContentGraph > H2:What it covers > H2:Released guidance > H2:Release boundary > H2:Source > H2:Source and catalog,203,en,,,Kujo Team,no,Organization|SoftwareSourceCode,3,31,10,0,NOT AVAILABLE — DATA ACCESS REQUIRED,3,0,0,2,no,yes,no,no,86af0ae7610828d5541d4a75e9e3cddfbd1907a659bd5097506a1335f2419671,
after,https://kujolang.ai/ecosystem/skills/kujo-core-language/,content/skills/014-kujo-core-language.md,software-detail,200,,yes,"default index,follow",https://kujolang.ai/ecosystem/skills/kujo-core-language/,200,Kujo Core Language — Kujo Agent Skill | Kujolang.ai,51,"Use this skill when writing, editing, explaining, or reviewing Kujo `.kujo` source code, including syntax, bindings, imports, functions, control flow, collections, truthiness, runtime errors, and VM-first execution defaults.",224,Kujo Core Language,H2:Quick Install > H2:Give this prompt to your agent > H1:Kujo Core Language > H2:What it covers > H2:Released guidance > H2:Release boundary > H2:Source > H2:Source and catalog,260,en,,,Kujo Team,no,Organization|SoftwareSourceCode,3,31,10,0,NOT AVAILABLE — DATA ACCESS REQUIRED,3,0,0,2,no,yes,no,no,2b8b9e0f28f383a1a032d70716e6187cb0796760c96072af7306e0663dd522e9,
after,https://kujolang.ai/ecosystem/skills/kujo-cross-repo-dogfood-runner/,content/skills/015-kujo-cross-repo-dogfood-runner.md,software-detail,200,,yes,"default index,follow",https://kujolang.ai/ecosystem/skills/kujo-cross-repo-dogfood-runner/,200,Kujo Cross-Repo Dogfood Runner — Kujo Agent Skill | Kujolang.ai,63,"Use this skill when running recurring cross-repo Kujo dogfood checks, weekly/monthly ecosystem automation, tool interoperability audits, or multi-repo evidence collection using Concord, Fence, Scout, ChangeBucket, PatchBrief, Scent, RunLedger, Casefile, DocGen, and Muzzle.",273,Kujo Cross-Repo Dogfood Runner,H2:Quick Install > H2:Give this prompt to your agent > H1:Kujo Cross-Repo Dogfood Runner > H2:What it covers > H2:Released guidance > H2:Release boundary > H2:Source > H2:Source and catalog,258,en,,,Kujo Team,no,Organization|SoftwareSourceCode,3,31,10,0,NOT AVAILABLE — DATA ACCESS REQUIRED,3,0,0,2,no,yes,no,no,b290b2208b83e310ad4da167d092b4ef85e3ea7e48727b52319dee8ca8a0fef1,
after,https://kujolang.ai/ecosystem/skills/kujo-crud-api-workflows/,content/skills/016-kujo-crud-api-workflows.md,software-detail,200,,yes,"default index,follow",https://kujolang.ai/ecosystem/skills/kujo-crud-api-workflows/,200,Kujo CRUD API — Kujo Agent Skill | Kujolang.ai,46,"Use this skill when running, testing, extending, or maintaining the CRUD API showcase: `main.kujo`, SQLite item/project APIs, Next.js playground, auth strategies, smoke tests, frontend lint/build, DR/performance drills, API contracts, release checklist, or `crud-api` source/docs changes.",288,Kujo CRUD API,H2:Quick Install > H2:Give this prompt to your agent > H1:Kujo CRUD API > H2:What it covers > H2:Released guidance > H2:Release boundary > H2:Source > H2:Source and catalog,262,en,,,Kujo Team,no,Organization|SoftwareSourceCode,3,31,10,0,NOT AVAILABLE — DATA ACCESS REQUIRED,3,0,0,2,no,yes,no,no,1687f8a260a9b2abc9fb8161e877ad777bcb6657577f8f72a9a9d464c9d52e5d,
after,https://kujolang.ai/ecosystem/skills/kujo-dependabot-alert-triage/,content/skills/017-kujo-dependabot-alert-triage.md,software-detail,200,,yes,"default index,follow",https://kujolang.ai/ecosystem/skills/kujo-dependabot-alert-triage/,200,Kujo Dependabot Alert Triage — Kujo Agent Skill | Kujolang.ai,61,"Use this skill when triaging GitHub Dependabot or security alerts across Kujo repos, summarizing affected repositories/packages/severity/status/patched versions/PR state/next actions, creating fix-ready tasks, or maintaining a Strata running list. Do not dismiss alerts or mutate GitHub security state without explicit authorization.",333,Kujo Dependabot Alert Triage,H2:Quick Install > H2:Give this prompt to your agent > H1:Kujo Dependabot Alert Triage > H2:What it covers > H2:Released guidance > H2:Release boundary > H2:Source > H2:Source and catalog,279,en,,,Kujo Team,no,Organization|SoftwareSourceCode,3,31,10,0,NOT AVAILABLE — DATA ACCESS REQUIRED,3,0,0,2,no,yes,no,no,51336f0ce3b50bc57a9d61a362cc8243b9d69eda921ba0c59663b0b6f68626f8,
after,https://kujolang.ai/ecosystem/skills/kujo-dispatch-workflows/,content/skills/018-kujo-dispatch-workflows.md,software-detail,200,,yes,"default index,follow",https://kujolang.ai/ecosystem/skills/kujo-dispatch-workflows/,200,Kujo Dispatch — Kujo Agent Skill | Kujolang.ai,46,"Use this skill when running, inspecting, extending, or maintaining Dispatch reliable AI workflow orchestration: `dispatch.kujo`, `kujo run dispatch.kujo`, `demo`, `validate`, `explain-route`, `resume`, `templates`, `runs`, `show`, `inspect`, `doctor`, `cleanup`, `export-run`, `import-run`, workflow templates, declarative workflow files, plugins, approval gates, trace/report/state artifacts, tool policy profiles, bundle signing, offline fixture runs, SDK bridge integration, or Dispatch CLI/tests/source changes.",515,Kujo Dispatch,H2:Quick Install > H2:Give this prompt to your agent > H1:Kujo Dispatch > H2:What it covers > H2:Released guidance > H2:Release boundary > H2:Source > H2:Source and catalog,322,en,,,Kujo Team,no,Organization|SoftwareSourceCode,3,31,10,0,NOT AVAILABLE — DATA ACCESS REQUIRED,3,0,0,2,no,yes,no,no,a5c89454ad90399ce46009eacd2eee6ab1a147fc6c4c0e5c04597d8e086314b3,
after,https://kujolang.ai/ecosystem/skills/kujo-docgen-agent-readable/,content/skills/019-kujo-docgen-agent-readable.md,software-detail,200,,yes,"default index,follow",https://kujolang.ai/ecosystem/skills/kujo-docgen-agent-readable/,200,Kujo DocGen And DocsGen — Kujo Agent Skill | Kujolang.ai,56,"Use this skill when working on Kujo DocGen/DocsGen (`kujo docgen`), generated documentation, docs-as-contract surfaces, agent-readable JSON/gap outputs, documentation coverage gates, public-only docs gates, link validation, adapter extraction, README/reference alignment, or example smoke policy.",296,Kujo DocGen And DocsGen,H2:Quick Install > H2:Give this prompt to your agent > H1:Kujo DocGen And DocsGen > H2:What it covers > H2:Released guidance > H2:Release boundary > H2:Source > H2:Source and catalog,249,en,,,Kujo Team,no,Organization|SoftwareSourceCode,3,31,10,0,NOT AVAILABLE — DATA ACCESS REQUIRED,3,0,0,2,no,yes,no,no,387c3a5e7ab18840cc675ada08c69834b1d9381166341081044e9fa2fc2af701,
after,https://kujolang.ai/ecosystem/skills/kujo-docgen-public-docs-refresh/,content/skills/020-kujo-docgen-public-docs-refresh.md,software-detail,200,,yes,"default index,follow",https://kujolang.ai/ecosystem/skills/kujo-docgen-public-docs-refresh/,200,Kujo DocGen Public Docs Refresh — Kujo Agent Skill | Kujolang.ai,64,"Use this skill when refreshing Kujo DocGen public docs, generated documentation, agent-readable JSON/gap outputs, coverage gates, README/reference alignment, or example smoke policy after readiness or docs-drift evidence. Use `kujo docgen` and validate before committing; do not publish or deploy without explicit supported authorization.",338,Kujo DocGen Public Docs Refresh,H2:Quick Install > H2:Give this prompt to your agent > H1:Kujo DocGen Public Docs Refresh > H2:What it covers > H2:Released guidance > H2:Release boundary > H2:Source > H2:Source and catalog,291,en,,,Kujo Team,no,Organization|SoftwareSourceCode,3,31,10,0,NOT AVAILABLE — DATA ACCESS REQUIRED,3,0,0,2,no,yes,no,no,6fe0d338c5ec2136ad5c234de391b9aa858c1f26be474416ea2525774f66d50d,
after,https://kujolang.ai/ecosystem/skills/kujo-docs-drift-auditor/,content/skills/021-kujo-docs-drift-auditor.md,software-detail,200,,yes,"default index,follow",https://kujolang.ai/ecosystem/skills/kujo-docs-drift-auditor/,200,Kujo Docs Drift Auditor — Kujo Agent Skill | Kujolang.ai,56,"Use this skill when auditing Kujo documentation drift, README/reference mismatches, generated-doc staleness, CLI/docs drift, example validity, or recurring docs health using Concord, Scout, PatchBrief, Lens, DocGen, and Muzzle evidence.",236,Kujo Docs Drift Auditor,H2:Quick Install > H2:Give this prompt to your agent > H1:Kujo Docs Drift Auditor > H2:What it covers > H2:Released guidance > H2:Release boundary > H2:Source > H2:Source and catalog,259,en,,,Kujo Team,no,Organization|SoftwareSourceCode,3,31,10,0,NOT AVAILABLE — DATA ACCESS REQUIRED,3,0,0,2,no,yes,no,no,8ca136fc3c9b54438cd2f999fffbdf1220f8cb8a8946c2e39fe593bba7731335,
after,https://kujolang.ai/ecosystem/skills/kujo-dossier-workflows/,content/skills/022-kujo-dossier-workflows.md,software-detail,200,,yes,"default index,follow",https://kujolang.ai/ecosystem/skills/kujo-dossier-workflows/,200,Kujo Dossier — Kujo Agent Skill | Kujolang.ai,45,"Use when operating or maintaining Dossier evidence ledgers: claims, sources, captured support, evidence classification, conflicts, quotations, consent, rights, freshness, verification, packets, reports, exports, encryption/signing adapters, or Dossier CLI/source/tests.",269,Kujo Dossier,H2:Quick Install > H2:Give this prompt to your agent > H1:Kujo Dossier > H2:What it covers > H2:Released guidance > H2:Release boundary > H2:Source > H2:Source and catalog,202,en,,,Kujo Team,no,Organization|SoftwareSourceCode,3,31,10,0,NOT AVAILABLE — DATA ACCESS REQUIRED,3,0,0,2,no,yes,no,no,221a9e6634e2d096724d9318e744094e3dc9c1cdb5f219f21c10e533dad7be6f,
after,https://kujolang.ai/ecosystem/skills/kujo-ecosystem-launch/,content/skills/023-kujo-ecosystem-launch.md,software-detail,200,,yes,"default index,follow",https://kujolang.ai/ecosystem/skills/kujo-ecosystem-launch/,200,Kujo Ecosystem Launch — Kujo Agent Skill | Kujolang.ai,54,"Use this skill when releasing a Kujo ecosystem tool, workflow, skill pack, or agent team and synchronizing its verified public web presence: implementation hardening, clean-install proof, version and changelog alignment, ShipCheck and repository gates, GitHub commit/tag/release operations, Kujolang.ai or agents.kujolang.ai catalog pages, Kujo dither heroes or agent portraits, Howl social cards, metadata/schema/sitemap/RSS/robots/llms.txt updates, SEO and AI-search auditing, deployment, live verification, or a release-only/site-only recovery pass.",552,Kujo Ecosystem Launch,H2:Quick Install > H2:Give this prompt to your agent > H1:Kujo Ecosystem Launch > H2:What it covers > H2:Released guidance > H2:Release boundary > H2:Source > H2:Source and catalog,277,en,,,Kujo Team,no,Organization|SoftwareSourceCode,3,31,10,0,NOT AVAILABLE — DATA ACCESS REQUIRED,3,0,0,2,no,yes,no,no,8b29908c3b68ab7a64cd1dcd563196be26e1d3365f064a2932c1c352d7b7ed24,
after,https://kujolang.ai/ecosystem/skills/kujo-enterprise-automation/,content/skills/024-kujo-enterprise-automation.md,software-detail,200,,yes,"default index,follow",https://kujolang.ai/ecosystem/skills/kujo-enterprise-automation/,200,Kujo Enterprise Automation — Kujo Agent Skill | Kujolang.ai,59,"Use this skill when designing Kujo automation for CI, policy gates, operational workflows, enterprise-safe scripting, audit logs, machine-readable reports, or capability-minimal production runs.",194,Kujo Enterprise Automation,H2:Quick Install > H2:Give this prompt to your agent > H1:Kujo Enterprise Automation > H2:What it covers > H2:Released guidance > H2:Release boundary > H2:Source > H2:Source and catalog,229,en,,,Kujo Team,no,Organization|SoftwareSourceCode,3,31,10,0,NOT AVAILABLE — DATA ACCESS REQUIRED,3,0,0,2,no,yes,no,no,c6a7249c91e5349bdf0fff0ab8d6f926c8257b1c37eaf02f8c95e6b3473677c1,
after,https://kujolang.ai/ecosystem/skills/kujo-eval-workflows/,content/skills/025-kujo-eval-workflows.md,software-detail,200,,yes,"default index,follow",https://kujolang.ai/ecosystem/skills/kujo-eval-workflows/,200,Kujo Eval — Kujo Agent Skill | Kujolang.ai,42,"Use this skill when creating, running, debugging, or maintaining Kujo Eval deterministic evaluation suites: `eval.json`, `kujo run main.kujo run`, `report`, `compare`, `lint`, `list-checks`, `snapshots`, `policy-explain`, `verify-manifest`, snapshot tests, JSON/HTTP/file/command checks, Eval artifacts, policy profiles, CI gates, or Eval CLI/source/test changes.",363,Kujo Eval,H2:Quick Install > H2:Give this prompt to your agent > H1:Kujo Eval > H2:What it covers > H2:Released guidance > H2:Release boundary > H2:Source > H2:Source and catalog,240,en,,,Kujo Team,no,Organization|SoftwareSourceCode,3,31,10,0,NOT AVAILABLE — DATA ACCESS REQUIRED,3,0,0,2,no,yes,no,no,c63bbdb15c4a1b5048b79b8ace6744017216569ca1bed96d94ab91104c8d9e8a,
after,https://kujolang.ai/ecosystem/skills/kujo-fence-workflows/,content/skills/026-kujo-fence-workflows.md,software-detail,200,,yes,"default index,follow",https://kujolang.ai/ecosystem/skills/kujo-fence-workflows/,200,Kujo Fence — Kujo Agent Skill | Kujolang.ai,43,"Use this skill when setting up, running, interpreting, integrating, or maintaining Fence architecture-boundary checks for Kujo ecosystem repositories: `fence.kujo`, `fence.toml`, `fence-baseline.json`, `init`, `validate`, `check`, `explain`, `graph`, `baseline create`, `--changed-only`, `--baseline`, JSON/Markdown/SARIF reports, CI gates, zone rules, import-boundary violations, or Fence CLI/source/test changes.",414,Kujo Fence,H2:Quick Install > H2:Give this prompt to your agent > H1:Kujo Fence > H2:What it covers > H2:Released guidance > H2:Release boundary > H2:Source > H2:Source and catalog,290,en,,,Kujo Team,no,Organization|SoftwareSourceCode,3,31,10,0,NOT AVAILABLE — DATA ACCESS REQUIRED,3,0,0,2,no,yes,no,no,6dc160a7df17b27b4f5104db008ac4608ce22ed5fe79875a6901fd96bc6a8d87,
after,https://kujolang.ai/ecosystem/skills/kujo-galleypack-workflows/,content/skills/027-kujo-galleypack-workflows.md,software-detail,200,,yes,"default index,follow",https://kujolang.ai/ecosystem/skills/kujo-galleypack-workflows/,200,Kujo GalleyPack — Kujo Agent Skill | Kujolang.ai,48,"Use when operating or maintaining GalleyPack production packages: artifact checksums, lineage, evidence/review attachments, package build/freeze, claim comparison, exact-version diff and drift validation, signed trees, archive/object-store adapters, exports, or GalleyPack CLI/source/tests.",290,Kujo GalleyPack,H2:Quick Install > H2:Give this prompt to your agent > H1:Kujo GalleyPack > H2:What it covers > H2:Released guidance > H2:Release boundary > H2:Source > H2:Source and catalog,206,en,,,Kujo Team,no,Organization|SoftwareSourceCode,3,31,10,0,NOT AVAILABLE — DATA ACCESS REQUIRED,3,0,0,2,no,yes,no,no,69cd3d0408d8f75db818042f129be137babf6271ef846ded976af6e9ca941cb3,
after,https://kujolang.ai/ecosystem/skills/kujo-howl-workflows/,content/skills/028-kujo-howl-workflows.md,software-detail,200,,yes,"default index,follow",https://kujolang.ai/ecosystem/skills/kujo-howl-workflows/,200,Kujo Howl — Kujo Agent Skill | Kujolang.ai,42,"Use this skill when creating, validating, rendering, reviewing, or maintaining Howl showcase artifacts for Kujo examples: `howl init`, `howl validate`, `howl list`, `howl show`, `howl caption`, `howl render`, `howl.json`, `examples/*.kujo`, `dist/howl/`, deterministic SVG/Markdown/HTML cards, static galleries, social captions, or Howl CLI/source/test changes.",361,Kujo Howl,H2:Quick Install > H2:Give this prompt to your agent > H1:Kujo Howl > H2:What it covers > H2:Released guidance > H2:Release boundary > H2:Source > H2:Source and catalog,291,en,,,Kujo Team,no,Organization|SoftwareSourceCode,3,31,10,0,NOT AVAILABLE — DATA ACCESS REQUIRED,3,0,0,2,no,yes,no,no,b467e5840e4a5c53b576266eb667d64342ec7654ca1db30372a39b873aad241d,
after,https://kujolang.ai/ecosystem/skills/kujo-kennel-workflows/,content/skills/029-kujo-kennel-workflows.md,software-detail,200,,yes,"default index,follow",https://kujolang.ai/ecosystem/skills/kujo-kennel-workflows/,200,Kujo Kennel — Kujo Agent Skill | Kujolang.ai,44,"Use this skill when inspecting, using, validating, or maintaining Kennel package/dependency workflows: `kennel.kujo`, package manifests, lockfiles, file dependencies, static indexes and mirrors, trust policy, source policy, semver range resolution, local hosted-registry lifecycle, install/update/validate behavior, release gates, or `kennel` source/test changes.",363,Kujo Kennel,H2:Quick Install > H2:Give this prompt to your agent > H1:Kujo Kennel > H2:What it covers > H2:Released guidance > H2:Release boundary > H2:Source > H2:Source and catalog,305,en,,,Kujo Team,no,Organization|SoftwareSourceCode,3,31,10,0,NOT AVAILABLE — DATA ACCESS REQUIRED,3,0,0,2,no,yes,no,no,dd855865451286e409485e1879f86c0de546f4c8f19e88acc30c4fb7ce6231b4,
after,https://kujolang.ai/ecosystem/skills/kujo-language-implementation/,content/skills/030-kujo-language-implementation.md,software-detail,200,,yes,"default index,follow",https://kujolang.ai/ecosystem/skills/kujo-language-implementation/,200,Kujo Language Implementation — Kujo Agent Skill | Kujolang.ai,61,"Use this skill when contributing to Kujo's Rust implementation: lexer, parser, AST, diagnostics, compiler, VM, interpreter, module loader, native functions, CLI, LSP, DocGen, JIT, or runtime security boundaries.",211,Kujo Language Implementation,H2:Quick Install > H2:Give this prompt to your agent > H1:Kujo Language Implementation > H2:What it covers > H2:Released guidance > H2:Release boundary > H2:Source > H2:Source and catalog,234,en,,,Kujo Team,no,Organization|SoftwareSourceCode,3,31,10,0,NOT AVAILABLE — DATA ACCESS REQUIRED,3,0,0,2,no,yes,no,no,4c42503e2630183a7b11c6654feffa6b4aa920082be210ab1c23e2fa92628a36,
after,https://kujolang.ai/ecosystem/skills/kujo-lens-workflows/,content/skills/031-kujo-lens-workflows.md,software-detail,200,,yes,"default index,follow",https://kujolang.ai/ecosystem/skills/kujo-lens-workflows/,200,Kujo Lens — Kujo Agent Skill | Kujolang.ai,42,"Use this skill when setting up, running, interpreting, or maintaining Lens deterministic browser and visual QA workflows: `lens check`, `lens check --quick`, `lens inspect`, `lens flow`, `.lens.toml`, `.lens/runs/`, `lens-report.json`, Agent Repair Briefs, screenshots, accessibility checks, link checks, visual baselines, CI action wiring, RunLedger/Howl output, or Lens source/test changes.",392,Kujo Lens,H2:Quick Install > H2:Give this prompt to your agent > H1:Kujo Lens > H2:What it covers > H2:Released guidance > H2:Release boundary > H2:Source > H2:Source and catalog,295,en,,,Kujo Team,no,Organization|SoftwareSourceCode,3,31,10,0,NOT AVAILABLE — DATA ACCESS REQUIRED,3,0,0,2,no,yes,no,no,f7fbfaea314fa980c6ff37e223b7f24436a1a40e8e79b3908b31e63db883e0da,
after,https://kujolang.ai/ecosystem/skills/kujo-loop-engineering-workflows/,content/skills/032-kujo-loop-engineering-workflows.md,software-detail,200,,yes,"default index,follow",https://kujolang.ai/ecosystem/skills/kujo-loop-engineering-workflows/,200,Kujo Loop Engineering — Kujo Agent Skill | Kujolang.ai,54,"Use this skill when an agent should work through a bounded engineering task in an arbitrary repository with the Kujo loop-engineering harness: repo-local `.loop-engineering/` initialization, Markdown checklist classification, scoped local fixes only, deterministic eval gates, per-iteration evidence, structured external blockers, optional small commits/pushes, optional Strata handoff, and a fixed final summary contract.",422,Kujo Loop Engineering,H2:Quick Install > H2:Give this prompt to your agent > H1:Kujo Loop Engineering > H2:What it covers > H2:Released guidance > H2:Release boundary > H2:Source > H2:Source and catalog,262,en,,,Kujo Team,no,Organization|SoftwareSourceCode,3,31,10,0,NOT AVAILABLE — DATA ACCESS REQUIRED,3,0,0,2,no,yes,no,no,6e273963754411549bea5fa01c2aa0a52a7b8b8b1a779d897245b402744e838d,
after,https://kujolang.ai/ecosystem/skills/kujo-maintainer-review/,content/skills/033-kujo-maintainer-review.md,software-detail,200,,yes,"default index,follow",https://kujolang.ai/ecosystem/skills/kujo-maintainer-review/,200,Kujo Maintainer Review — Kujo Agent Skill | Kujolang.ai,55,"Use this skill when asked to review Kujo code, PRs, patches, examples, docs, CLI changes, native API changes, security boundaries, runtime parity work, or release-readiness changes like a strict Kujo maintainer.",211,Kujo Maintainer Review,H2:Quick Install > H2:Give this prompt to your agent > H1:Kujo Maintainer Review > H2:What it covers > H2:Released guidance > H2:Release boundary > H2:Source > H2:Source and catalog,221,en,,,Kujo Team,no,Organization|SoftwareSourceCode,3,31,10,0,NOT AVAILABLE — DATA ACCESS REQUIRED,3,0,0,2,no,yes,no,no,25f4ccfab68fb39febf93945eab44dc11ba4862d5ed992971cb28a00be07fbc6,
after,https://kujolang.ai/ecosystem/skills/kujo-mcp-workflows/,content/skills/034-kujo-mcp-workflows.md,software-detail,200,,yes,"default index,follow",https://kujolang.ai/ecosystem/skills/kujo-mcp-workflows/,200,Kujo MCP — Kujo Agent Skill | Kujolang.ai,41,"Use this skill when generating, running, validating, deploying, packaging, or maintaining Kujo MCP servers and repo-specific MCP/Ability scaffolds: `mcp make`, `kujo run mcp.kujo --interpreter make`, `mcp-server.json`, MCP tool/resource registries, generated `.mcp/` outputs, `mcp.manifest.json`, repo profiles, MCP safety tiers, Ability projection/gateway/host packages, Watchdog lifecycle metadata, auth/host/request guardrails, endpoint tests, or MCP source/test changes.",474,Kujo MCP,H2:Quick Install > H2:Give this prompt to your agent > H1:Kujo MCP > H2:What it covers > H2:Released guidance > H2:Release boundary > H2:Source > H2:Source and catalog,354,en,,,Kujo Team,no,Organization|SoftwareSourceCode,3,31,10,0,NOT AVAILABLE — DATA ACCESS REQUIRED,3,0,0,2,no,yes,no,no,ab163159599e14ccfc0f42d40cdf97fb0f8202078b627aa5840f8e75b28a8303,
after,https://kujolang.ai/ecosystem/skills/kujo-muzzle-workflows/,content/skills/035-kujo-muzzle-workflows.md,software-detail,200,,yes,"default index,follow",https://kujolang.ai/ecosystem/skills/kujo-muzzle-workflows/,200,Kujo Muzzle — Kujo Agent Skill | Kujolang.ai,44,"Use this skill when setting up, running, or reviewing Muzzle quiet workflows for AI-assisted development: `muzzle init`, `.muzzle/workflows/`, `.muzzle/manifests/`, `muzzle run`, `--json`, `--verbose`, `--dry-run`, workflow logs/reports, loop mode, or Muzzle safety and output-contract changes.",294,Kujo Muzzle,H2:Quick Install > H2:Give this prompt to your agent > H1:Kujo Muzzle > H2:What it covers > H2:Released guidance > H2:Release boundary > H2:Source > H2:Source and catalog,265,en,,,Kujo Team,no,Organization|SoftwareSourceCode,3,31,10,0,NOT AVAILABLE — DATA ACCESS REQUIRED,3,0,0,2,no,yes,no,no,65db8b11c8b9d4457e8e337cddd04904226b5243f87416c1b5ab155c1ddc0839,
after,https://kujolang.ai/ecosystem/skills/kujo-packwrite-workflows/,content/skills/036-kujo-packwrite-workflows.md,software-detail,200,,yes,"default index,follow",https://kujolang.ai/ecosystem/skills/kujo-packwrite-workflows/,200,Kujo PackWrite — Kujo Agent Skill | Kujolang.ai,47,"Use this skill when generating, validating, reviewing, or maintaining PackWrite agent execution packs: `packwrite init`, `validate`, `prompt`, `config`, `doctor`, `packwrite.toml`, `MEGA_PROMPT.md`, generated `agent/` packs, model/provider setup, offline fake-response tests, or PackWrite CLI/source changes.",308,Kujo PackWrite,H2:Quick Install > H2:Give this prompt to your agent > H1:Kujo PackWrite > H2:What it covers > H2:Released guidance > H2:Release boundary > H2:Source > H2:Source and catalog,245,en,,,Kujo Team,no,Organization|SoftwareSourceCode,3,31,10,0,NOT AVAILABLE — DATA ACCESS REQUIRED,3,0,0,2,no,yes,no,no,c97fc18ddb2cf8a4424fa01eb9a98956ad6e43ee37b129d50de34ed7906e35d1,
after,https://kujolang.ai/ecosystem/skills/kujo-patchbrief-workflows/,content/skills/037-kujo-patchbrief-workflows.md,software-detail,200,,yes,"default index,follow",https://kujolang.ai/ecosystem/skills/kujo-patchbrief-workflows/,200,Kujo PatchBrief — Kujo Agent Skill | Kujolang.ai,48,"Use this skill when generating, consuming, validating, or maintaining PatchBrief structured git-diff briefs: `patchbrief.kujo`, `summarize`, `suggest-tests`, `handoff`, `--format json`, `--pretty`, implementation handoffs, reviewer notes, changed-file risk summaries, PatchBrief CLI/tests/source changes, or PatchBrief dogfood workflows.",337,Kujo PatchBrief,H2:Quick Install > H2:Give this prompt to your agent > H1:Kujo PatchBrief > H2:What it covers > H2:Released guidance > H2:Release boundary > H2:Source > H2:Source and catalog,248,en,,,Kujo Team,no,Organization|SoftwareSourceCode,3,31,10,0,NOT AVAILABLE — DATA ACCESS REQUIRED,3,0,0,2,no,yes,no,no,52c0454f8e016df290fe7315fb03e07296e5ec9d3432f38dd658d7a17a9f8bef,
after,https://kujolang.ai/ecosystem/skills/kujo-presswire-workflows/,content/skills/038-kujo-presswire-workflows.md,software-detail,200,,yes,"default index,follow",https://kujolang.ai/ecosystem/skills/kujo-presswire-workflows/,200,Kujo PressWire — Kujo Agent Skill | Kujolang.ai,47,"Use when operating or maintaining PressWire approval-gated publication: adapter/capability inspection, preflight, schedule/publish ACT effects, status, corrections, unpublish/compensation, idempotency, reconciliation, receipts, CMS/Git-static/newsletter adapters, exports, or PressWire CLI/source/tests.",303,Kujo PressWire,H2:Quick Install > H2:Give this prompt to your agent > H1:Kujo PressWire > H2:What it covers > H2:Released guidance > H2:Release boundary > H2:Source > H2:Source and catalog,204,en,,,Kujo Team,no,Organization|SoftwareSourceCode,3,31,10,0,NOT AVAILABLE — DATA ACCESS REQUIRED,3,0,0,2,no,yes,no,no,ca92f32624b593827b3ec60a7a5f1ef949473486878089ba8036188a1308183d,
after,https://kujolang.ai/ecosystem/skills/kujo-publishing-house-workflows/,content/skills/039-kujo-publishing-house-workflows.md,software-detail,200,,yes,"default index,follow",https://kujolang.ai/ecosystem/skills/kujo-publishing-house-workflows/,200,Kujo Publishing House — Kujo Agent Skill | Kujolang.ai,54,"Use when installing, running, inspecting, recovering, integrating, or maintaining the Kujo Publishing House workflow suite: daily desk, governance, commissioning, evidence dossiers, primary pieces, asset production, editorial review, adaptation, format production, approval/publication, post-publication learning, fixture/live modes, capability preflight, exact compatibility locks, agent-step receipts, Dispatch state, or Publishing House workflow source/tests.",462,Kujo Publishing House,H2:Quick Install > H2:Give this prompt to your agent > H1:Kujo Publishing House > H2:What it covers > H2:Released guidance > H2:Release boundary > H2:Source > H2:Source and catalog,305,en,,,Kujo Team,no,Organization|SoftwareSourceCode,3,31,10,0,NOT AVAILABLE — DATA ACCESS REQUIRED,3,0,0,2,no,yes,no,no,e5b63866cb92e9b31746be5f45a9f29eed1b1065fc62f8af3d5582cfd17f8e94,
after,https://kujolang.ai/ecosystem/skills/kujo-rag-workflows/,content/skills/040-kujo-rag-workflows.md,software-detail,200,,yes,"default index,follow",https://kujolang.ai/ecosystem/skills/kujo-rag-workflows/,200,Kujo RAG — Kujo Agent Skill | Kujolang.ai,41,"Use this skill when setting up, running, extending, testing, or maintaining the Kujo RAG Starter Kit: `kujo run main.kujo --interpreter ingest|query|serve|demo|bootstrap`, local/offline RAG indexes, namespace isolation, parser/chunking/embedding/retrieval changes, API ingest/query endpoints, OpenAPI/SDK parity, release-evaluation gates, large-corpus benchmarks, index maintenance, bootstrap templates, or RAG security/operations docs.",436,Kujo RAG,H2:Quick Install > H2:Give this prompt to your agent > H1:Kujo RAG > H2:What it covers > H2:Released guidance > H2:Release boundary > H2:Source > H2:Source and catalog,284,en,,,Kujo Team,no,Organization|SoftwareSourceCode,3,31,10,0,NOT AVAILABLE — DATA ACCESS REQUIRED,3,0,0,2,no,yes,no,no,ef3765b0494d83dd4fd7bb0ef690feb3b21483990edb68225beb027c861fe122,
after,https://kujolang.ai/ecosystem/skills/kujo-readersignal-workflows/,content/skills/041-kujo-readersignal-workflows.md,software-detail,200,,yes,"default index,follow",https://kujolang.ai/ecosystem/skills/kujo-readersignal-workflows/,200,Kujo ReaderSignal — Kujo Agent Skill | Kujolang.ai,50,"Use when operating or maintaining ReaderSignal privacy-bounded audience learning: measurement snapshots, feedback, comparisons, uncertainty/sample-size handling, learning records, follow-up recommendations, deletion/retention receipts, signed publication verification, adapter fixtures, reports, or ReaderSignal CLI/source/tests.",329,Kujo ReaderSignal,H2:Quick Install > H2:Give this prompt to your agent > H1:Kujo ReaderSignal > H2:What it covers > H2:Released guidance > H2:Release boundary > H2:Source > H2:Source and catalog,205,en,,,Kujo Team,no,Organization|SoftwareSourceCode,3,31,10,0,NOT AVAILABLE — DATA ACCESS REQUIRED,3,0,0,2,no,yes,no,no,0636dd22c059b2f1f32844afea3ecbd99f612534eeaafa8d5ce01bb8e395e5ea,
after,https://kujolang.ai/ecosystem/skills/kujo-readiness-auditor/,content/skills/042-kujo-readiness-auditor.md,software-detail,200,,yes,"default index,follow",https://kujolang.ai/ecosystem/skills/kujo-readiness-auditor/,200,Kujo Readiness Auditor — Kujo Agent Skill | Kujolang.ai,55,"Use this skill when auditing Kujo repositories for recurring readiness posture, release preparedness, production gaps, evidence quality, or weekly/monthly readiness reports across ShipCheck, Fence, Eval, Concord, ChangeBucket, RunLedger, and Casefile outputs.",259,Kujo Readiness Auditor,H2:Quick Install > H2:Give this prompt to your agent > H1:Kujo Readiness Auditor > H2:What it covers > H2:Released guidance > H2:Release boundary > H2:Source > H2:Source and catalog,264,en,,,Kujo Team,no,Organization|SoftwareSourceCode,3,31,10,0,NOT AVAILABLE — DATA ACCESS REQUIRED,3,0,0,2,no,yes,no,no,0bc5006649c05054992d8c7f17174370af6ea814c8fcd6cf7c19368523a7d39b,
after,https://kujolang.ai/ecosystem/skills/kujo-redact-workflows/,content/skills/043-kujo-redact-workflows.md,software-detail,200,,yes,"default index,follow",https://kujolang.ai/ecosystem/skills/kujo-redact-workflows/,200,Kujo Redact — Kujo Agent Skill | Kujolang.ai,44,"Use this skill when scanning, sanitizing, verifying, packing, or maintaining Redact local deterministic anonymization workflows: `redact.kujo`, `scan`, `sanitize`, `verify`, `pack`, policy YAML files, `.redact/runs/` audit artifacts, leakage checks, unsafe originals, AI-stub boundaries, or Redact CLI/source/test changes.",322,Kujo Redact,H2:Quick Install > H2:Give this prompt to your agent > H1:Kujo Redact > H2:What it covers > H2:Released guidance > H2:Release boundary > H2:Source > H2:Source and catalog,287,en,,,Kujo Team,no,Organization|SoftwareSourceCode,3,31,10,0,NOT AVAILABLE — DATA ACCESS REQUIRED,3,0,0,2,no,yes,no,no,f4e9438cdfe2aea803e96dda0ecdf1d560e2eab8f5fc91b79f5e242f954d414a,
after,https://kujolang.ai/ecosystem/skills/kujo-relay-workflows/,content/skills/044-kujo-relay-workflows.md,software-detail,200,,yes,"default index,follow",https://kujolang.ai/ecosystem/skills/kujo-relay-workflows/,200,Kujo Relay — Kujo Agent Skill | Kujolang.ai,43,"Use this skill when running, validating, inspecting, repairing, or maintaining Relay bounded agent mission workflows: `bin/relay`, `doctor`, `chat`, `models`, `agents`, `missions`, `runs`, fixture/live provider paths, PackWrite/RunLedger/ChangeBucket/Eval evidence, event bundles, tool-result bundles, run indexes, Watchdog route posture, or Relay source/docs changes.",368,Kujo Relay,H2:Quick Install > H2:Give this prompt to your agent > H1:Kujo Relay > H2:What it covers > H2:Released guidance > H2:Release boundary > H2:Source > H2:Source and catalog,349,en,,,Kujo Team,no,Organization|SoftwareSourceCode,3,31,10,0,NOT AVAILABLE — DATA ACCESS REQUIRED,3,0,0,2,no,yes,no,no,17f957b7efd64930b02e6fcc854460eef61c777a4200e9cec79118dab4b204eb,
after,https://kujolang.ai/ecosystem/skills/kujo-release-gate-runner/,content/skills/045-kujo-release-gate-runner.md,software-detail,200,,yes,"default index,follow",https://kujolang.ai/ecosystem/skills/kujo-release-gate-runner/,200,Kujo Release Gate Runner — Kujo Agent Skill | Kujolang.ai,57,"Use this skill when running Kujo release gates, recurring release-readiness automation, pre-tag checks, blocker triage, or monthly gate evidence collection across ShipCheck, Eval, Fence, ChangeBucket, RunLedger, Casefile, DocGen gates, and Muzzle workflows.",257,Kujo Release Gate Runner,H2:Quick Install > H2:Give this prompt to your agent > H1:Kujo Release Gate Runner > H2:What it covers > H2:Released guidance > H2:Release boundary > H2:Source > H2:Source and catalog,258,en,,,Kujo Team,no,Organization|SoftwareSourceCode,3,31,10,0,NOT AVAILABLE — DATA ACCESS REQUIRED,3,0,0,2,no,yes,no,no,f0c540b407d8a02e3e2a1009bfd659c23b189bd620b8a602fce1ed69413286e0,
after,https://kujolang.ai/ecosystem/skills/kujo-release-video/,content/skills/046-kujo-release-video.md,software-detail,200,,yes,"default index,follow",https://kujolang.ai/ecosystem/skills/kujo-release-video/,200,Kujo release video — Kujo Agent Skill | Kujolang.ai,51,"Create source-grounded Kujo ecosystem release videos in the monochrome trust-at-speed style, with a release-specific narrative, ElevenLabs voiceover, original ambient music and synchronized sound effects. Use for repeatable tool/version announcements and agent-driven release-video pipelines.",292,Kujo release video,H2:Quick Install > H2:Give this prompt to your agent > H1:Kujo release video > H2:What it covers > H2:Released guidance > H2:A focused release announcement > H2:Release boundary > H2:Source > H2:Source and catalog,345,en,,,Kujo Team,no,Organization|SoftwareSourceCode,5,32,11,0,NOT AVAILABLE — DATA ACCESS REQUIRED,3,0,0,2,no,yes,no,no,c7cf34c04026d10831243bea5a0d99d4fcbc874276e5d54d2e0d1fbe8cfb70e5,
after,https://kujolang.ai/ecosystem/skills/kujo-runledger-workflows/,content/skills/047-kujo-runledger-workflows.md,software-detail,200,,yes,"default index,follow",https://kujolang.ai/ecosystem/skills/kujo-runledger-workflows/,200,Kujo RunLedger — Kujo Agent Skill | Kujolang.ai,47,"Use this skill when recording, comparing, reporting, correlating, or maintaining RunLedger receipts for AI-agent build runs: `runledger start`, `finish`, `usage`, `cost`, `correlate`, `note`, `followup`, `list`, `show`, `compare`, `report`, `.runledger/` JSON files, run verdicts, token/cost capture, Watchdog/Dispatch/Relay/Eval links, read-only git metadata receipts, RunLedger reports, or RunLedger CLI/tests/source changes.",427,Kujo RunLedger,H2:Quick Install > H2:Give this prompt to your agent > H1:Kujo RunLedger > H2:What it covers > H2:Released guidance > H2:Release boundary > H2:Source > H2:Source and catalog,266,en,,,Kujo Team,no,Organization|SoftwareSourceCode,3,31,10,0,NOT AVAILABLE — DATA ACCESS REQUIRED,3,0,0,2,no,yes,no,no,1589308d2c5b36700e384bd89c9a4da9aaf4d6db0be15d3aed92a88abe1a94a4,
after,https://kujolang.ai/ecosystem/skills/kujo-runtime-parity/,content/skills/048-kujo-runtime-parity.md,software-detail,200,,yes,"default index,follow",https://kujolang.ai/ecosystem/skills/kujo-runtime-parity/,200,Kujo Runtime Parity — Kujo Agent Skill | Kujolang.ai,52,"Use this skill when investigating VM versus interpreter behavior, deciding runtime flags, adding language/runtime surfaces, updating parity tests, or preventing accidental interpreter-default workflows.",202,Kujo Runtime Parity,H2:Quick Install > H2:Give this prompt to your agent > H1:Kujo Runtime Parity > H2:What it covers > H2:Released guidance > H2:Release boundary > H2:Source > H2:Source and catalog,216,en,,,Kujo Team,no,Organization|SoftwareSourceCode,3,31,10,0,NOT AVAILABLE — DATA ACCESS REQUIRED,3,0,0,2,no,yes,no,no,50422f5352a7c23fd8c0db241e918534830043f65ebf7bf0e7ff109a1899a8a2,
after,https://kujolang.ai/ecosystem/skills/kujo-scent-workflows/,content/skills/049-kujo-scent-workflows.md,software-detail,200,,yes,"default index,follow",https://kujolang.ai/ecosystem/skills/kujo-scent-workflows/,200,Kujo Scent — Kujo Agent Skill | Kujolang.ai,43,"Use this skill when creating, previewing, reviewing, or maintaining Scent context packs for agent handoff: `scent pack`, `--dry-run`, `--json`, `--budget`, `--target`, `--include`, `--exclude`, `--changed`, `--staged`, `--unstaged`, `.scent/` or generated pack artifacts, `context.md`, `context.json`, `manifest.json`, `files.json`, `redactions.json`, and Scent CLI/source/test changes.",386,Kujo Scent,H2:Quick Install > H2:Give this prompt to your agent > H1:Kujo Scent > H2:What it covers > H2:Released guidance > H2:Release boundary > H2:Source > H2:Source and catalog,290,en,,,Kujo Team,no,Organization|SoftwareSourceCode,3,31,10,0,NOT AVAILABLE — DATA ACCESS REQUIRED,3,0,0,2,no,yes,no,no,57736fbf1c4d0f6ebb23cb23026947a608a6903d9f8dc996681a75a9e2ad2b5a,
after,https://kujolang.ai/ecosystem/skills/kujo-scout-workflows/,content/skills/050-kujo-scout-workflows.md,software-detail,200,,yes,"default index,follow",https://kujolang.ai/ecosystem/skills/kujo-scout-workflows/,200,Kujo Scout — Kujo Agent Skill | Kujolang.ai,43,"Use this skill when running, interpreting, extending, or maintaining Scout, the Kujo-native codebase intelligence tool: `kujo run scout.kujo`, repo context packs, `FILE_TREE.md`, `llms.txt`, `AGENTS.md`, `CHECKLIST.md`, `intelligence.json`, `scan_manifest.json`, security exports, baseline suppression, Kennel metadata, Scout fixtures, snapshots, or Scout regression scripts.",375,Kujo Scout,H2:Quick Install > H2:Give this prompt to your agent > H1:Kujo Scout > H2:What it covers > H2:Released guidance > H2:Release boundary > H2:Source > H2:Source and catalog,261,en,,,Kujo Team,no,Organization|SoftwareSourceCode,3,31,10,0,NOT AVAILABLE — DATA ACCESS REQUIRED,3,0,0,2,no,yes,no,no,919edddea0cec665438a4dc6c72d1daeda26c63c810adae05ebdfeae2506ca6d,
after,https://kujolang.ai/ecosystem/skills/kujo-searchbridge-workflows/,content/skills/051-kujo-searchbridge-workflows.md,software-detail,200,,yes,"default index,follow",https://kujolang.ai/ecosystem/skills/kujo-searchbridge-workflows/,200,Kujo SearchBridge — Kujo Agent Skill | Kujolang.ai,50,"Use this skill when running, validating, installing, or maintaining SearchBridge 1.x: doctor, capability preflight, provider tiers, fixture/live evidence reads, batch reads, evidence-query, signed adapters, replay/cache, SDK bundles, OpenTelemetry, MCP surfaces, or explicit ACT submission.",290,Kujo SearchBridge,H2:Quick Install > H2:Give this prompt to your agent > H1:Kujo SearchBridge > H2:What it covers > H2:Released guidance > H2:Release boundary > H2:Source > H2:Source and catalog,226,en,,,Kujo Team,no,Organization|SoftwareSourceCode,3,31,10,0,NOT AVAILABLE — DATA ACCESS REQUIRED,3,0,0,2,no,yes,no,no,4ada30a7be916101a3b902a6fd9849b3922d98880df61136be1b54f374de9f89,
after,https://kujolang.ai/ecosystem/skills/kujo-security-hardening/,content/skills/052-kujo-security-hardening.md,software-detail,200,,yes,"default index,follow",https://kujolang.ai/ecosystem/skills/kujo-security-hardening/,200,Kujo Security Hardening — Kujo Agent Skill | Kujolang.ai,56,"Use this skill when writing or reviewing Kujo scripts that touch files, processes, shell commands, network, databases, archives, HTML/static serving, AI provider egress, secrets, or untrusted input; it enforces Kujo's conservative native API security posture.",259,Kujo Security Hardening,H2:Quick Install > H2:Give this prompt to your agent > H1:Kujo Security Hardening > H2:What it covers > H2:Released guidance > H2:Release boundary > H2:Source > H2:Source and catalog,244,en,,,Kujo Team,no,Organization|SoftwareSourceCode,3,31,10,0,NOT AVAILABLE — DATA ACCESS REQUIRED,3,0,0,2,no,yes,no,no,c130dd9ef7000fa9adf03043e824b6547f1c72094d9da6249d5f6bd444342f9e,
after,https://kujolang.ai/ecosystem/skills/kujo-shipcheck-workflows/,content/skills/053-kujo-shipcheck-workflows.md,software-detail,200,,yes,"default index,follow",https://kujolang.ai/ecosystem/skills/kujo-shipcheck-workflows/,200,Kujo ShipCheck — Kujo Agent Skill | Kujolang.ai,47,"Use this skill when running, reviewing, integrating, or maintaining ShipCheck release-readiness workflows for Kujo ecosystem repositories: `shipcheck.kujo`, `scan`, `checklist`, `gate`, `release-note`, `--format json`, CI release gates, markdown/json reports, release check catalogs, gate exit semantics, or ShipCheck CLI/source/test changes.",342,Kujo ShipCheck,H2:Quick Install > H2:Give this prompt to your agent > H1:Kujo ShipCheck > H2:What it covers > H2:Released guidance > H2:Release boundary > H2:Source > H2:Source and catalog,290,en,,,Kujo Team,no,Organization|SoftwareSourceCode,3,31,10,0,NOT AVAILABLE — DATA ACCESS REQUIRED,3,0,0,2,no,yes,no,no,d39e7d65271217dfda1d79043d26b580e5ba8ffdc6458ee2ee21b826df964222,
after,https://kujolang.ai/ecosystem/skills/kujo-site-kit-workflows/,content/skills/054-kujo-site-kit-workflows.md,software-detail,200,,yes,"default index,follow",https://kujolang.ai/ecosystem/skills/kujo-site-kit-workflows/,200,Kujo SiteKit Repository — Kujo Agent Skill | Kujolang.ai,56,"Use this skill when building, validating, consuming, or maintaining SiteKit design-system artifacts in the `site-kit` repository: tokens, component schemas/templates/CSS, generated `dist/sitekit.css`, optional `dist/sitekit.js`, accessibility checks, browser smoke tests, launch checklist, or Workcell evidence.",311,Kujo SiteKit Repository,H2:Quick Install > H2:Give this prompt to your agent > H1:Kujo SiteKit Repository > H2:What it covers > H2:Released guidance > H2:Release boundary > H2:Source > H2:Source and catalog,276,en,,,Kujo Team,no,Organization|SoftwareSourceCode,3,31,10,0,NOT AVAILABLE — DATA ACCESS REQUIRED,3,0,0,2,no,yes,no,no,3bc3da7eb541264757677422673eceb934231654089778a5339f0b5781a21732,
after,https://kujolang.ai/ecosystem/skills/kujo-sitekit-workflows/,content/skills/055-kujo-sitekit-workflows.md,software-detail,200,,yes,"default index,follow",https://kujolang.ai/ecosystem/skills/kujo-sitekit-workflows/,200,Kujo SiteKit — Kujo Agent Skill | Kujolang.ai,45,"Use this skill when building, validating, consuming, or maintaining SiteKit design-system artifacts: tokens, component schemas/templates/CSS, layout recipes, generated `dist/sitekit.css`, optional `dist/sitekit.js`, `DESIGN.md`, accessibility/semantic standards, examples, snapshots, smoke tests, or SiteKit source/docs changes.",328,Kujo SiteKit,H2:Quick Install > H2:Give this prompt to your agent > H1:Kujo SiteKit > H2:What it covers > H2:Released guidance > H2:Release boundary > H2:Source > H2:Source and catalog,306,en,,,Kujo Team,no,Organization|SoftwareSourceCode,3,31,10,0,NOT AVAILABLE — DATA ACCESS REQUIRED,3,0,0,2,no,yes,no,no,4c0e5fc5a197a242c35c944176a38ca11aa23f0847702b00647b3c51790d9ce8,
after,https://kujolang.ai/ecosystem/skills/kujo-siteprobe-workflows/,content/skills/056-kujo-siteprobe-workflows.md,software-detail,200,,yes,"default index,follow",https://kujolang.ai/ecosystem/skills/kujo-siteprobe-workflows/,200,Kujo Siteprobe — Kujo Agent Skill | Kujolang.ai,47,"Use when running, validating, verifying, comparing, reporting, or integrating SiteProbe website-intelligence crawls, signed `.siteprobe` artifacts, deterministic baselines, or SiteProbe source/tests.",199,Kujo Siteprobe,H2:Quick Install > H2:Give this prompt to your agent > H1:Kujo Siteprobe > H2:What it covers > H2:Released guidance > H2:Release boundary > H2:Source > H2:Source and catalog,203,en,,,Kujo Team,no,Organization|SoftwareSourceCode,3,31,10,0,NOT AVAILABLE — DATA ACCESS REQUIRED,3,0,0,2,no,yes,no,no,6c5d735a25f365143ca7684a2d576f5251bed475cd0fcd4cb92384519b6d7705,
after,https://kujolang.ai/ecosystem/skills/kujo-skill-auditor/,content/skills/057-kujo-skill-auditor.md,software-detail,200,,yes,"default index,follow",https://kujolang.ai/ecosystem/skills/kujo-skill-auditor/,200,Kujo Skill Auditor — Kujo Agent Skill | Kujolang.ai,51,"Use this skill when reviewing, refreshing, or auditing the Kujo skills pack so each `skills/*/SKILL.md` file matches current Kujo tool behavior, commands, docs, tests, safety boundaries, and repo reality. Use for weekly skill maintenance, stale skill checks, trigger/index updates, or when Kujo tools changed and their agent skills may need synchronization.",357,Kujo Skill Auditor,H2:Quick Install > H2:Give this prompt to your agent > H1:Kujo Skill Auditor > H2:What it covers > H2:Released guidance > H2:Release boundary > H2:Source > H2:Source and catalog,293,en,,,Kujo Team,no,Organization|SoftwareSourceCode,3,31,10,0,NOT AVAILABLE — DATA ACCESS REQUIRED,3,0,0,2,no,yes,no,no,9df94dd1f2e4c49ecadd81fb7674471c511f9f7b8e3d41eb9190ab42b5eb0a26,
after,https://kujolang.ai/ecosystem/skills/kujo-spec-workflows/,content/skills/058-kujo-spec-workflows.md,software-detail,200,,yes,"default index,follow",https://kujolang.ai/ecosystem/skills/kujo-spec-workflows/,200,Kujo Spec — Kujo Agent Skill | Kujolang.ai,42,"Use this skill when creating, validating, exporting, reviewing, or maintaining Kujo Spec task contracts: `.spec.yml`, `.spec.yaml`, `.spec.toml`, `.spec.json`, `spec init`, `validate`, `render`, `export`, `export-agent-context`, `export-eval`, `ci`, `list`, `search`, `status`, `template`, `graph`, safe-write/template-source policy, Spec schema changes, or Spec CLI/tests/source changes.",388,Kujo Spec,H2:Quick Install > H2:Give this prompt to your agent > H1:Kujo Spec > H2:What it covers > H2:Released guidance > H2:Release boundary > H2:Source > H2:Source and catalog,247,en,,,Kujo Team,no,Organization|SoftwareSourceCode,3,31,10,0,NOT AVAILABLE — DATA ACCESS REQUIRED,3,0,0,2,no,yes,no,no,1298d61ab134c7503c9fe2540ab46f8fcace821f5bd197740504a8a621877ff3,
after,https://kujolang.ai/ecosystem/skills/kujo-ssg-workflows/,content/skills/059-kujo-ssg-workflows.md,software-detail,200,,yes,"default index,follow",https://kujolang.ai/ecosystem/skills/kujo-ssg-workflows/,200,Kujo SSG — Kujo Agent Skill | Kujolang.ai,41,"Use this skill when building, validating, configuring, testing, or maintaining the Kujo SSG static-site showcase: `build.kujo`, starter content, templates, assets, `kujo-ssg.yml`, feeds, sitemap, robots, `llms.txt`, generated `output/`, CLI flags, parallel shard builds, DocGen docs bridge, reusable docs starter, experimental static WebMCP, local Ability pack, validation scripts, release gates, or `ssg` source/docs changes.",426,Kujo SSG,H2:Quick Install > H2:Give this prompt to your agent > H1:Kujo SSG > H2:What it covers > H2:Released guidance > H2:Release boundary > H2:Source > H2:Source and catalog,291,en,,,Kujo Team,no,Organization|SoftwareSourceCode,3,31,10,0,NOT AVAILABLE — DATA ACCESS REQUIRED,3,0,0,2,no,yes,no,no,f4cd5c13ef13af6f2b230d01e00c34eae2da0c2a6d5925b8ccf13cb20518c899,
after,https://kujolang.ai/ecosystem/skills/kujo-standard-library/,content/skills/060-kujo-standard-library.md,software-detail,200,,yes,"default index,follow",https://kujolang.ai/ecosystem/skills/kujo-standard-library/,200,Kujo Standard Library — Kujo Agent Skill | Kujolang.ai,54,"Use this skill when using, adding, or reviewing Kujo native standard library functions, including arity, return types, capability gates, JSON/JSONL conversion, filesystem, process, network, database, crypto, strings, URI encoding, arrays, dictionaries, rendering helpers, AI helpers, and collection helper behavior.",315,Kujo Standard Library,H2:Quick Install > H2:Give this prompt to your agent > H1:Kujo Standard Library > H2:What it covers > H2:Released guidance > H2:Release boundary > H2:Source > H2:Source and catalog,248,en,,,Kujo Team,no,Organization|SoftwareSourceCode,3,31,10,0,NOT AVAILABLE — DATA ACCESS REQUIRED,3,0,0,2,no,yes,no,no,15bdd9e82c7ead00075750a15df3fbb59cb53d7eeab54104cf34292af6b493f3,
after,https://kujolang.ai/ecosystem/skills/kujo-storydesk-workflows/,content/skills/061-kujo-storydesk-workflows.md,software-detail,200,,yes,"default index,follow",https://kujolang.ai/ecosystem/skills/kujo-storydesk-workflows/,200,Kujo StoryDesk — Kujo Agent Skill | Kujolang.ai,47,"Use when operating or maintaining StoryDesk editorial control: ideas, campaigns, commissions, assignments, claims, dependencies, status/block events, daily/range/resumable packets, handoffs, review queues, JSON or SQLite state, policy transitions, signed exports, adapter conformance, or StoryDesk CLI/source/tests.",315,Kujo StoryDesk,H2:Quick Install > H2:Give this prompt to your agent > H1:Kujo StoryDesk > H2:What it covers > H2:Released guidance > H2:Release boundary > H2:Source > H2:Source and catalog,210,en,,,Kujo Team,no,Organization|SoftwareSourceCode,3,31,10,0,NOT AVAILABLE — DATA ACCESS REQUIRED,3,0,0,2,no,yes,no,no,8e0e3d165d08d7d9a99baa2c318ab434e4746de79bc7a72da10043ffe3ed19be,
after,https://kujolang.ai/ecosystem/skills/kujo-testing-release-gates/,content/skills/062-kujo-testing-release-gates.md,software-detail,200,,yes,"default index,follow",https://kujolang.ai/ecosystem/skills/kujo-testing-release-gates/,200,Kujo Testing And Release Gates — Kujo Agent Skill | Kujolang.ai,63,"Use this skill when testing Kujo scripts, examples, docs, security behavior, runtime parity, CLI contracts, or Rust implementation changes, and when preparing or reviewing release-gate readiness.",195,Kujo Testing And Release Gates,H2:Quick Install > H2:Give this prompt to your agent > H1:Kujo Testing And Release Gates > H2:What it covers > H2:Released guidance > H2:Release boundary > H2:Source > H2:Source and catalog,253,en,,,Kujo Team,no,Organization|SoftwareSourceCode,3,31,10,0,NOT AVAILABLE — DATA ACCESS REQUIRED,3,0,0,2,no,yes,no,no,300e497c765fccf986b0da13d79a3ff02e7bf79c0597f28642b29168d8d03ec7,
after,https://kujolang.ai/ecosystem/skills/kujo-tool-building/,content/skills/063-kujo-tool-building.md,software-detail,200,,yes,"default index,follow",https://kujolang.ai/ecosystem/skills/kujo-tool-building/,200,Kujo Tool Building — Kujo Agent Skill | Kujolang.ai,51,"Use this skill when building practical Kujo CLI tools, quality gates, policy checkers, repo scanners, JSON-reporting scripts, or local automation that needs deterministic arguments, output, and exit behavior.",208,Kujo Tool Building,H2:Quick Install > H2:Give this prompt to your agent > H1:Kujo Tool Building > H2:What it covers > H2:Released guidance > H2:Release boundary > H2:Source > H2:Source and catalog,215,en,,,Kujo Team,no,Organization|SoftwareSourceCode,3,31,10,0,NOT AVAILABLE — DATA ACCESS REQUIRED,3,0,0,2,no,yes,no,no,6c59210fc271d246502cbe6ec63b987800efaba11a59bc9494f8afae00852904,
after,https://kujolang.ai/ecosystem/skills/kujo-tribunal-workflows/,content/skills/064-kujo-tribunal-workflows.md,software-detail,200,,yes,"default index,follow",https://kujolang.ai/ecosystem/skills/kujo-tribunal-workflows/,200,Kujo Tribunal — Kujo Agent Skill | Kujolang.ai,46,"Use this skill when running, reviewing, integrating, or maintaining Tribunal local decision-evidence workflows: `tribunal review`, `resume`, `compare`, `re-review`, `kill`, `validate`, `audit`, `verify`, bundle/store/provenance commands, signed evidence, trust policies, run artifacts, schemas, release gates, or Tribunal source/docs changes.",342,Kujo Tribunal,H2:Quick Install > H2:Give this prompt to your agent > H1:Kujo Tribunal > H2:What it covers > H2:Released guidance > H2:Release boundary > H2:Source > H2:Source and catalog,280,en,,,Kujo Team,no,Organization|SoftwareSourceCode,3,31,10,0,NOT AVAILABLE — DATA ACCESS REQUIRED,3,0,0,2,no,yes,no,no,cd0a56a3e64e9b4002dc7c65102a65e735a6ee24a394ceb0f8950de37892d519,
after,https://kujolang.ai/ecosystem/skills/kujo-versionseal-workflows/,content/skills/065-kujo-versionseal-workflows.md,software-detail,200,,yes,"default index,follow",https://kujolang.ai/ecosystem/skills/kujo-versionseal-workflows/,200,Kujo VersionSeal — Kujo Agent Skill | Kujolang.ai,49,"Use when operating or maintaining VersionSeal exact-version human approval: approval requests, approve/reject/request-changes decisions, revocation, expiry, checksum verification, quorum and separation-of-duties policies, signatures, replication conflicts, exports, or VersionSeal CLI/source/tests.",298,Kujo VersionSeal,H2:Quick Install > H2:Give this prompt to your agent > H1:Kujo VersionSeal > H2:What it covers > H2:Released guidance > H2:Release boundary > H2:Source > H2:Source and catalog,203,en,,,Kujo Team,no,Organization|SoftwareSourceCode,3,31,10,0,NOT AVAILABLE — DATA ACCESS REQUIRED,3,0,0,2,no,yes,no,no,79681dcd9eae76d17cb83c34a05e1f8714778434c7ff4d86bf536b9a027f0e40,
after,https://kujolang.ai/ecosystem/skills/kujo-video-styles/,content/skills/066-kujo-video-styles.md,software-detail,200,,yes,"default index,follow",https://kujolang.ai/ecosystem/skills/kujo-video-styles/,200,Kujo video styles — Kujo Agent Skill | Kujolang.ai,50,"Create Kujo launch and release videos in ten reusable styles, from kinetic drops and polished micro interactions to changelog films, product proof reels, PR explainers, integrations and cinematic launches. Use to choose a style or automate a family of HyperFrames videos from source evidence.",292,Kujo video styles,H2:Quick Install > H2:Give this prompt to your agent > H1:Kujo video styles > H2:What it covers > H2:Released guidance > H2:Make more than release videos > H2:Release boundary > H2:Source > H2:Source and catalog,373,en,,,Kujo Team,no,Organization|SoftwareSourceCode,5,33,11,0,NOT AVAILABLE — DATA ACCESS REQUIRED,3,0,0,2,no,yes,no,no,f047b6700b886a98107a3a8e499d42602d733d94dee4a1474fb0d41ada85fbb9,
after,https://kujolang.ai/ecosystem/skills/kujo-videoops-workflows/,content/skills/067-kujo-videoops-workflows.md,software-detail,200,,yes,"default index,follow",https://kujolang.ai/ecosystem/skills/kujo-videoops-workflows/,200,Kujo VideoOps — Kujo Agent Skill | Kujolang.ai,46,"Use when operating the complete Kujo VideoOps team for a new content release, product demo, launch video, social video, explainer, or another arbitrary production request; also use when invoking the VideoOps Producer, coordinating all five specialist agents, packaging a mega prompt, or resuming a VideoOps workspace.",317,Kujo VideoOps,H2:Quick Install > H2:Give this prompt to your agent > H1:Kujo VideoOps > H2:What it covers > H2:Released guidance > H2:Release boundary > H2:Source > H2:Source and catalog,217,en,,,Kujo Team,no,Organization|SoftwareSourceCode,5,31,10,0,NOT AVAILABLE — DATA ACCESS REQUIRED,3,0,0,2,no,yes,no,no,aeda2e17d302dee437222057c3066af18ff89f0d59867a48f0f6ab8fc6d8a2af,
after,https://kujolang.ai/ecosystem/skills/kujo-watchdog-workflows/,content/skills/068-kujo-watchdog-workflows.md,software-detail,200,,yes,"default index,follow",https://kujolang.ai/ecosystem/skills/kujo-watchdog-workflows/,200,Kujo Watchdog — Kujo Agent Skill | Kujolang.ai,46,"Use this skill when running, configuring, testing, integrating, or maintaining Watchdog local AI telemetry/proxy workflows: `dashboard_server.kujo`, `/proxy/v1`, `/api/requests`, `/api/proxy-config`, `/api/sources`, `/telemetry/v2/batches`, OTLP ingestion/export, SQLite telemetry, auth modes, redaction, rate limits, connected sources, dashboard assets, benchmark scripts, AI Chat/Agents SDK integration, or `watchdog` source/docs changes.",440,Kujo Watchdog,H2:Quick Install > H2:Give this prompt to your agent > H1:Kujo Watchdog > H2:What it covers > H2:Released guidance > H2:Release boundary > H2:Source > H2:Source and catalog,322,en,,,Kujo Team,no,Organization|SoftwareSourceCode,3,31,10,0,NOT AVAILABLE — DATA ACCESS REQUIRED,3,0,0,2,no,yes,no,no,81bd72282225ee357d5e0041633771d4e0cffda9bd36de5506382617d3bbdf60,
after,https://kujolang.ai/ecosystem/skills/kujo-way-development/,content/skills/069-kujo-way-development.md,software-detail,200,,yes,"default index,follow",https://kujolang.ai/ecosystem/skills/kujo-way-development/,200,Kujo Way Development — Kujo Agent Skill | Kujolang.ai,53,"Use when building or substantially reviewing a Kujo-related project that needs cross-ecosystem routing, compact agent-readable code, deterministic AI/offline behavior, and evidence-backed completion. For a narrow syntax question only, prefer kujo-core-language; for one specialized ecosystem tool, prefer its focused workflow skill.",332,Kujo Way Development,H2:Quick Install > H2:Give this prompt to your agent > H1:Kujo Way Development > H2:What it covers > H2:Released guidance > H2:Release boundary > H2:Source > H2:Source and catalog,225,en,,,Kujo Team,no,Organization|SoftwareSourceCode,3,31,10,0,NOT AVAILABLE — DATA ACCESS REQUIRED,3,0,0,2,no,yes,no,no,31513718f8cf457858bd9a640bac9aa715e3964a9ae49b889873e22987b286d7,
after,https://kujolang.ai/ecosystem/skills/kujo-workcell-workflows/,content/skills/070-kujo-workcell-workflows.md,software-detail,200,,yes,"default index,follow",https://kujolang.ai/ecosystem/skills/kujo-workcell-workflows/,200,Kujo Workcell — Kujo Agent Skill | Kujolang.ai,46,"Use this skill when initializing, validating, inspecting, running, verifying, cleaning, or maintaining Workcell local Docker/Podman execution sandboxes: `workcell.json`, `bin/workcell`, `doctor`, `init`, `validate`, `inspect`, `run`, `verify`, `clean`, `.workcell/runs/`, receipts, manifests, artifacts, runtime boundaries, release reports, or Workcell source/docs changes.",373,Kujo Workcell,H2:Quick Install > H2:Give this prompt to your agent > H1:Kujo Workcell > H2:What it covers > H2:Released guidance > H2:Release boundary > H2:Source > H2:Source and catalog,306,en,,,Kujo Team,no,Organization|SoftwareSourceCode,3,31,10,0,NOT AVAILABLE — DATA ACCESS REQUIRED,3,0,0,2,no,yes,no,no,18b0fff45a60161fe3fb173f8307deb1d3b30784e7f16fc012e6d64ff882822d,
after,https://kujolang.ai/ecosystem/skills/publishing-house-profile-setup/,content/skills/071-publishing-house-profile-setup.md,software-detail,200,,yes,"default index,follow",https://kujolang.ai/ecosystem/skills/publishing-house-profile-setup/,200,Publishing House Profile Setup — Kujo Agent Skill | Kujolang.ai,63,"Use when onboarding or validating a portable Kujo Publishing House: House, Brand, and Audience profiles; owner and approval roles; mission, quality and risk posture; portfolio constraints; voice and terminology; audiences, channels, accessibility; destinations, adapter references, permission defaults, validity dates, or escalation contacts.",342,Publishing House Profile Setup,H2:Quick Install > H2:Give this prompt to your agent > H1:Publishing House Profile Setup > H2:What it covers > H2:Released guidance > H2:Release boundary > H2:Source > H2:Source and catalog,215,en,,,Kujo Team,no,Organization|SoftwareSourceCode,3,31,10,0,NOT AVAILABLE — DATA ACCESS REQUIRED,3,0,0,2,no,yes,no,no,cf00790c8dfab2b841fc1e73eb8235d6d9b3f11704df442e52cebf703a3c8814,
after,https://kujolang.ai/ecosystem/skills/publishing-house-quality-calibration/,content/skills/072-publishing-house-quality-calibration.md,software-detail,200,,yes,"default index,follow",https://kujolang.ai/ecosystem/skills/publishing-house-quality-calibration/,200,Publishing House Quality Calibration — Kujo Agent Skill | Kujolang.ai,69,"Use when running, reviewing, extending, or maintaining Publishing House premium-quality calibration: the eight-dimension rubric, blinded A/B fixtures, judge protocol/schema, expected judgments, generic-work signals, blocking failures, role coverage, BluePencil calibration records, or calibration corpus validation.",315,Publishing House Quality Calibration,H2:Quick Install > H2:Give this prompt to your agent > H1:Publishing House Quality Calibration > H2:What it covers > H2:Released guidance > H2:Release boundary > H2:Source > H2:Source and catalog,209,en,,,Kujo Team,no,Organization|SoftwareSourceCode,3,31,10,0,NOT AVAILABLE — DATA ACCESS REQUIRED,3,0,0,2,no,yes,no,no,62e7465aa240b7f5758fac0db00d54a6ec59634865457422385420ebacdfee20,
after,https://kujolang.ai/ecosystem/skills/videoops-actionable-fix-writing/,content/skills/073-videoops-actionable-fix-writing.md,software-detail,200,,yes,"default index,follow",https://kujolang.ai/ecosystem/skills/videoops-actionable-fix-writing/,200,VideoOps actionable fix writing — Kujo Agent Skill | Kujolang.ai,64,Use when writing schema-valid timestamped repairs from validated defects.,73,VideoOps actionable fix writing,H2:Quick Install > H2:Give this prompt to your agent > H1:VideoOps actionable fix writing > H2:What it covers > H2:Released guidance > H2:Release boundary > H2:Source > H2:Source and catalog,182,en,,,Kujo Team,no,Organization|SoftwareSourceCode,3,31,10,0,NOT AVAILABLE — DATA ACCESS REQUIRED,3,0,0,2,no,yes,no,no,6822bbcbf2eba42bb637096dcee302a812287de74d983b37ff067a60fbbdacbe,
after,https://kujolang.ai/ecosystem/skills/videoops-approval-decision/,content/skills/074-videoops-approval-decision.md,software-detail,200,,yes,"default index,follow",https://kujolang.ai/ecosystem/skills/videoops-approval-decision/,200,VideoOps approval decision — Kujo Agent Skill | Kujolang.ai,59,Use when producing deterministic VideoOps PASS or FAIL from defect evidence.,76,VideoOps approval decision,H2:Quick Install > H2:Give this prompt to your agent > H1:VideoOps approval decision > H2:What it covers > H2:Released guidance > H2:Release boundary > H2:Source > H2:Source and catalog,183,en,,,Kujo Team,no,Organization|SoftwareSourceCode,3,31,10,0,NOT AVAILABLE — DATA ACCESS REQUIRED,3,0,0,2,no,yes,no,no,056ffd409e2eb5b5ac6654d03829eddd998639eef33cb8c2e313ac2dcbc4e9fd,
after,https://kujolang.ai/ecosystem/skills/videoops-asset-manifest-maintenance/,content/skills/075-videoops-asset-manifest-maintenance.md,software-detail,200,,yes,"default index,follow",https://kujolang.ai/ecosystem/skills/videoops-asset-manifest-maintenance/,200,VideoOps asset manifest maintenance — Kujo Agent Skill | Kujolang.ai,68,Use when maintaining schema-valid asset records and shot mappings.,66,VideoOps asset manifest maintenance,H2:Quick Install > H2:Give this prompt to your agent > H1:VideoOps asset manifest maintenance > H2:What it covers > H2:Released guidance > H2:Release boundary > H2:Source > H2:Source and catalog,182,en,,,Kujo Team,no,Organization|SoftwareSourceCode,3,31,10,0,NOT AVAILABLE — DATA ACCESS REQUIRED,3,0,0,2,no,yes,no,no,2cabc7f04df475405bb2e2589ea7456f4ddaf4da1af13ba8ddd0440375be877f,
after,https://kujolang.ai/ecosystem/skills/videoops-asset-requirement-specification/,content/skills/076-videoops-asset-requirement-specification.md,software-detail,200,,yes,"default index,follow",https://kujolang.ai/ecosystem/skills/videoops-asset-requirement-specification/,200,VideoOps asset requirement specification — Kujo Agent Skill | Kujolang.ai,73,Use when translating approved shots into precise asset requirements.,68,VideoOps asset requirement specification,H2:Quick Install > H2:Give this prompt to your agent > H1:VideoOps asset requirement specification > H2:What it covers > H2:Released guidance > H2:Release boundary > H2:Source > H2:Source and catalog,182,en,,,Kujo Team,no,Organization|SoftwareSourceCode,3,31,10,0,NOT AVAILABLE — DATA ACCESS REQUIRED,3,0,0,2,no,yes,no,no,abff0fb16d78f9d7b92e94c0c1d4f77c8bdc7dcd847e99eb7a9174814a9f2757,
after,https://kujolang.ai/ecosystem/skills/videoops-asset-rights-triage/,content/skills/077-videoops-asset-rights-triage.md,software-detail,200,,yes,"default index,follow",https://kujolang.ai/ecosystem/skills/videoops-asset-rights-triage/,200,VideoOps asset rights triage — Kujo Agent Skill | Kujolang.ai,61,"Use when classifying media as approved, reference-only, blocked, or pending.",76,VideoOps asset rights triage,H2:Quick Install > H2:Give this prompt to your agent > H1:VideoOps asset rights triage > H2:What it covers > H2:Released guidance > H2:Release boundary > H2:Source > H2:Source and catalog,183,en,,,Kujo Team,no,Organization|SoftwareSourceCode,3,31,10,0,NOT AVAILABLE — DATA ACCESS REQUIRED,3,0,0,2,no,yes,no,no,02620737e90b0fbc2de8b8ac7cd685adc90186318b9a0ca89eb9c471d57e7a75,
after,https://kujolang.ai/ecosystem/skills/videoops-audio-sync/,content/skills/078-videoops-audio-sync.md,software-detail,200,,yes,"default index,follow",https://kujolang.ai/ecosystem/skills/videoops-audio-sync/,200,VideoOps audio sync — Kujo Agent Skill | Kujolang.ai,52,"Use when synchronizing voice, SFX, music, and silence to planned beats.",71,VideoOps audio sync,H2:Quick Install > H2:Give this prompt to your agent > H1:VideoOps audio sync > H2:What it covers > H2:Released guidance > H2:Release boundary > H2:Source > H2:Source and catalog,183,en,,,Kujo Team,no,Organization|SoftwareSourceCode,3,31,10,0,NOT AVAILABLE — DATA ACCESS REQUIRED,3,0,0,2,no,yes,no,no,0072bf19512c85a57d824be745f3b39038820e5106efbe79de4e51e2ad55a817,
after,https://kujolang.ai/ecosystem/skills/videoops-audio-visual-review/,content/skills/079-videoops-audio-visual-review.md,software-detail,200,,yes,"default index,follow",https://kujolang.ai/ecosystem/skills/videoops-audio-visual-review/,200,VideoOps audio visual review — Kujo Agent Skill | Kujolang.ai,61,"Use when checking speech clarity, synchronization, impact timing, music, and silence.",85,VideoOps audio visual review,H2:Quick Install > H2:Give this prompt to your agent > H1:VideoOps audio visual review > H2:What it covers > H2:Released guidance > H2:Release boundary > H2:Source > H2:Source and catalog,184,en,,,Kujo Team,no,Organization|SoftwareSourceCode,3,31,10,0,NOT AVAILABLE — DATA ACCESS REQUIRED,3,0,0,2,no,yes,no,no,5fcf533b9f3828ca78af0929bc967c9ee1542f6c1a694de4cd3e5ccc772321ff,
after,https://kujolang.ai/ecosystem/skills/videoops-brand-style-translation/,content/skills/080-videoops-brand-style-translation.md,software-detail,200,,yes,"default index,follow",https://kujolang.ai/ecosystem/skills/videoops-brand-style-translation/,200,VideoOps brand style translation — Kujo Agent Skill | Kujolang.ai,65,Use when turning Kujo brand and motion principles into media-generation direction.,82,VideoOps brand style translation,H2:Quick Install > H2:Give this prompt to your agent > H1:VideoOps brand style translation > H2:What it covers > H2:Released guidance > H2:Release boundary > H2:Source > H2:Source and catalog,184,en,,,Kujo Team,no,Organization|SoftwareSourceCode,3,31,10,0,NOT AVAILABLE — DATA ACCESS REQUIRED,3,0,0,2,no,yes,no,no,a055335e2267a92035a4860d46d6f632ceabe7966d52af9d98fd493bfe300369,
after,https://kujolang.ai/ecosystem/skills/videoops-first-party-asset-discovery/,content/skills/081-videoops-first-party-asset-discovery.md,software-detail,200,,yes,"default index,follow",https://kujolang.ai/ecosystem/skills/videoops-first-party-asset-discovery/,200,VideoOps first party asset discovery — Kujo Agent Skill | Kujolang.ai,69,Use when searching project and Kujo sources before external video research.,75,VideoOps first party asset discovery,H2:Quick Install > H2:Give this prompt to your agent > H1:VideoOps first party asset discovery > H2:What it covers > H2:Released guidance > H2:Release boundary > H2:Source > H2:Source and catalog,185,en,,,Kujo Team,no,Organization|SoftwareSourceCode,3,31,10,0,NOT AVAILABLE — DATA ACCESS REQUIRED,3,0,0,2,no,yes,no,no,d5d06411cb25d69f0973dc60944408f4ce4274bd6ddd8749fa2c7b531ed0d69f,
after,https://kujolang.ai/ecosystem/skills/videoops-fix-list-application/,content/skills/082-videoops-fix-list-application.md,software-detail,200,,yes,"default index,follow",https://kujolang.ai/ecosystem/skills/videoops-fix-list-application/,200,VideoOps fix list application — Kujo Agent Skill | Kujolang.ai,62,Use when applying Critic issues with one outcome per item.,58,VideoOps fix list application,H2:Quick Install > H2:Give this prompt to your agent > H1:VideoOps fix list application > H2:What it covers > H2:Released guidance > H2:Release boundary > H2:Source > H2:Source and catalog,183,en,,,Kujo Team,no,Organization|SoftwareSourceCode,3,31,10,0,NOT AVAILABLE — DATA ACCESS REQUIRED,3,0,0,2,no,yes,no,no,2e279fc641ba16a8ce0b79ab252c253d740d71bb3a3f0e0e586f557b9b64e510,
after,https://kujolang.ai/ecosystem/skills/videoops-generated-asset-manifesting/,content/skills/083-videoops-generated-asset-manifesting.md,software-detail,200,,yes,"default index,follow",https://kujolang.ai/ecosystem/skills/videoops-generated-asset-manifesting/,200,VideoOps generated asset manifesting — Kujo Agent Skill | Kujolang.ai,69,Use when registering generated assets with complete provenance and shot mapping.,80,VideoOps generated asset manifesting,H2:Quick Install > H2:Give this prompt to your agent > H1:VideoOps generated asset manifesting > H2:What it covers > H2:Released guidance > H2:Release boundary > H2:Source > H2:Source and catalog,184,en,,,Kujo Team,no,Organization|SoftwareSourceCode,3,31,10,0,NOT AVAILABLE — DATA ACCESS REQUIRED,3,0,0,2,no,yes,no,no,c99f3df16c9198f68abb6c75cf9e914dfd5aa958664a7cb6740f7b845ab5d8a0,
after,https://kujolang.ai/ecosystem/skills/videoops-generated-motion-production/,content/skills/084-videoops-generated-motion-production.md,software-detail,200,,yes,"default index,follow",https://kujolang.ai/ecosystem/skills/videoops-generated-motion-production/,200,VideoOps generated motion production — Kujo Agent Skill | Kujolang.ai,69,Use when creating a short purpose-built motion asset or loop.,61,VideoOps generated motion production,H2:Quick Install > H2:Give this prompt to your agent > H1:VideoOps generated motion production > H2:What it covers > H2:Released guidance > H2:Release boundary > H2:Source > H2:Source and catalog,183,en,,,Kujo Team,no,Organization|SoftwareSourceCode,3,31,10,0,NOT AVAILABLE — DATA ACCESS REQUIRED,3,0,0,2,no,yes,no,no,d335fa93e4a7831f9833bdc5c22aa9bb7160a1c3dac6b99f5e1257337ffb6e64,
after,https://kujolang.ai/ecosystem/skills/videoops-generated-still-production/,content/skills/085-videoops-generated-still-production.md,software-detail,200,,yes,"default index,follow",https://kujolang.ai/ecosystem/skills/videoops-generated-still-production/,200,VideoOps generated still production — Kujo Agent Skill | Kujolang.ai,68,Use when creating a project-specific still for an explicit GENERATE item.,73,VideoOps generated still production,H2:Quick Install > H2:Give this prompt to your agent > H1:VideoOps generated still production > H2:What it covers > H2:Released guidance > H2:Release boundary > H2:Source > H2:Source and catalog,184,en,,,Kujo Team,no,Organization|SoftwareSourceCode,3,31,10,0,NOT AVAILABLE — DATA ACCESS REQUIRED,3,0,0,2,no,yes,no,no,5132f56d28320e3d01f5d19727fd779812b48f4922c10eabfbb8d987319e9a57,
after,https://kujolang.ai/ecosystem/skills/videoops-generation-handoff/,content/skills/086-videoops-generation-handoff.md,software-detail,200,,yes,"default index,follow",https://kujolang.ai/ecosystem/skills/videoops-generation-handoff/,200,VideoOps generation handoff — Kujo Agent Skill | Kujolang.ai,60,Use when writing exact generation requests for unresolved custom media.,71,VideoOps generation handoff,H2:Quick Install > H2:Give this prompt to your agent > H1:VideoOps generation handoff > H2:What it covers > H2:Released guidance > H2:Release boundary > H2:Source > H2:Source and catalog,182,en,,,Kujo Team,no,Organization|SoftwareSourceCode,3,31,10,0,NOT AVAILABLE — DATA ACCESS REQUIRED,3,0,0,2,no,yes,no,no,ead14a7315d14830c621e9d74e0b259bd3e7fcff49874a765c5a17f01883951e,
after,https://kujolang.ai/ecosystem/skills/videoops-generation-variant-selection/,content/skills/087-videoops-generation-variant-selection.md,software-detail,200,,yes,"default index,follow",https://kujolang.ai/ecosystem/skills/videoops-generation-variant-selection/,200,VideoOps generation variant selection — Kujo Agent Skill | Kujolang.ai,70,Use when selecting among materially different generated media variants.,71,VideoOps generation variant selection,H2:Quick Install > H2:Give this prompt to your agent > H1:VideoOps generation variant selection > H2:What it covers > H2:Released guidance > H2:Release boundary > H2:Source > H2:Source and catalog,182,en,,,Kujo Team,no,Organization|SoftwareSourceCode,3,31,10,0,NOT AVAILABLE — DATA ACCESS REQUIRED,3,0,0,2,no,yes,no,no,e3e3f54a96f7aa92d5ab38518d32187784dc967f7481ce0307c5e0a1bd1b57a5,
after,https://kujolang.ai/ecosystem/skills/videoops-hyperframes-project-bootstrap/,content/skills/088-videoops-hyperframes-project-bootstrap.md,software-detail,200,,yes,"default index,follow",https://kujolang.ai/ecosystem/skills/videoops-hyperframes-project-bootstrap/,200,VideoOps hyperframes project bootstrap — Kujo Agent Skill | Kujolang.ai,71,Use when creating a composition with current HyperFrames conventions.,69,VideoOps hyperframes project bootstrap,H2:Quick Install > H2:Give this prompt to your agent > H1:VideoOps hyperframes project bootstrap > H2:What it covers > H2:Released guidance > H2:Release boundary > H2:Source > H2:Source and catalog,182,en,,,Kujo Team,no,Organization|SoftwareSourceCode,3,31,10,0,NOT AVAILABLE — DATA ACCESS REQUIRED,3,0,0,2,no,yes,no,no,0ed7a8440e1de40887cb1ab342383ea87722ae4373070c17b30e147b8dd09fe6,
after,https://kujolang.ai/ecosystem/skills/videoops-kinetic-typography/,content/skills/089-videoops-kinetic-typography.md,software-detail,200,,yes,"default index,follow",https://kujolang.ai/ecosystem/skills/videoops-kinetic-typography/,200,VideoOps kinetic typography — Kujo Agent Skill | Kujolang.ai,60,Use when implementing readable motion typography in HyperFrames.,64,VideoOps kinetic typography,H2:Quick Install > H2:Give this prompt to your agent > H1:VideoOps kinetic typography > H2:What it covers > H2:Released guidance > H2:Release boundary > H2:Source > H2:Source and catalog,180,en,,,Kujo Team,no,Organization|SoftwareSourceCode,3,31,10,0,NOT AVAILABLE — DATA ACCESS REQUIRED,3,0,0,2,no,yes,no,no,1a335e6cc6966b4958445fdacab356e25ad960f61d7d30900a79efae9b06004f,
after,https://kujolang.ai/ecosystem/skills/videoops-lens-product-capture/,content/skills/090-videoops-lens-product-capture.md,software-detail,200,,yes,"default index,follow",https://kujolang.ai/ecosystem/skills/videoops-lens-product-capture/,200,VideoOps lens product capture — Kujo Agent Skill | Kujolang.ai,62,"Use when capturing first-party terminal, UI, site, or product evidence for a planned shot.",90,VideoOps lens product capture,H2:Quick Install > H2:Give this prompt to your agent > H1:VideoOps lens product capture > H2:What it covers > H2:Released guidance > H2:Release boundary > H2:Source > H2:Source and catalog,187,en,,,Kujo Team,no,Organization|SoftwareSourceCode,3,31,10,0,NOT AVAILABLE — DATA ACCESS REQUIRED,3,0,0,2,no,yes,no,no,5e76d24d3f0a02d96d06b5b6e2e1489f9819017c6101de76af06da51d8e4c55d,
after,https://kujolang.ai/ecosystem/skills/videoops-licensed-media-research/,content/skills/091-videoops-licensed-media-research.md,software-detail,200,,yes,"default index,follow",https://kujolang.ai/ecosystem/skills/videoops-licensed-media-research/,200,VideoOps licensed media research — Kujo Agent Skill | Kujolang.ai,65,Use when researching external media with documented reuse rights.,65,VideoOps licensed media research,H2:Quick Install > H2:Give this prompt to your agent > H1:VideoOps licensed media research > H2:What it covers > H2:Released guidance > H2:Release boundary > H2:Source > H2:Source and catalog,182,en,,,Kujo Team,no,Organization|SoftwareSourceCode,3,31,10,0,NOT AVAILABLE — DATA ACCESS REQUIRED,3,0,0,2,no,yes,no,no,36801eecccc11611715c67ac438ed3670d1b63a87185a2a82b8dd033268ffc7c,
after,https://kujolang.ai/ecosystem/skills/videoops-media-compositing/,content/skills/092-videoops-media-compositing.md,software-detail,200,,yes,"default index,follow",https://kujolang.ai/ecosystem/skills/videoops-media-compositing/,200,VideoOps media compositing — Kujo Agent Skill | Kujolang.ai,59,"Use when placing and trimming approved image, video, GIF-derived, and audio assets.",83,VideoOps media compositing,H2:Quick Install > H2:Give this prompt to your agent > H1:VideoOps media compositing > H2:What it covers > H2:Released guidance > H2:Release boundary > H2:Source > H2:Source and catalog,184,en,,,Kujo Team,no,Organization|SoftwareSourceCode,3,31,10,0,NOT AVAILABLE — DATA ACCESS REQUIRED,3,0,0,2,no,yes,no,no,93dfcd82d31ac04d20fd07254332a896a33f32527ece2838969bfc9a8c75acdc,
after,https://kujolang.ai/ecosystem/skills/videoops-media-normalization/,content/skills/093-videoops-media-normalization.md,software-detail,200,,yes,"default index,follow",https://kujolang.ai/ecosystem/skills/videoops-media-normalization/,200,VideoOps media normalization — Kujo Agent Skill | Kujolang.ai,61,"Use when inspecting, trimming, and transcoding approved source media while preserving originals.",96,VideoOps media normalization,H2:Quick Install > H2:Give this prompt to your agent > H1:VideoOps media normalization > H2:What it covers > H2:Released guidance > H2:Release boundary > H2:Source > H2:Source and catalog,184,en,,,Kujo Team,no,Organization|SoftwareSourceCode,3,31,10,0,NOT AVAILABLE — DATA ACCESS REQUIRED,3,0,0,2,no,yes,no,no,458eb98754fbcb917491fce9af3c95d0ab0339acf21cd828e6d6f24df53d4b8f,
after,https://kujolang.ai/ecosystem/skills/videoops-media-provider-execution/,content/skills/094-videoops-media-provider-execution.md,software-detail,200,,yes,"default index,follow",https://kujolang.ai/ecosystem/skills/videoops-media-provider-execution/,200,VideoOps media provider execution — Kujo Agent Skill | Kujolang.ai,66,"Use when generating authorized voiceover, sound effects or music and importing local media through shared VideoOps adapters.",124,VideoOps media provider execution,H2:Quick Install > H2:Give this prompt to your agent > H1:VideoOps media provider execution > H2:What it covers > H2:Released guidance > H2:Release boundary > H2:Source > H2:Source and catalog,190,en,,,Kujo Team,no,Organization|SoftwareSourceCode,3,31,10,0,NOT AVAILABLE — DATA ACCESS REQUIRED,3,0,0,2,no,yes,no,no,70fa43fbfb07cf7e3f1ff1531b18a9cb15a91d4dd7e0cbb925f4d28c16ea2097,
after,https://kujolang.ai/ecosystem/skills/videoops-motion-quality-review/,content/skills/095-videoops-motion-quality-review.md,software-detail,200,,yes,"default index,follow",https://kujolang.ai/ecosystem/skills/videoops-motion-quality-review/,200,VideoOps motion quality review — Kujo Agent Skill | Kujolang.ai,63,"Use when reviewing transitions, easing, distortion, compositing, and effect use.",80,VideoOps motion quality review,H2:Quick Install > H2:Give this prompt to your agent > H1:VideoOps motion quality review > H2:What it covers > H2:Released guidance > H2:Release boundary > H2:Source > H2:Source and catalog,183,en,,,Kujo Team,no,Organization|SoftwareSourceCode,3,31,10,0,NOT AVAILABLE — DATA ACCESS REQUIRED,3,0,0,2,no,yes,no,no,f0a7a64c7610c57acb2cfcc7eba6075fb06c8508ee217b979f33846e3d9178bf,
after,https://kujolang.ai/ecosystem/skills/videoops-pacing-analysis/,content/skills/096-videoops-pacing-analysis.md,software-detail,200,,yes,"default index,follow",https://kujolang.ai/ecosystem/skills/videoops-pacing-analysis/,200,VideoOps pacing analysis — Kujo Agent Skill | Kujolang.ai,57,"Use when finding dead space, unreadable micro-cuts, uniform rhythm, and weak semantic timing.",93,VideoOps pacing analysis,H2:Quick Install > H2:Give this prompt to your agent > H1:VideoOps pacing analysis > H2:What it covers > H2:Released guidance > H2:Release boundary > H2:Source > H2:Source and catalog,185,en,,,Kujo Team,no,Organization|SoftwareSourceCode,3,31,10,0,NOT AVAILABLE — DATA ACCESS REQUIRED,3,0,0,2,no,yes,no,no,2e7833570719a97a00832ce6c42c0c891a8589b915f2b1d646cbbe7a78091be3,
after,https://kujolang.ai/ecosystem/skills/videoops-platform-duration-planning/,content/skills/097-videoops-platform-duration-planning.md,software-detail,200,,yes,"default index,follow",https://kujolang.ai/ecosystem/skills/videoops-platform-duration-planning/,200,VideoOps platform duration planning — Kujo Agent Skill | Kujolang.ai,68,"Use when enforcing project video dimensions, FPS, and duration.",63,VideoOps platform duration planning,H2:Quick Install > H2:Give this prompt to your agent > H1:VideoOps platform duration planning > H2:What it covers > H2:Released guidance > H2:Release boundary > H2:Source > H2:Source and catalog,182,en,,,Kujo Team,no,Organization|SoftwareSourceCode,3,31,10,0,NOT AVAILABLE — DATA ACCESS REQUIRED,3,0,0,2,no,yes,no,no,d2d6637b49111f2e3191195e1c2be3b53c7fdd9657c32aab5e04ce16f906ba8e,
after,https://kujolang.ai/ecosystem/skills/videoops-render-validation/,content/skills/098-videoops-render-validation.md,software-detail,200,,yes,"default index,follow",https://kujolang.ai/ecosystem/skills/videoops-render-validation/,200,VideoOps render validation — Kujo Agent Skill | Kujolang.ai,59,Use when rendering and deterministically inspecting a HyperFrames output.,73,VideoOps render validation,H2:Quick Install > H2:Give this prompt to your agent > H1:VideoOps render validation > H2:What it covers > H2:Released guidance > H2:Release boundary > H2:Source > H2:Source and catalog,181,en,,,Kujo Team,no,Organization|SoftwareSourceCode,3,31,10,0,NOT AVAILABLE — DATA ACCESS REQUIRED,3,0,0,2,no,yes,no,no,273327feeb120f2bc02a6c5aa4558b0f2a5a209275471d633122f896c50d9ef0,
after,https://kujolang.ai/ecosystem/skills/videoops-shader-and-transition-selection/,content/skills/099-videoops-shader-and-transition-selection.md,software-detail,200,,yes,"default index,follow",https://kujolang.ai/ecosystem/skills/videoops-shader-and-transition-selection/,200,VideoOps shader and transition selection — Kujo Agent Skill | Kujolang.ai,73,Use when using effects selectively at meaningful video beats.,61,VideoOps shader and transition selection,H2:Quick Install > H2:Give this prompt to your agent > H1:VideoOps shader and transition selection > H2:What it covers > H2:Released guidance > H2:Release boundary > H2:Source > H2:Source and catalog,183,en,,,Kujo Team,no,Organization|SoftwareSourceCode,3,31,10,0,NOT AVAILABLE — DATA ACCESS REQUIRED,3,0,0,2,no,yes,no,no,9760017b7338975e4e128f2eefacc6332cbd2449ba5fc7687059af8934da83c7,
after,https://kujolang.ai/ecosystem/skills/videoops-shot-context-generation/,content/skills/100-videoops-shot-context-generation.md,software-detail,200,,yes,"default index,follow",https://kujolang.ai/ecosystem/skills/videoops-shot-context-generation/,200,VideoOps shot context generation — Kujo Agent Skill | Kujolang.ai,65,Use when generating media that fits its actual edit neighbors and timing.,73,VideoOps shot context generation,H2:Quick Install > H2:Give this prompt to your agent > H1:VideoOps shot context generation > H2:What it covers > H2:Released guidance > H2:Release boundary > H2:Source > H2:Source and catalog,185,en,,,Kujo Team,no,Organization|SoftwareSourceCode,3,31,10,0,NOT AVAILABLE — DATA ACCESS REQUIRED,3,0,0,2,no,yes,no,no,a3ee554f0d3952825bbcd393cb8adcc1e9abe9f7c56428c09e0855e593609a87,
after,https://kujolang.ai/ecosystem/skills/videoops-shot-list-to-timeline/,content/skills/101-videoops-shot-list-to-timeline.md,software-detail,200,,yes,"default index,follow",https://kujolang.ai/ecosystem/skills/videoops-shot-list-to-timeline/,200,VideoOps shot list to timeline — Kujo Agent Skill | Kujolang.ai,63,Use when mapping schema-valid shots into frame-accurate HyperFrames scenes.,75,VideoOps shot list to timeline,H2:Quick Install > H2:Give this prompt to your agent > H1:VideoOps shot list to timeline > H2:What it covers > H2:Released guidance > H2:Release boundary > H2:Source > H2:Source and catalog,183,en,,,Kujo Team,no,Organization|SoftwareSourceCode,3,31,10,0,NOT AVAILABLE — DATA ACCESS REQUIRED,3,0,0,2,no,yes,no,no,c5c5d80d40a12efc3edefa786229f86058dd92c67cb433504b9c91b197396ef2,
after,https://kujolang.ai/ecosystem/skills/videoops-shot-planning/,content/skills/102-videoops-shot-planning.md,software-detail,200,,yes,"default index,follow",https://kujolang.ai/ecosystem/skills/videoops-shot-planning/,200,VideoOps shot planning — Kujo Agent Skill | Kujolang.ai,55,Use when creating frame/time-bound VideoOps shot plans.,55,VideoOps shot planning,H2:Quick Install > H2:Give this prompt to your agent > H1:VideoOps shot planning > H2:What it covers > H2:Released guidance > H2:Release boundary > H2:Source > H2:Source and catalog,180,en,,,Kujo Team,no,Organization|SoftwareSourceCode,3,31,10,0,NOT AVAILABLE — DATA ACCESS REQUIRED,3,0,0,2,no,yes,no,no,eca76227014cf56912b4b55efdc8027b5064a4aaade23f369c4a4b55b8a54bcc,
after,https://kujolang.ai/ecosystem/skills/videoops-technical-render-review/,content/skills/103-videoops-technical-render-review.md,software-detail,200,,yes,"default index,follow",https://kujolang.ai/ecosystem/skills/videoops-technical-render-review/,200,VideoOps technical render review — Kujo Agent Skill | Kujolang.ai,65,"Use when checking render integrity, media, fonts, frames, dimensions, FPS, duration, and audio.",95,VideoOps technical render review,H2:Quick Install > H2:Give this prompt to your agent > H1:VideoOps technical render review > H2:What it covers > H2:Released guidance > H2:Release boundary > H2:Source > H2:Source and catalog,186,en,,,Kujo Team,no,Organization|SoftwareSourceCode,3,31,10,0,NOT AVAILABLE — DATA ACCESS REQUIRED,3,0,0,2,no,yes,no,no,48ee5b61ca9288042f10d8889ec81a66fc6380332faa8df241642739f26fb76c,
after,https://kujolang.ai/ecosystem/skills/videoops-transcript-and-onscreen-copy/,content/skills/104-videoops-transcript-and-onscreen-copy.md,software-detail,200,,yes,"default index,follow",https://kujolang.ai/ecosystem/skills/videoops-transcript-and-onscreen-copy/,200,VideoOps transcript and onscreen copy — Kujo Agent Skill | Kujolang.ai,70,Use when writing duration-aware VideoOps voiceover and onscreen copy.,69,VideoOps transcript and onscreen copy,H2:Quick Install > H2:Give this prompt to your agent > H1:VideoOps transcript and onscreen copy > H2:What it covers > H2:Released guidance > H2:Release boundary > H2:Source > H2:Source and catalog,183,en,,,Kujo Team,no,Organization|SoftwareSourceCode,3,31,10,0,NOT AVAILABLE — DATA ACCESS REQUIRED,3,0,0,2,no,yes,no,no,dfeebffdbfce0f46f62f8eb04aab947b71bfffd328b2efa5b2de1c4cbc9e1133,
after,https://kujolang.ai/ecosystem/skills/videoops-video-brief-synthesis/,content/skills/105-videoops-video-brief-synthesis.md,software-detail,200,,yes,"default index,follow",https://kujolang.ai/ecosystem/skills/videoops-video-brief-synthesis/,200,VideoOps video brief synthesis — Kujo Agent Skill | Kujolang.ai,63,Use when turning validated VideoOps intake into a concise creative brief without inventing claims.,98,VideoOps video brief synthesis,H2:Quick Install > H2:Give this prompt to your agent > H1:VideoOps video brief synthesis > H2:What it covers > H2:Released guidance > H2:Release boundary > H2:Source > H2:Source and catalog,187,en,,,Kujo Team,no,Organization|SoftwareSourceCode,3,31,10,0,NOT AVAILABLE — DATA ACCESS REQUIRED,3,0,0,2,no,yes,no,no,e3a4514d1758f6238d3315050becbd9e4c40ec8d3d7a0f160a1fc8257c71dfc6,
after,https://kujolang.ai/ecosystem/skills/videoops-video-spec-comparison/,content/skills/106-videoops-video-spec-comparison.md,software-detail,200,,yes,"default index,follow",https://kujolang.ai/ecosystem/skills/videoops-video-spec-comparison/,200,VideoOps video spec comparison — Kujo Agent Skill | Kujolang.ai,63,Use when comparing a rendered draft with approved planning artifacts.,69,VideoOps video spec comparison,H2:Quick Install > H2:Give this prompt to your agent > H1:VideoOps video spec comparison > H2:What it covers > H2:Released guidance > H2:Release boundary > H2:Source > H2:Source and catalog,183,en,,,Kujo Team,no,Organization|SoftwareSourceCode,3,31,10,0,NOT AVAILABLE — DATA ACCESS REQUIRED,3,0,0,2,no,yes,no,no,be4c4c8f84e23aea916e5875aee5655f970aa38b96ef89e389a387c06ee04802,
after,https://kujolang.ai/ecosystem/skills/videoops-visual-hierarchy-review/,content/skills/107-videoops-visual-hierarchy-review.md,software-detail,200,,yes,"default index,follow",https://kujolang.ai/ecosystem/skills/videoops-visual-hierarchy-review/,200,VideoOps visual hierarchy review — Kujo Agent Skill | Kujolang.ai,65,"Use when reviewing legibility, crop, clutter, focus, and text priority.",71,VideoOps visual hierarchy review,H2:Quick Install > H2:Give this prompt to your agent > H1:VideoOps visual hierarchy review > H2:What it covers > H2:Released guidance > H2:Release boundary > H2:Source > H2:Source and catalog,183,en,,,Kujo Team,no,Organization|SoftwareSourceCode,3,31,10,0,NOT AVAILABLE — DATA ACCESS REQUIRED,3,0,0,2,no,yes,no,no,2776ab0851839cb41ece8480bd68852593927b117b6bdd440f99ec1b319945be,
after,https://kujolang.ai/ecosystem/skills/videoops-visual-reference-decomposition/,content/skills/108-videoops-visual-reference-decomposition.md,software-detail,200,,yes,"default index,follow",https://kujolang.ai/ecosystem/skills/videoops-visual-reference-decomposition/,200,VideoOps visual reference decomposition — Kujo Agent Skill | Kujolang.ai,72,Use when extracting reusable production principles from video references.,73,VideoOps visual reference decomposition,H2:Quick Install > H2:Give this prompt to your agent > H1:VideoOps visual reference decomposition > H2:What it covers > H2:Released guidance > H2:Release boundary > H2:Source > H2:Source and catalog,182,en,,,Kujo Team,no,Organization|SoftwareSourceCode,3,31,10,0,NOT AVAILABLE — DATA ACCESS REQUIRED,3,0,0,2,no,yes,no,no,415d81ab985137fdc1a2e43dc46e0858e8c386c2ee581b21cb93a60c4df3a5de,
after,https://kujolang.ai/ecosystem/skills/webops-accessibility-review/,content/skills/109-webops-accessibility-review.md,software-detail,200,,yes,"default index,follow",https://kujolang.ai/ecosystem/skills/webops-accessibility-review/,200,WebOps Accessibility Review — Kujo Agent Skill | Kujolang.ai,60,Use when running repeatable automated accessibility review with explicit manual gaps.,85,WebOps Accessibility Review,H2:Quick Install > H2:Give this prompt to your agent > H1:WebOps Accessibility Review > H2:What it covers > H2:Released guidance > H2:Release boundary > H2:Source > H2:Source and catalog,179,en,,,Kujo Team,no,Organization|SoftwareSourceCode,3,31,10,0,NOT AVAILABLE — DATA ACCESS REQUIRED,3,0,0,2,no,yes,no,no,a90aa72f45024b4f2fe7532a55a735737771addd4bb945be1a4d65a5d810081a,
after,https://kujolang.ai/ecosystem/skills/webops-ai-search-visibility/,content/skills/110-webops-ai-search-visibility.md,software-detail,200,,yes,"default index,follow",https://kujolang.ai/ecosystem/skills/webops-ai-search-visibility/,200,WebOps AI Search Visibility — Kujo Agent Skill | Kujolang.ai,60,Use when running repeatable AI/search visibility benchmark suites.,66,WebOps AI Search Visibility,H2:Quick Install > H2:Give this prompt to your agent > H1:WebOps AI Search Visibility > H2:What it covers > H2:Released guidance > H2:Release boundary > H2:Source > H2:Source and catalog,178,en,,,Kujo Team,no,Organization|SoftwareSourceCode,3,31,10,0,NOT AVAILABLE — DATA ACCESS REQUIRED,3,0,0,2,no,yes,no,no,915963be6d65b9a2d07793860d7b98372a8d6f359429c441a3b8306f2404a3a9,
after,https://kujolang.ai/ecosystem/skills/webops-analytics-analysis/,content/skills/111-webops-analytics-analysis.md,software-detail,200,,yes,"default index,follow",https://kujolang.ai/ecosystem/skills/webops-analytics-analysis/,200,WebOps Analytics Analysis — Kujo Agent Skill | Kujolang.ai,58,Use when analyzing real website behavior from normalized analytics evidence.,76,WebOps Analytics Analysis,H2:Quick Install > H2:Give this prompt to your agent > H1:WebOps Analytics Analysis > H2:What it covers > H2:Released guidance > H2:Release boundary > H2:Source > H2:Source and catalog,178,en,,,Kujo Team,no,Organization|SoftwareSourceCode,3,31,10,0,NOT AVAILABLE — DATA ACCESS REQUIRED,3,0,0,2,no,yes,no,no,9e16ff7b73c5f479987f5588c8901556c7d8fa3b4ec085b1845e5389a0ef0e3a,
after,https://kujolang.ai/ecosystem/skills/webops-backlink-and-mention-analysis/,content/skills/112-webops-backlink-and-mention-analysis.md,software-detail,200,,yes,"default index,follow",https://kujolang.ai/ecosystem/skills/webops-backlink-and-mention-analysis/,200,WebOps Backlink And Mention Analysis — Kujo Agent Skill | Kujolang.ai,69,"Use when analyzing new/lost backlinks, linked and unlinked mentions, and evidence-backed link concerns.",103,WebOps Backlink And Mention Analysis,H2:Quick Install > H2:Give this prompt to your agent > H1:WebOps Backlink And Mention Analysis > H2:What it covers > H2:Released guidance > H2:Release boundary > H2:Source > H2:Source and catalog,184,en,,,Kujo Team,no,Organization|SoftwareSourceCode,3,31,10,0,NOT AVAILABLE — DATA ACCESS REQUIRED,3,0,0,2,no,yes,no,no,8cc3d382b3d536b4f8625e0fb5a3b37e3395f85663be486ab826657fb81230ba,
after,https://kujolang.ai/ecosystem/skills/webops-cannibalization/,content/skills/113-webops-cannibalization.md,software-detail,200,,yes,"default index,follow",https://kujolang.ai/ecosystem/skills/webops-cannibalization/,200,WebOps Cannibalization — Kujo Agent Skill | Kujolang.ai,55,Use when identifying likely intent competition while separating normal overlap.,79,WebOps Cannibalization,H2:Quick Install > H2:Give this prompt to your agent > H1:WebOps Cannibalization > H2:What it covers > H2:Released guidance > H2:Release boundary > H2:Source > H2:Source and catalog,177,en,,,Kujo Team,no,Organization|SoftwareSourceCode,3,31,10,0,NOT AVAILABLE — DATA ACCESS REQUIRED,3,0,0,2,no,yes,no,no,85491685d7ca4ef415045cf668395fa7b586d07fc3426212c68d8f5ca9795421,
after,https://kujolang.ai/ecosystem/skills/webops-capability-preflight/,content/skills/114-webops-capability-preflight.md,software-detail,200,,yes,"default index,follow",https://kujolang.ai/ecosystem/skills/webops-capability-preflight/,200,WebOps Capability Preflight — Kujo Agent Skill | Kujolang.ai,60,"Use when checking which WebOps website, repository, browser, search, analytics, performance, backlink, keyword, publishing, distribution, or submission capabilities are available.",179,WebOps Capability Preflight,H2:Quick Install > H2:Give this prompt to your agent > H1:WebOps Capability Preflight > H2:What it covers > H2:Released guidance > H2:Release boundary > H2:Source > H2:Source and catalog,187,en,,,Kujo Team,no,Organization|SoftwareSourceCode,3,31,10,0,NOT AVAILABLE — DATA ACCESS REQUIRED,3,0,0,2,no,yes,no,no,cf438e81064449b908b155df1fc3743c79881d480a772ed88350c4a9d319d9ca,
after,https://kujolang.ai/ecosystem/skills/webops-competitor-intelligence/,content/skills/115-webops-competitor-intelligence.md,software-detail,200,,yes,"default index,follow",https://kujolang.ai/ecosystem/skills/webops-competitor-intelligence/,200,WebOps Competitor Intelligence — Kujo Agent Skill | Kujolang.ai,63,Use when monitoring selected public competitors or peers for meaningful change.,79,WebOps Competitor Intelligence,H2:Quick Install > H2:Give this prompt to your agent > H1:WebOps Competitor Intelligence > H2:What it covers > H2:Released guidance > H2:Release boundary > H2:Source > H2:Source and catalog,178,en,,,Kujo Team,no,Organization|SoftwareSourceCode,3,31,10,0,NOT AVAILABLE — DATA ACCESS REQUIRED,3,0,0,2,no,yes,no,no,d460cfcfb2da3247b396b6c49b716199ca00a325cd5da197875192e482fa6812,
after,https://kujolang.ai/ecosystem/skills/webops-content-accuracy/,content/skills/116-webops-content-accuracy.md,software-detail,200,,yes,"default index,follow",https://kujolang.ai/ecosystem/skills/webops-content-accuracy/,200,WebOps Content Accuracy — Kujo Agent Skill | Kujolang.ai,56,Use when reviewing website claims for outdated or invalid guidance.,67,WebOps Content Accuracy,H2:Quick Install > H2:Give this prompt to your agent > H1:WebOps Content Accuracy > H2:What it covers > H2:Released guidance > H2:Release boundary > H2:Source > H2:Source and catalog,177,en,,,Kujo Team,no,Organization|SoftwareSourceCode,3,31,10,0,NOT AVAILABLE — DATA ACCESS REQUIRED,3,0,0,2,no,yes,no,no,50cb29ce1df41de0a1d04b35a40173bfa728b57c6b4dc0bfca5b98242e87b45f,
after,https://kujolang.ai/ecosystem/skills/webops-content-decay/,content/skills/117-webops-content-decay.md,software-detail,200,,yes,"default index,follow",https://kujolang.ai/ecosystem/skills/webops-content-decay/,200,WebOps Content Decay — Kujo Agent Skill | Kujolang.ai,53,Use when identifying content deterioration or staleness without conflating age and decline.,91,WebOps Content Decay,H2:Quick Install > H2:Give this prompt to your agent > H1:WebOps Content Decay > H2:What it covers > H2:Released guidance > H2:Release boundary > H2:Source > H2:Source and catalog,179,en,,,Kujo Team,no,Organization|SoftwareSourceCode,3,31,10,0,NOT AVAILABLE — DATA ACCESS REQUIRED,3,0,0,2,no,yes,no,no,c002cd96901580cfed4c7ede82b356bf0b0d043849f0116de8957a0ab5d3e8da,
after,https://kujolang.ai/ecosystem/skills/webops-content-gap/,content/skills/118-webops-content-gap.md,software-detail,200,,yes,"default index,follow",https://kujolang.ai/ecosystem/skills/webops-content-gap/,200,WebOps Content Gap — Kujo Agent Skill | Kujolang.ai,51,Use when classifying site coverage against audience/search needs.,65,WebOps Content Gap,H2:Quick Install > H2:Give this prompt to your agent > H1:WebOps Content Gap > H2:What it covers > H2:Released guidance > H2:Release boundary > H2:Source > H2:Source and catalog,176,en,,,Kujo Team,no,Organization|SoftwareSourceCode,3,31,10,0,NOT AVAILABLE — DATA ACCESS REQUIRED,3,0,0,2,no,yes,no,no,e28939da52dae9275615db38e4a92e020c3ba3ad68cf243744e4e1d20a0e33cf,
after,https://kujolang.ai/ecosystem/skills/webops-content-portfolio/,content/skills/119-webops-content-portfolio.md,software-detail,200,,yes,"default index,follow",https://kujolang.ai/ecosystem/skills/webops-content-portfolio/,200,WebOps Content Portfolio — Kujo Agent Skill | Kujolang.ai,57,Use when assigning longitudinal content portfolio states.,57,WebOps Content Portfolio,H2:Quick Install > H2:Give this prompt to your agent > H1:WebOps Content Portfolio > H2:What it covers > H2:Released guidance > H2:Release boundary > H2:Source > H2:Source and catalog,172,en,,,Kujo Team,no,Organization|SoftwareSourceCode,3,31,10,0,NOT AVAILABLE — DATA ACCESS REQUIRED,3,0,0,2,no,yes,no,no,4509b8320f5ebfe86d95f5859b763fbdd2246b10cf2bcc101b781b02ab57d44a,
after,https://kujolang.ai/ecosystem/skills/webops-content-pruning/,content/skills/120-webops-content-pruning.md,software-detail,200,,yes,"default index,follow",https://kujolang.ai/ecosystem/skills/webops-content-pruning/,200,WebOps Content Pruning — Kujo Agent Skill | Kujolang.ai,55,"Use when reviewing obsolete or redundant content for keep, refresh, merge, redirect, or retire proposals.",105,WebOps Content Pruning,H2:Quick Install > H2:Give this prompt to your agent > H1:WebOps Content Pruning > H2:What it covers > H2:Released guidance > H2:Release boundary > H2:Source > H2:Source and catalog,186,en,,,Kujo Team,no,Organization|SoftwareSourceCode,3,31,10,0,NOT AVAILABLE — DATA ACCESS REQUIRED,3,0,0,2,no,yes,no,no,465fcb39aec003887a8a9986d12ea6d87ef4665a70c31dc203c0a07dbb4a7778,
after,https://kujolang.ai/ecosystem/skills/webops-distribution/,content/skills/121-webops-distribution.md,software-detail,200,,yes,"default index,follow",https://kujolang.ai/ecosystem/skills/webops-distribution/,200,WebOps Distribution — Kujo Agent Skill | Kujolang.ai,52,Use when creating source-grounded distribution assets and optionally publishing with ACT authority.,99,WebOps Distribution,H2:Quick Install > H2:Give this prompt to your agent > H1:WebOps Distribution > H2:What it covers > H2:Released guidance > H2:Release boundary > H2:Source > H2:Source and catalog,179,en,,,Kujo Team,no,Organization|SoftwareSourceCode,3,31,10,0,NOT AVAILABLE — DATA ACCESS REQUIRED,3,0,0,2,no,yes,no,no,da702b2bd057a9df946398a230ffd29bd77feaa37f6f2fa646b0e4fe608588f2,
after,https://kujolang.ai/ecosystem/skills/webops-indexation/,content/skills/122-webops-indexation.md,software-detail,200,,yes,"default index,follow",https://kujolang.ai/ecosystem/skills/webops-indexation/,200,WebOps Indexation — Kujo Agent Skill | Kujolang.ai,50,"Use when auditing crawlability, local indexability, and confirmed provider index state.",87,WebOps Indexation,H2:Quick Install > H2:Give this prompt to your agent > H1:WebOps Indexation > H2:What it covers > H2:Released guidance > H2:Release boundary > H2:Source > H2:Source and catalog,178,en,,,Kujo Team,no,Organization|SoftwareSourceCode,3,31,10,0,NOT AVAILABLE — DATA ACCESS REQUIRED,3,0,0,2,no,yes,no,no,b06025344a570cddb4ffe10bdf5b1866f0b8f9e3605f66f5c7e836bb23ca6f10,
after,https://kujolang.ai/ecosystem/skills/webops-information-architecture/,content/skills/123-webops-information-architecture.md,software-detail,200,,yes,"default index,follow",https://kujolang.ai/ecosystem/skills/webops-information-architecture/,200,WebOps Information Architecture — Kujo Agent Skill | Kujolang.ai,64,"Use when auditing site navigation, hierarchy, taxonomy, URLs, depth, clusters, and discoverability.",99,WebOps Information Architecture,H2:Quick Install > H2:Give this prompt to your agent > H1:WebOps Information Architecture > H2:What it covers > H2:Released guidance > H2:Release boundary > H2:Source > H2:Source and catalog,180,en,,,Kujo Team,no,Organization|SoftwareSourceCode,3,31,10,0,NOT AVAILABLE — DATA ACCESS REQUIRED,3,0,0,2,no,yes,no,no,f847227abc4fab94329dbf18f68fab19a0f463386c9c8ec712775078a48ceff0,
after,https://kujolang.ai/ecosystem/skills/webops-internal-linking/,content/skills/124-webops-internal-linking.md,software-detail,200,,yes,"default index,follow",https://kujolang.ai/ecosystem/skills/webops-internal-linking/,200,WebOps Internal Linking — Kujo Agent Skill | Kujolang.ai,56,"Use when analyzing, proposing, or explicitly applying contextual internal links.",80,WebOps Internal Linking,H2:Quick Install > H2:Give this prompt to your agent > H1:WebOps Internal Linking > H2:What it covers > H2:Released guidance > H2:Release boundary > H2:Source > H2:Source and catalog,179,en,,,Kujo Team,no,Organization|SoftwareSourceCode,3,31,10,0,NOT AVAILABLE — DATA ACCESS REQUIRED,3,0,0,2,no,yes,no,no,9d67310aaa4237370e71660933dd01f6432c5c6ca3051c1eb12cbc3593592285,
after,https://kujolang.ai/ecosystem/skills/webops-keyword-opportunity/,content/skills/125-webops-keyword-opportunity.md,software-detail,200,,yes,"default index,follow",https://kujolang.ai/ecosystem/skills/webops-keyword-opportunity/,200,WebOps Keyword Opportunity — Kujo Agent Skill | Kujolang.ai,59,"Use when finding query opportunities while separating measurement, estimates, and public research.",98,WebOps Keyword Opportunity,H2:Quick Install > H2:Give this prompt to your agent > H1:WebOps Keyword Opportunity > H2:What it covers > H2:Released guidance > H2:Release boundary > H2:Source > H2:Source and catalog,178,en,,,Kujo Team,no,Organization|SoftwareSourceCode,3,31,10,0,NOT AVAILABLE — DATA ACCESS REQUIRED,3,0,0,2,no,yes,no,no,c34b907358796887a4cdeb9220b0d16255f962b591896a4e88fd6507b530a2c4,
after,https://kujolang.ai/ecosystem/skills/webops-link-health/,content/skills/126-webops-link-health.md,software-detail,200,,yes,"default index,follow",https://kujolang.ai/ecosystem/skills/webops-link-health/,200,WebOps Link Health — Kujo Agent Skill | Kujolang.ai,51,"Use when auditing broken, redirected, malformed, or unexpected links.",69,WebOps Link Health,H2:Quick Install > H2:Give this prompt to your agent > H1:WebOps Link Health > H2:What it covers > H2:Released guidance > H2:Release boundary > H2:Source > H2:Source and catalog,178,en,,,Kujo Team,no,Organization|SoftwareSourceCode,3,31,10,0,NOT AVAILABLE — DATA ACCESS REQUIRED,3,0,0,2,no,yes,no,no,ada67ea9b6e1f79160804d0102f130f8fa98a01c494a2c04ff148023cd1929e0,
after,https://kujolang.ai/ecosystem/skills/webops-longitudinal-findings/,content/skills/127-webops-longitudinal-findings.md,software-detail,200,,yes,"default index,follow",https://kujolang.ai/ecosystem/skills/webops-longitudinal-findings/,200,WebOps Longitudinal Findings — Kujo Agent Skill | Kujolang.ai,61,"Use when creating, comparing, or updating stable WebOps findings, recommendations, actions, outcomes, and recurring-run history.",128,WebOps Longitudinal Findings,H2:Quick Install > H2:Give this prompt to your agent > H1:WebOps Longitudinal Findings > H2:What it covers > H2:Released guidance > H2:Release boundary > H2:Source > H2:Source and catalog,182,en,,,Kujo Team,no,Organization|SoftwareSourceCode,3,31,10,0,NOT AVAILABLE — DATA ACCESS REQUIRED,3,0,0,2,no,yes,no,no,b7b4cbc21fe65d19aa3bf7bbc8a8403571894eaaf246f5b2e1212de2c2f152c7,
after,https://kujolang.ai/ecosystem/skills/webops-reporting/,content/skills/128-webops-reporting.md,software-detail,200,,yes,"default index,follow",https://kujolang.ai/ecosystem/skills/webops-reporting/,200,WebOps Reporting — Kujo Agent Skill | Kujolang.ai,49,Use when synthesizing validated specialist evidence into quiet WebOps reports.,78,WebOps Reporting,H2:Quick Install > H2:Give this prompt to your agent > H1:WebOps Reporting > H2:What it covers > H2:Released guidance > H2:Release boundary > H2:Source > H2:Source and catalog,178,en,,,Kujo Team,no,Organization|SoftwareSourceCode,3,31,10,0,NOT AVAILABLE — DATA ACCESS REQUIRED,3,0,0,2,no,yes,no,no,28c331be4990ee5e3fdc5938f1a5331e1b56144bc04cb188242db11f7ed3b02e,
after,https://kujolang.ai/ecosystem/skills/webops-schema-and-metadata/,content/skills/129-webops-schema-and-metadata.md,software-detail,200,,yes,"default index,follow",https://kujolang.ai/ecosystem/skills/webops-schema-and-metadata/,200,WebOps Schema And Metadata — Kujo Agent Skill | Kujolang.ai,59,Use when auditing structured data and page/social metadata.,59,WebOps Schema And Metadata,H2:Quick Install > H2:Give this prompt to your agent > H1:WebOps Schema And Metadata > H2:What it covers > H2:Released guidance > H2:Release boundary > H2:Source > H2:Source and catalog,177,en,,,Kujo Team,no,Organization|SoftwareSourceCode,3,31,10,0,NOT AVAILABLE — DATA ACCESS REQUIRED,3,0,0,2,no,yes,no,no,64a4e08093a71a970f42f734ed86c8ebe55f742eb00f6130d963643abbcdaa02,
after,https://kujolang.ai/ecosystem/skills/webops-search-performance/,content/skills/130-webops-search-performance.md,software-detail,200,,yes,"default index,follow",https://kujolang.ai/ecosystem/skills/webops-search-performance/,200,WebOps Search Performance — Kujo Agent Skill | Kujolang.ai,58,Use when analyzing longitudinal measured search performance.,60,WebOps Search Performance,H2:Quick Install > H2:Give this prompt to your agent > H1:WebOps Search Performance > H2:What it covers > H2:Released guidance > H2:Release boundary > H2:Source > H2:Source and catalog,175,en,,,Kujo Team,no,Organization|SoftwareSourceCode,3,31,10,0,NOT AVAILABLE — DATA ACCESS REQUIRED,3,0,0,2,no,yes,no,no,11f646a031bfc82d2bc8d494431321c75cbe46df7d257a6c59fc1cd2c84d4ead,
after,https://kujolang.ai/ecosystem/skills/webops-search-standards-watch/,content/skills/131-webops-search-standards-watch.md,software-detail,200,,yes,"default index,follow",https://kujolang.ai/ecosystem/skills/webops-search-standards-watch/,200,WebOps Search Standards Watch — Kujo Agent Skill | Kujolang.ai,62,"Use when monitoring authoritative search, indexing, structured-data, analytics, browser, AI-search, and web-standard changes.",125,WebOps Search Standards Watch,H2:Quick Install > H2:Give this prompt to your agent > H1:WebOps Search Standards Watch > H2:What it covers > H2:Released guidance > H2:Release boundary > H2:Source > H2:Source and catalog,182,en,,,Kujo Team,no,Organization|SoftwareSourceCode,3,31,10,0,NOT AVAILABLE — DATA ACCESS REQUIRED,3,0,0,2,no,yes,no,no,3aa2202fe98c45189cf203dc13752578b4189b106de83651b0ae0529c02379e8,
after,https://kujolang.ai/ecosystem/skills/webops-search-submission/,content/skills/132-webops-search-submission.md,software-detail,200,,yes,"default index,follow",https://kujolang.ai/ecosystem/skills/webops-search-submission/,200,WebOps Search Submission — Kujo Agent Skill | Kujolang.ai,57,Use when preflighting or performing explicit ACT search submission through supported providers.,95,WebOps Search Submission,H2:Quick Install > H2:Give this prompt to your agent > H1:WebOps Search Submission > H2:What it covers > H2:Released guidance > H2:Release boundary > H2:Source > H2:Source and catalog,180,en,,,Kujo Team,no,Organization|SoftwareSourceCode,3,31,10,0,NOT AVAILABLE — DATA ACCESS REQUIRED,3,0,0,2,no,yes,no,no,1c4d15f31cb6ada647f2017ec6a3ae846c29d6d786fd3939998324cc05e4c834,
after,https://kujolang.ai/ecosystem/skills/webops-site-profile/,content/skills/133-webops-site-profile.md,software-detail,200,,yes,"default index,follow",https://kujolang.ai/ecosystem/skills/webops-site-profile/,200,WebOps Site Profile — Kujo Agent Skill | Kujolang.ai,52,"Use when configuring or validating a portable WebOps site profile, repository binding, integration references, permission default, or site identity.",148,WebOps Site Profile,H2:Quick Install > H2:Give this prompt to your agent > H1:WebOps Site Profile > H2:What it covers > H2:Released guidance > H2:Release boundary > H2:Source > H2:Source and catalog,186,en,,,Kujo Team,no,Organization|SoftwareSourceCode,3,31,10,0,NOT AVAILABLE — DATA ACCESS REQUIRED,3,0,0,2,no,yes,no,no,484c28d0aa6ed98fa270afcb23a0689e4041ed51cb6d14c01392f0190168f0a1,
after,https://kujolang.ai/ecosystem/skills/webops-technical-seo/,content/skills/134-webops-technical-seo.md,software-detail,200,,yes,"default index,follow",https://kujolang.ai/ecosystem/skills/webops-technical-seo/,200,WebOps Technical SEO — Kujo Agent Skill | Kujolang.ai,53,Use when performing a deterministic technical SEO audit from crawl evidence.,76,WebOps Technical SEO,H2:Quick Install > H2:Give this prompt to your agent > H1:WebOps Technical SEO > H2:What it covers > H2:Released guidance > H2:Release boundary > H2:Source > H2:Source and catalog,178,en,,,Kujo Team,no,Organization|SoftwareSourceCode,3,31,10,0,NOT AVAILABLE — DATA ACCESS REQUIRED,3,0,0,2,no,yes,no,no,8fa11e8c15f6a9559667a040574a1a220141d636d92919b2d8eb96abf36dd450,
after,https://kujolang.ai/ecosystem/skills/webops-web-performance/,content/skills/135-webops-web-performance.md,software-detail,200,,yes,"default index,follow",https://kujolang.ai/ecosystem/skills/webops-web-performance/,200,WebOps Web Performance — Kujo Agent Skill | Kujolang.ai,55,Use when analyzing lab and field website performance as distinct evidence classes.,82,WebOps Web Performance,H2:Quick Install > H2:Give this prompt to your agent > H1:WebOps Web Performance > H2:What it covers > H2:Released guidance > H2:Release boundary > H2:Source > H2:Source and catalog,178,en,,,Kujo Team,no,Organization|SoftwareSourceCode,3,31,10,0,NOT AVAILABLE — DATA ACCESS REQUIRED,3,0,0,2,no,yes,no,no,598ef2d4786b38762939d5bc885616f69ae3a76d80960b338640cbc3edcf47fb,
after,https://kujolang.ai/ecosystem/spec/,content/ecosystem/12-spec.md,software-detail,200,,yes,"default index,follow",https://kujolang.ai/ecosystem/spec/,200,Spec — Kujo Ecosystem | Kujolang.ai,35,"Structured task contracts for goals, scope, acceptance criteria, risks, dependencies, approvals, exports, and evaluation requirements.",134,Spec,H2:Quick Install > H2:Give this prompt to your agent > H1:Spec > H2:What it does > H2:Why it belongs in Kujo > H2:Operating boundary > H2:Learn more > H2:Source and catalog,151,en,,,Kujo Team,no,Organization|SoftwareSourceCode,6,31,8,0,NOT AVAILABLE — DATA ACCESS REQUIRED,3,0,0,2,no,yes,no,no,f1d5456ae10f7de365d5264fd001a3678e739826638a6fb1bf6d934424baf775,
after,https://kujolang.ai/ecosystem/ssg/,content/ecosystem/43-ssg.md,software-detail,200,,yes,"default index,follow",https://kujolang.ai/ecosystem/ssg/,200,SSG — Kujo Ecosystem | Kujolang.ai,34,"Deterministic static publishing for Markdown, templates, taxonomies, metadata, feeds, sitemaps, robots, llms.txt, and starter content.",134,SSG,H2:Quick Install > H2:Give this prompt to your agent > H1:SSG > H2:What it does > H2:Why it belongs in Kujo > H2:Operating boundary > H2:Ability integration > H2:Learn more > H2:Source and catalog,243,en,,,Kujo Team,no,Organization|SoftwareSourceCode,6,32,8,0,NOT AVAILABLE — DATA ACCESS REQUIRED,3,0,0,2,no,yes,no,no,cf7c30a2faf9222bf027f408a4aabc7ef5b5466974d302b49f938f9f8cf54807,
after,https://kujolang.ai/ecosystem/storydesk/,content/ecosystem/53-storydesk.md,software-detail,200,,yes,"default index,follow",https://kujolang.ai/ecosystem/storydesk/,200,StoryDesk — Kujo Ecosystem | Kujolang.ai,40,"A local-first editorial control desk for ideas, campaigns, commissions, assignments, dependencies, packets, handoffs, and human review queues.",142,StoryDesk,H2:Quick Install > H2:Give this prompt to your agent > H1:StoryDesk > H2:What it does > H2:Durable editorial operations > H2:Why it belongs in Kujo > H2:Operating boundary > H2:Learn more > H2:Source and catalog,243,en,,,Kujo Team,no,Organization|SoftwareSourceCode,6,31,8,0,NOT AVAILABLE — DATA ACCESS REQUIRED,3,0,0,2,no,yes,no,no,b3528943eff5d43f657f331ca8c54841edcaba00e33826f5fc45cba1eb074428,
after,https://kujolang.ai/ecosystem/tooling/,templates/page-ecosystem-section.html,collection,200,,yes,"default index,follow",https://kujolang.ai/ecosystem/tooling/,200,Tooling ecosystem | Kujolang.ai,31,"Choose focused local-first tools for context, execution, publishing, evidence, safety, interface delivery, architecture, and release readiness.",143,Tooling,H2:Quick Install > H2:Give this prompt to your agent > H1:Tooling > H2:Tooling catalog > H2:Muzzle > H2:RunLedger > H2:ChangeBucket > H2:PatchBrief > H2:Concord > H2:ShipCheck > H2:PackWrite > H2:CaseFile > H2:Lens > H2:Ward > H2:Howl > H2:Workcell > H2:Redact > H2:SiteKit > H2:ContentGraph > H2:SearchBridge > H2:SiteProbe > H2:AssetWorks > H2:BluePencil > H2:Dossier > H2:GalleyPack > H2:PressWire > H2:ReaderSignal > H2:StoryDesk > H2:VersionSeal > H2:Kujo for Paperclip > H2:Commerce > H2:Kujo Pi,604,en,,,Kujo Team,no,CollectionPage|Organization,511,115,7,0,NOT AVAILABLE — DATA ACCESS REQUIRED,31,0,0,1,no,yes,no,no,809c6248e4b9ecd05697af90f764ab3c193add45e170354209c27a86b8d86cc4,
after,https://kujolang.ai/ecosystem/totalrecall/,content/ecosystem/44-totalrecall.md,software-detail,200,,yes,"default index,follow",https://kujolang.ai/ecosystem/totalrecall/,200,TotalRecall — Kujo Ecosystem | Kujolang.ai,42,"A local-first ingestion showcase that turns meetings, transcripts, chat exports, Slack threads, and GitHub activity into durable local knowledge.",145,TotalRecall,H2:Quick Install > H2:Give this prompt to your agent > H1:TotalRecall > H2:What it does > H2:Why it belongs in Kujo > H2:Operating boundary > H2:Learn more > H2:Source and catalog,173,en,,,Kujo Team,no,Organization|SoftwareSourceCode,6,31,8,0,NOT AVAILABLE — DATA ACCESS REQUIRED,3,0,0,2,no,yes,no,no,5e591ba061242e8a0c05d3d0485a34fa6aa0af81ad8599d44b8e08dc1fac81a2,
after,https://kujolang.ai/ecosystem/tribunal/,content/ecosystem/45-tribunal.md,software-detail,200,,yes,"default index,follow",https://kujolang.ai/ecosystem/tribunal/,200,Tribunal — Kujo Ecosystem | Kujolang.ai,39,"A local-first decision review engine that turns consequential proposals into adversarial hearings and durable, execution-ready decision evidence.",145,Tribunal,H2:Quick Install > H2:Give this prompt to your agent > H1:Tribunal > H2:What it does > H2:Tribunal 1.0.1 > H2:Durable decision evidence > H2:Why it belongs in Kujo > H2:Operating boundary > H2:Learn more > H2:Source and catalog,360,en,,,Kujo Team,no,Organization|SoftwareSourceCode,6,31,10,0,NOT AVAILABLE — DATA ACCESS REQUIRED,3,0,0,2,no,yes,no,no,8a8c37332b269eccb7f68078c5209ef9c87ce8e093581c1975064f64dbd340fd,
after,https://kujolang.ai/ecosystem/versionseal/,content/ecosystem/54-versionseal.md,software-detail,200,,yes,"default index,follow",https://kujolang.ai/ecosystem/versionseal/,200,VersionSeal — Kujo Ecosystem | Kujolang.ai,42,"A local-first approval ledger for exact-version human authorization, explicit scope, revocation, and checksum-backed verification.",130,VersionSeal,H2:Quick Install > H2:Give this prompt to your agent > H1:VersionSeal > H2:What it does > H2:Exact approval evidence > H2:Why it belongs in Kujo > H2:Operating boundary > H2:Learn more > H2:Source and catalog,230,en,,,Kujo Team,no,Organization|SoftwareSourceCode,6,31,8,0,NOT AVAILABLE — DATA ACCESS REQUIRED,3,0,0,2,no,yes,no,no,d0e982e3d68cea58eaf95932a2e6b89ee25fee80087da88fcfe9f071d95aa860,
after,https://kujolang.ai/ecosystem/ward/,content/ecosystem/32-ward.md,software-detail,200,,yes,"default index,follow",https://kujolang.ai/ecosystem/ward/,200,Ward — Kujo Ecosystem | Kujolang.ai,35,"A local Dependabot security command center for collecting alerts, planning remediation, preparing safe fixes, verifying changes, and generating reports.",152,Ward,H2:Quick Install > H2:Give this prompt to your agent > H1:Ward > H2:What it does > H2:Why it belongs in Kujo > H2:Operating boundary > H2:Source access > H2:Learn more > H2:Source and catalog,175,en,,,Kujo Team,no,Organization|SoftwareSourceCode,6,31,7,0,NOT AVAILABLE — DATA ACCESS REQUIRED,3,0,0,2,no,yes,no,no,5fb86412278018c95bd7219eeb39c36bddc882f3e928c5af7a6a7833df0b0267,
after,https://kujolang.ai/ecosystem/watchdog/,content/ecosystem/15-watchdog.md,software-detail,200,,yes,"default index,follow",https://kujolang.ai/ecosystem/watchdog/,200,Watchdog — Kujo Ecosystem | Kujolang.ai,39,"An OpenAI-compatible proxy and dashboard for request, tool, step, audit, cost, latency, error, and redaction telemetry.",119,Watchdog,H2:Quick Install > H2:Give this prompt to your agent > H1:Watchdog > H2:What it does > H2:Why it belongs in Kujo > H2:Operating boundary > H2:Learn more > H2:Source and catalog,169,en,,,Kujo Team,no,Organization|SoftwareSourceCode,6,31,8,0,NOT AVAILABLE — DATA ACCESS REQUIRED,3,0,0,2,no,yes,no,no,6f6899575d7d3b6b08b247341cab8987e6bef56ed1675db2bb0e4087ef4b210c,
after,https://kujolang.ai/ecosystem/workcell/,content/ecosystem/35-workcell.md,software-detail,200,,yes,"default index,follow",https://kujolang.ai/ecosystem/workcell/,200,Workcell — Kujo Ecosystem | Kujolang.ai,39,"Run bounded Kujo and agent workflows in disposable workspaces with explicit policy, selective artifact export, and verifiable evidence.",135,Workcell,H2:Quick Install > H2:Give this prompt to your agent > H1:Workcell > H2:What it does > H2:How it works > H2:Portable backends > H2:Evidence and recovery > H2:Why it belongs in Kujo > H2:Operating boundary > H2:Learn more > H2:Source and catalog,370,en,,,Kujo Team,no,Organization|SoftwareSourceCode,6,31,9,0,NOT AVAILABLE — DATA ACCESS REQUIRED,3,0,0,2,no,yes,no,no,dda04b2ef15744c55e71e6436d13b070ccdc261e0639c16a0dd86ff9815b5b86,
after,https://kujolang.ai/ecosystem/workflows/agency-runner/,content/workflows/002-agency-runner.md,software-detail,200,,yes,"default index,follow",https://kujolang.ai/ecosystem/workflows/agency-runner/,200,Agency Runner — Kujo Workflow | Kujolang.ai,43,Turn an agency task and site profile into a resumable local proof packet.,73,Agency Runner,H2:Quick Install > H2:Give this prompt to your agent > H1:Agency Runner > H2:Outcome > H2:Inputs > H2:Evidence and outputs > H2:Approval boundaries > H2:State and recovery > H2:Release boundary > H2:Source > H2:Source and catalog,184,en,,,Kujo Team,no,Organization|SoftwareSourceCode,6,31,10,0,NOT AVAILABLE — DATA ACCESS REQUIRED,3,0,0,2,no,yes,no,no,60fbf222e3973b66c600fdda671133de07b3895fc6ddd4affb198268de079760,
after,https://kujolang.ai/ecosystem/workflows/agency-verified-fix-loop/,content/workflows/003-agency-verified-fix-loop.md,software-detail,200,,yes,"default index,follow",https://kujolang.ai/ecosystem/workflows/agency-verified-fix-loop/,200,Agency Verified Fix Loop — Kujo Workflow | Kujolang.ai,54,Demonstrate a deterministic browser-visible fix with staged evidence and handoff.,81,Agency Verified Fix Loop,H2:Quick Install > H2:Give this prompt to your agent > H1:Agency Verified Fix Loop > H2:Outcome > H2:Inputs > H2:Evidence and outputs > H2:Approval boundaries > H2:State and recovery > H2:Release boundary > H2:Source > H2:Source and catalog,188,en,,,Kujo Team,no,Organization|SoftwareSourceCode,6,31,10,0,NOT AVAILABLE — DATA ACCESS REQUIRED,3,0,0,2,no,yes,no,no,d2f803f7dc75aed4c308966d11d8c86d92376b6d4eb78626ec827cb267cc408a,
after,https://kujolang.ai/ecosystem/workflows/ai-sdk-muzzle-benchmark/,content/workflows/004-ai-sdk-muzzle-benchmark.md,software-detail,200,,yes,"default index,follow",https://kujolang.ai/ecosystem/workflows/ai-sdk-muzzle-benchmark/,200,AI SDK Muzzle Benchmark — Kujo Workflow | Kujolang.ai,53,Compare raw and Muzzle-mediated AI SDK runs with token and transcript evidence.,79,AI SDK Muzzle Benchmark,H2:Quick Install > H2:Give this prompt to your agent > H1:AI SDK Muzzle Benchmark > H2:Outcome > H2:Inputs > H2:Evidence and outputs > H2:Approval boundaries > H2:State and recovery > H2:Release boundary > H2:Source > H2:Source and catalog,190,en,,,Kujo Team,no,Organization|SoftwareSourceCode,6,31,10,0,NOT AVAILABLE — DATA ACCESS REQUIRED,3,0,0,2,no,yes,no,no,259263143925cad6f33a48151c82e5c71430449146310c792317e2d1ea68d38b,
after,https://kujolang.ai/ecosystem/workflows/ai-sdk-watchdog-showcase/,content/workflows/005-ai-sdk-watchdog-showcase.md,software-detail,200,,yes,"default index,follow",https://kujolang.ai/ecosystem/workflows/ai-sdk-watchdog-showcase/,200,AI SDK Watchdog Showcase — Kujo Workflow | Kujolang.ai,54,Route AI SDK chat traffic through Watchdog and export telemetry.,64,AI SDK Watchdog Showcase,H2:Quick Install > H2:Give this prompt to your agent > H1:AI SDK Watchdog Showcase > H2:Outcome > H2:Inputs > H2:Evidence and outputs > H2:Approval boundaries > H2:State and recovery > H2:Release boundary > H2:Source > H2:Source and catalog,182,en,,,Kujo Team,no,Organization|SoftwareSourceCode,6,31,10,0,NOT AVAILABLE — DATA ACCESS REQUIRED,3,0,0,2,no,yes,no,no,b180c7d675c9b4d608b46384e40c7563267537b74aa32953aba8de87c00d15aa,
after,https://kujolang.ai/ecosystem/workflows/casefile-incident-evidence-packet/,content/workflows/006-casefile-incident-evidence-packet.md,software-detail,200,,yes,"default index,follow",https://kujolang.ai/ecosystem/workflows/casefile-incident-evidence-packet/,200,Casefile Incident Evidence Packet — Kujo Workflow | Kujolang.ai,63,Capture a deterministic failure into a redacted incident evidence bundle.,73,Casefile Incident Evidence Packet,H2:Quick Install > H2:Give this prompt to your agent > H1:Casefile Incident Evidence Packet > H2:Outcome > H2:Inputs > H2:Evidence and outputs > H2:Approval boundaries > H2:State and recovery > H2:Release boundary > H2:Source > H2:Source and catalog,179,en,,,Kujo Team,no,Organization|SoftwareSourceCode,6,31,10,0,NOT AVAILABLE — DATA ACCESS REQUIRED,3,0,0,2,no,yes,no,no,cb8487b263142c50d368033ca995be076bccc96353123027f4bcaf0ec7668877,
after,https://kujolang.ai/ecosystem/workflows/codebase-cleanup/,content/workflows/007-codebase-cleanup.md,software-detail,200,,yes,"default index,follow",https://kujolang.ai/ecosystem/workflows/codebase-cleanup/,200,Codebase Cleanup — Kujo Workflow | Kujolang.ai,46,"Reduce unnecessary repository code and complexity through evidence-classified analysis, reviewer-approved mechanical cleanup, verification rollback, and structured reporting.",174,Codebase Cleanup,H2:Quick Install > H2:Give this prompt to your agent > H1:Codebase Cleanup > H2:Outcome > H2:Inputs > H2:Evidence and outputs > H2:Approval boundaries > H2:State and recovery > H2:Release boundary > H2:Source > H2:Source and catalog,266,en,,,Kujo Team,no,Organization|SoftwareSourceCode,3,31,10,0,NOT AVAILABLE — DATA ACCESS REQUIRED,3,0,0,2,no,yes,no,no,47884271bd8be86230403b40e1621b38050d826eabc05c6a9d0aff11e19f9fd9,
after,https://kujolang.ai/ecosystem/workflows/docsgen-repo-contract-runner/,content/workflows/008-docsgen-repo-contract-runner.md,software-detail,200,,yes,"default index,follow",https://kujolang.ai/ecosystem/workflows/docsgen-repo-contract-runner/,200,Docsgen Repo Contract Runner — Kujo Workflow | Kujolang.ai,58,Generate a reviewable DocsGen contract packet for a chosen repository.,70,Docsgen Repo Contract Runner,H2:Quick Install > H2:Give this prompt to your agent > H1:Docsgen Repo Contract Runner > H2:Outcome > H2:Inputs > H2:Evidence and outputs > H2:Approval boundaries > H2:State and recovery > H2:Release boundary > H2:Source > H2:Source and catalog,186,en,,,Kujo Team,no,Organization|SoftwareSourceCode,3,31,10,0,NOT AVAILABLE — DATA ACCESS REQUIRED,3,0,0,2,no,yes,no,no,210c8d318563084b87eef99fdba2b9510a216cdffbefc0d7166dd5b088e917f2,
after,https://kujolang.ai/ecosystem/workflows/enterprise-dispatch-approval-router/,content/workflows/009-enterprise-dispatch-approval-router.md,software-detail,200,,yes,"default index,follow",https://kujolang.ai/ecosystem/workflows/enterprise-dispatch-approval-router/,200,Enterprise Dispatch Approval Router — Kujo Workflow | Kujolang.ai,65,Run a resumable Dispatch workflow with an explicit approval boundary and diagnostics.,85,Enterprise Dispatch Approval Router,H2:Quick Install > H2:Give this prompt to your agent > H1:Enterprise Dispatch Approval Router > H2:Outcome > H2:Inputs > H2:Evidence and outputs > H2:Approval boundaries > H2:State and recovery > H2:Release boundary > H2:Source > H2:Source and catalog,189,en,,,Kujo Team,no,Organization|SoftwareSourceCode,3,31,10,0,NOT AVAILABLE — DATA ACCESS REQUIRED,3,0,0,2,no,yes,no,no,72baec37380522d29678af619e6c21798d89564ed3696ab5f9e00c68ecac09b4,
after,https://kujolang.ai/ecosystem/workflows/feature-card-workflow/,content/workflows/010-feature-card-workflow.md,software-detail,200,,yes,"default index,follow",https://kujolang.ai/ecosystem/workflows/feature-card-workflow/,200,Feature Card Workflow — Kujo Workflow | Kujolang.ai,51,"Convert a developer task card into scoped implementation, verification, evidence and handoff.",93,Feature Card Workflow,H2:Quick Install > H2:Give this prompt to your agent > H1:Feature Card Workflow > H2:Outcome > H2:Inputs > H2:Evidence and outputs > H2:Approval boundaries > H2:State and recovery > H2:Release boundary > H2:Source > H2:Source and catalog,201,en,,,Kujo Team,no,Organization|SoftwareSourceCode,3,31,10,0,NOT AVAILABLE — DATA ACCESS REQUIRED,3,0,0,2,no,yes,no,no,66a6991b1aa4e8e36004c907a6e15e317441d1e643065f6f49bf1f10fd0672c2,
after,https://kujolang.ai/ecosystem/workflows/howl-content-factory/,content/workflows/011-howl-content-factory.md,software-detail,200,,yes,"default index,follow",https://kujolang.ai/ecosystem/workflows/howl-content-factory/,200,Howl Content Factory — Kujo Workflow | Kujolang.ai,50,Render deterministic content assets from real Kujo examples and a manifest.,75,Howl Content Factory,H2:Quick Install > H2:Give this prompt to your agent > H1:Howl Content Factory > H2:Outcome > H2:Inputs > H2:Evidence and outputs > H2:Approval boundaries > H2:State and recovery > H2:Release boundary > H2:Source > H2:Source and catalog,181,en,,,Kujo Team,no,Organization|SoftwareSourceCode,3,31,10,0,NOT AVAILABLE — DATA ACCESS REQUIRED,3,0,0,2,no,yes,no,no,13e329cd78162ebe579bab0bb19ae052eb7ccde53735489cce195753c769ef94,
after,https://kujolang.ai/ecosystem/workflows/,generated route,collection,200,,yes,"default index,follow",https://kujolang.ai/ecosystem/workflows/,200,Workflows | Kujolang.ai,23,"Browse all 44 local-first workflow kits released in kujo-workflows 0.6.0, with explicit inputs, boundaries, evidence, and readiness status.",139,Workflows,H2:Quick Install > H2:Give this prompt to your agent > H1:Workflows > H2:Workflow catalog > H2:Owned Agent Project > H2:Agency Runner > H2:Agency Verified Fix Loop > H2:AI SDK Muzzle Benchmark > H2:AI SDK Watchdog Showcase > H2:Casefile Incident Evidence Packet > H2:Codebase Cleanup > H2:Docsgen Repo Contract Runner > H2:Enterprise Dispatch Approval Router > H2:Feature Card Workflow > H2:Howl Content Factory > H2:Loop Engineering > H2:MCP Agent Gateway Review > H2:Publishing House Adaptation > H2:Publishing House Approval Publication > H2:Publishing House Asset Production > H2:Publishing House Commissioning > H2:Publishing House Daily Desk > H2:Publishing House Editorial Review > H2:Publishing House Evidence Dossier > H2:Publishing House Format Production > H2:Publishing House Governance > H2:Publishing House Post Publication > H2:Publishing House Primary Piece > H2:RAG Enterprise Knowledge Gate > H2:Relay Lifecycle Handoff > H2:Tribunal Decision Gate > H2:WebOps AI Visibility Benchmark > H2:WebOps Content Refresh > H2:WebOps Finding To Fix > H2:WebOps Monthly SEO Review > H2:WebOps Post Publish > H2:WebOps Quarterly Content Portfolio > H2:WebOps Site Bootstrap > H2:WebOps Weekly Content Intelligence > H2:WebOps Weekly Search Intelligence > H2:WebOps Weekly Site Health > H2:Workcell Execution Gate > H2:VideoOps Production > H2:VideoOps Creative Planning > H2:VideoOps Asset Resolution > H2:VideoOps Media Generation > H2:VideoOps HyperFrames Edit > H2:VideoOps Quality Review > H2:Publishing House Operator,849,en,,,Kujo Team,no,CollectionPage|Organization,528,165,8,0,NOT AVAILABLE — DATA ACCESS REQUIRED,48,0,0,1,no,yes,no,no,cd9ad037d9a5d7d93108f4de0831aef6908771e423e278c3252577831c70cc95,
after,https://kujolang.ai/ecosystem/workflows/loop-engineering/,content/workflows/012-loop-engineering.md,software-detail,200,,yes,"default index,follow",https://kujolang.ai/ecosystem/workflows/loop-engineering/,200,Loop Engineering — Kujo Workflow | Kujolang.ai,46,Run a bounded Goal to Context to Act to Evaluate to Record to Stop loop in any repository.,90,Loop Engineering,H2:Quick Install > H2:Give this prompt to your agent > H1:Loop Engineering > H2:Outcome > H2:Inputs > H2:Evidence and outputs > H2:Approval boundaries > H2:State and recovery > H2:Release boundary > H2:Source > H2:Source and catalog,195,en,,,Kujo Team,no,Organization|SoftwareSourceCode,3,31,10,0,NOT AVAILABLE — DATA ACCESS REQUIRED,3,0,0,2,no,yes,no,no,0ed0243d7a26e0106d6a19653d1565b6b56576dd2ff464834e6ee6d3ca13ab74,
after,https://kujolang.ai/ecosystem/workflows/mcp-agent-gateway-review/,content/workflows/013-mcp-agent-gateway-review.md,software-detail,200,,yes,"default index,follow",https://kujolang.ai/ecosystem/workflows/mcp-agent-gateway-review/,200,MCP Agent Gateway Review — Kujo Workflow | Kujolang.ai,54,Generate and validate a constrained MCP server scaffold and safety packet for a repository.,91,MCP Agent Gateway Review,H2:Quick Install > H2:Give this prompt to your agent > H1:MCP Agent Gateway Review > H2:Outcome > H2:Inputs > H2:Evidence and outputs > H2:Approval boundaries > H2:State and recovery > H2:Release boundary > H2:Source > H2:Source and catalog,190,en,,,Kujo Team,no,Organization|SoftwareSourceCode,3,31,10,0,NOT AVAILABLE — DATA ACCESS REQUIRED,3,0,0,2,no,yes,no,no,407107af3e3148ac3044c3ecb51a36ba9dd3ac3caccb066d7b506d3d9af2a64a,
after,https://kujolang.ai/ecosystem/workflows/owned-agent-project/,content/workflows/001-owned-agent-project.md,software-detail,200,,yes,"default index,follow",https://kujolang.ai/ecosystem/workflows/owned-agent-project/,200,Owned Agent Project — Kujo Workflow | Kujolang.ai,49,Prove the complete repository-owned Kujo Agent Project lifecycle with inspectable evidence.,91,Owned Agent Project,H2:Quick Install > H2:Give this prompt to your agent > H1:Owned Agent Project > H2:Outcome > H2:Inputs > H2:Evidence and outputs > H2:Approval boundaries > H2:State and recovery > H2:Release boundary > H2:Source > H2:Source and catalog,209,en,,,Kujo Team,no,Organization|SoftwareSourceCode,6,31,10,0,NOT AVAILABLE — DATA ACCESS REQUIRED,3,0,0,2,no,yes,no,no,afdff6b36706db23137cf03e2f3944525f4365ed15b26486766a9aadffaecd51,
after,https://kujolang.ai/ecosystem/workflows/publishing-house-adaptation/,content/workflows/014-publishing-house-adaptation.md,software-detail,200,,yes,"default index,follow",https://kujolang.ai/ecosystem/workflows/publishing-house-adaptation/,200,Publishing House Adaptation — Kujo Workflow | Kujolang.ai,57,Create a versioned cross-format adaptation plan without expanding approved claim boundaries.,92,Publishing House Adaptation,H2:Quick Install > H2:Give this prompt to your agent > H1:Publishing House Adaptation > H2:Outcome > H2:Inputs > H2:Evidence and outputs > H2:Approval boundaries > H2:State and recovery > H2:Release boundary > H2:Source > H2:Source and catalog,227,en,,,Kujo Team,no,Organization|SoftwareSourceCode,3,31,10,0,NOT AVAILABLE — DATA ACCESS REQUIRED,3,0,0,2,no,yes,no,no,5dd4084135d150c540ed63d22bb3fb65e0268c7c3d349f732c49a3378d26d8ac,
after,https://kujolang.ai/ecosystem/workflows/publishing-house-approval-publication/,content/workflows/015-publishing-house-approval-publication.md,software-detail,200,,yes,"default index,follow",https://kujolang.ai/ecosystem/workflows/publishing-house-approval-publication/,200,Publishing House Approval Publication — Kujo Workflow | Kujolang.ai,67,Pause for checksum-bound VersionSeal approval and perform only bounded PressWire effects.,89,Publishing House Approval Publication,H2:Quick Install > H2:Give this prompt to your agent > H1:Publishing House Approval Publication > H2:Outcome > H2:Inputs > H2:Evidence and outputs > H2:Approval boundaries > H2:State and recovery > H2:Release boundary > H2:Source > H2:Source and catalog,230,en,,,Kujo Team,no,Organization|SoftwareSourceCode,3,31,10,0,NOT AVAILABLE — DATA ACCESS REQUIRED,3,0,0,2,no,yes,no,no,627b39b1713c8f63a2241186d1e15fa1431778bd716799fbe218988874f0c50d,
after,https://kujolang.ai/ecosystem/workflows/publishing-house-asset-production/,content/workflows/016-publishing-house-asset-production.md,software-detail,200,,yes,"default index,follow",https://kujolang.ai/ecosystem/workflows/publishing-house-asset-production/,200,Publishing House Asset Production — Kujo Workflow | Kujolang.ai,63,Plan and package supported accessible media assets with provenance.,67,Publishing House Asset Production,H2:Quick Install > H2:Give this prompt to your agent > H1:Publishing House Asset Production > H2:Outcome > H2:Inputs > H2:Evidence and outputs > H2:Approval boundaries > H2:State and recovery > H2:Release boundary > H2:Source > H2:Source and catalog,219,en,,,Kujo Team,no,Organization|SoftwareSourceCode,3,31,10,0,NOT AVAILABLE — DATA ACCESS REQUIRED,3,0,0,2,no,yes,no,no,c2f46b643b79341b663895056b5b1d125384a23eec4dca8023a695529e991452,
after,https://kujolang.ai/ecosystem/workflows/publishing-house-commissioning/,content/workflows/017-publishing-house-commissioning.md,software-detail,200,,yes,"default index,follow",https://kujolang.ai/ecosystem/workflows/publishing-house-commissioning/,200,Publishing House Commissioning — Kujo Workflow | Kujolang.ai,60,"Create a specific Editorial Brief, assignments, and evidence work order.",72,Publishing House Commissioning,H2:Quick Install > H2:Give this prompt to your agent > H1:Publishing House Commissioning > H2:Outcome > H2:Inputs > H2:Evidence and outputs > H2:Approval boundaries > H2:State and recovery > H2:Release boundary > H2:Source > H2:Source and catalog,219,en,,,Kujo Team,no,Organization|SoftwareSourceCode,3,31,10,0,NOT AVAILABLE — DATA ACCESS REQUIRED,3,0,0,2,no,yes,no,no,b9c09ef7bf14f915c54e8a86cb3583e9ef38ebfc27396b4dc7421259a7643742,
after,https://kujolang.ai/ecosystem/workflows/publishing-house-daily-desk/,content/workflows/018-publishing-house-daily-desk.md,software-detail,200,,yes,"default index,follow",https://kujolang.ai/ecosystem/workflows/publishing-house-daily-desk/,200,Publishing House Daily Desk — Kujo Workflow | Kujolang.ai,57,Validate and route a normalized daily editorial packet.,55,Publishing House Daily Desk,H2:Quick Install > H2:Give this prompt to your agent > H1:Publishing House Daily Desk > H2:Outcome > H2:Inputs > H2:Evidence and outputs > H2:Approval boundaries > H2:State and recovery > H2:Release boundary > H2:Source > H2:Source and catalog,218,en,,,Kujo Team,no,Organization|SoftwareSourceCode,3,31,10,0,NOT AVAILABLE — DATA ACCESS REQUIRED,3,0,0,2,no,yes,no,no,2c386a2fdb9bcc28346adc9e6eb54e5c7a7462340461d0028b187279ced67422,
after,https://kujolang.ai/ecosystem/workflows/publishing-house-editorial-review/,content/workflows/019-publishing-house-editorial-review.md,software-detail,200,,yes,"default index,follow",https://kujolang.ai/ecosystem/workflows/publishing-house-editorial-review/,200,Publishing House Editorial Review — Kujo Workflow | Kujolang.ai,63,Review exact packages and run a bounded revision loop.,54,Publishing House Editorial Review,H2:Quick Install > H2:Give this prompt to your agent > H1:Publishing House Editorial Review > H2:Outcome > H2:Inputs > H2:Evidence and outputs > H2:Approval boundaries > H2:State and recovery > H2:Release boundary > H2:Source > H2:Source and catalog,219,en,,,Kujo Team,no,Organization|SoftwareSourceCode,3,31,10,0,NOT AVAILABLE — DATA ACCESS REQUIRED,3,0,0,2,no,yes,no,no,129090eba11cc6657ea01616d47b81a4d8cee04501f032217ca2d65e3173fe93,
after,https://kujolang.ai/ecosystem/workflows/publishing-house-evidence-dossier/,content/workflows/020-publishing-house-evidence-dossier.md,software-detail,200,,yes,"default index,follow",https://kujolang.ai/ecosystem/workflows/publishing-house-evidence-dossier/,200,Publishing House Evidence Dossier — Kujo Workflow | Kujolang.ai,63,"Create independently reviewed claim, source, evidence, rights, and packet records.",82,Publishing House Evidence Dossier,H2:Quick Install > H2:Give this prompt to your agent > H1:Publishing House Evidence Dossier > H2:Outcome > H2:Inputs > H2:Evidence and outputs > H2:Approval boundaries > H2:State and recovery > H2:Release boundary > H2:Source > H2:Source and catalog,220,en,,,Kujo Team,no,Organization|SoftwareSourceCode,3,31,10,0,NOT AVAILABLE — DATA ACCESS REQUIRED,3,0,0,2,no,yes,no,no,99ce1efa053a76f27ea9055b0dfb3928dd2da5e0cc97ea2242ae173594a6e626,
after,https://kujolang.ai/ecosystem/workflows/publishing-house-format-production/,content/workflows/021-publishing-house-format-production.md,software-detail,200,,yes,"default index,follow",https://kujolang.ai/ecosystem/workflows/publishing-house-format-production/,200,Publishing House Format Production — Kujo Workflow | Kujolang.ai,64,"Produce reviewable newsletter, social, case-study, and video/audio packages from approved lineage.",98,Publishing House Format Production,H2:Quick Install > H2:Give this prompt to your agent > H1:Publishing House Format Production > H2:Outcome > H2:Inputs > H2:Evidence and outputs > H2:Approval boundaries > H2:State and recovery > H2:Release boundary > H2:Source > H2:Source and catalog,231,en,,,Kujo Team,no,Organization|SoftwareSourceCode,3,31,10,0,NOT AVAILABLE — DATA ACCESS REQUIRED,3,0,0,2,no,yes,no,no,31655430f45dc02d65b5b6362812dbd3f3ca1e16f0b686a21e733887a632c2bb,
after,https://kujolang.ai/ecosystem/workflows/publishing-house-governance/,content/workflows/022-publishing-house-governance.md,software-detail,200,,yes,"default index,follow",https://kujolang.ai/ecosystem/workflows/publishing-house-governance/,200,Publishing House Governance — Kujo Workflow | Kujolang.ai,57,"Set a bounded house mandate, portfolio decision, operating priorities, and accountable handoffs.",96,Publishing House Governance,H2:Quick Install > H2:Give this prompt to your agent > H1:Publishing House Governance > H2:Outcome > H2:Inputs > H2:Evidence and outputs > H2:Approval boundaries > H2:State and recovery > H2:Release boundary > H2:Source > H2:Source and catalog,228,en,,,Kujo Team,no,Organization|SoftwareSourceCode,3,31,10,0,NOT AVAILABLE — DATA ACCESS REQUIRED,3,0,0,2,no,yes,no,no,540c1aa9c89ccf716933f095df27cf6ae2cd82345cb99b800fd0e85f8ba15cd4,
after,https://kujolang.ai/ecosystem/workflows/publishing-house-operator/,content/workflows/045-publishing-house-operator.md,software-detail,200,,yes,"default index,follow",https://kujolang.ai/ecosystem/workflows/publishing-house-operator/,200,Publishing House Operator | Kujo Workflows | Kujolang.ai,56,"Run resumable, publication-profile-driven editorial work with durable state, exact-version approvals, bounded effects, and exception-based operation.",149,Publishing House Operator,H2:Quick Install > H2:Give this prompt to your agent > H1:Publishing House Operator > H2:Outcome > H2:Publication profiles and intake > H2:Control and safety > H2:Production operation > H2:Source > H2:Source and catalog,680,en,,,Kujo Team,no,Organization|SoftwareSourceCode,3,31,10,0,NOT AVAILABLE — DATA ACCESS REQUIRED,3,0,0,2,no,yes,no,no,61e11dc978c9c435dc3d504e3647deb31270b4e3f9bbfdb85786e0ad16247d2c,
after,https://kujolang.ai/ecosystem/workflows/publishing-house-post-publication/,content/workflows/023-publishing-house-post-publication.md,software-detail,200,,yes,"default index,follow",https://kujolang.ai/ecosystem/workflows/publishing-house-post-publication/,200,Publishing House Post Publication — Kujo Workflow | Kujolang.ai,63,"Record measurements, feedback, learning, and a non-commissioning follow-up recommendation.",90,Publishing House Post Publication,H2:Quick Install > H2:Give this prompt to your agent > H1:Publishing House Post Publication > H2:Outcome > H2:Inputs > H2:Evidence and outputs > H2:Approval boundaries > H2:State and recovery > H2:Release boundary > H2:Source > H2:Source and catalog,219,en,,,Kujo Team,no,Organization|SoftwareSourceCode,3,31,10,0,NOT AVAILABLE — DATA ACCESS REQUIRED,3,0,0,2,no,yes,no,no,19a44f6ffe64ab381aabcc44c0699c7b5e7ec8111cbb686b7e54bdaa9d67ed0f,
after,https://kujolang.ai/ecosystem/workflows/publishing-house-primary-piece/,content/workflows/024-publishing-house-primary-piece.md,software-detail,200,,yes,"default index,follow",https://kujolang.ai/ecosystem/workflows/publishing-house-primary-piece/,200,Publishing House Primary Piece — Kujo Workflow | Kujolang.ai,60,Create and package the authoritative evidence-linked primary artifact.,70,Publishing House Primary Piece,H2:Quick Install > H2:Give this prompt to your agent > H1:Publishing House Primary Piece > H2:Outcome > H2:Inputs > H2:Evidence and outputs > H2:Approval boundaries > H2:State and recovery > H2:Release boundary > H2:Source > H2:Source and catalog,218,en,,,Kujo Team,no,Organization|SoftwareSourceCode,3,31,10,0,NOT AVAILABLE — DATA ACCESS REQUIRED,3,0,0,2,no,yes,no,no,e5c61cee426f8f4d5bc83141316a495276eb407332e0bac0ef46d4b5a88725af,
after,https://kujolang.ai/ecosystem/workflows/rag-enterprise-knowledge-gate/,content/workflows/025-rag-enterprise-knowledge-gate.md,software-detail,200,,yes,"default index,follow",https://kujolang.ai/ecosystem/workflows/rag-enterprise-knowledge-gate/,200,RAG Enterprise Knowledge Gate — Kujo Workflow | Kujolang.ai,59,Ingest an approved local corpus and query it with namespace-scoped citations.,77,RAG Enterprise Knowledge Gate,H2:Quick Install > H2:Give this prompt to your agent > H1:RAG Enterprise Knowledge Gate > H2:Outcome > H2:Inputs > H2:Evidence and outputs > H2:Approval boundaries > H2:State and recovery > H2:Release boundary > H2:Source > H2:Source and catalog,183,en,,,Kujo Team,no,Organization|SoftwareSourceCode,3,31,10,0,NOT AVAILABLE — DATA ACCESS REQUIRED,3,0,0,2,no,yes,no,no,80c84b0bf8dac3f6db9857d03ed0dabb07b22f584d940b3a75706b149897a50e,
after,https://kujolang.ai/ecosystem/workflows/relay-lifecycle-handoff/,content/workflows/026-relay-lifecycle-handoff.md,software-detail,200,,yes,"default index,follow",https://kujolang.ai/ecosystem/workflows/relay-lifecycle-handoff/,200,Relay Lifecycle Handoff — Kujo Workflow | Kujolang.ai,53,"Exercise Relay pause/resume, integrity-checked export, and a local persisted handoff receipt.",93,Relay Lifecycle Handoff,H2:Quick Install > H2:Give this prompt to your agent > H1:Relay Lifecycle Handoff > H2:Outcome > H2:Inputs > H2:Evidence and outputs > H2:Approval boundaries > H2:State and recovery > H2:Release boundary > H2:Source > H2:Source and catalog,217,en,,,Kujo Team,no,Organization|SoftwareSourceCode,3,31,10,0,NOT AVAILABLE — DATA ACCESS REQUIRED,3,0,0,2,no,yes,no,no,cd59f7d0b77019c08852109e8c19c75a265a04d4346011f5770345259e9877ec,
after,https://kujolang.ai/ecosystem/workflows/tribunal-decision-gate/,content/workflows/027-tribunal-decision-gate.md,software-detail,200,,yes,"default index,follow",https://kujolang.ai/ecosystem/workflows/tribunal-decision-gate/,200,Tribunal Decision Gate — Kujo Workflow | Kujolang.ai,52,"Run an advisory Tribunal mock review and emit a verified, versioned decision receipt.",85,Tribunal Decision Gate,H2:Quick Install > H2:Give this prompt to your agent > H1:Tribunal Decision Gate > H2:Outcome > H2:Inputs > H2:Evidence and outputs > H2:Approval boundaries > H2:State and recovery > H2:Release boundary > H2:Source > H2:Source and catalog,208,en,,,Kujo Team,no,Organization|SoftwareSourceCode,3,31,10,0,NOT AVAILABLE — DATA ACCESS REQUIRED,3,0,0,2,no,yes,no,no,0b2f08ed72f01fdbce4a85609f9a47758a27564451d8d1a4b3057f4ea4021a7c,
after,https://kujolang.ai/ecosystem/workflows/videoops-asset-resolution/,content/workflows/041-videoops-asset-resolution.md,software-detail,200,,yes,"default index,follow",https://kujolang.ai/ecosystem/workflows/videoops-asset-resolution/,200,VideoOps Asset Resolution — Kujo Workflow | Kujolang.ai,55,Resolve every asset requirement with rights-aware status and provenance.,72,VideoOps Asset Resolution,H2:Quick Install > H2:Give this prompt to your agent > H1:VideoOps Asset Resolution > H2:Outcome > H2:Inputs > H2:Evidence and outputs > H2:Approval boundaries > H2:State and recovery > H2:Release boundary > H2:Source > H2:Source and catalog,209,en,,,Kujo Team,no,Organization|SoftwareSourceCode,3,31,10,0,NOT AVAILABLE — DATA ACCESS REQUIRED,3,0,0,2,no,yes,no,no,e496a4296a685969f61f652c9abeddb03d9ca9b23ebf03ffb39dae5b99ac8d85,
after,https://kujolang.ai/ecosystem/workflows/videoops-creative-planning/,content/workflows/040-videoops-creative-planning.md,software-detail,200,,yes,"default index,follow",https://kujolang.ai/ecosystem/workflows/videoops-creative-planning/,200,VideoOps Creative Planning — Kujo Workflow | Kujolang.ai,56,Turn validated PackWrite intake into a timed executable video plan.,67,VideoOps Creative Planning,H2:Quick Install > H2:Give this prompt to your agent > H1:VideoOps Creative Planning > H2:Outcome > H2:Inputs > H2:Evidence and outputs > H2:Approval boundaries > H2:State and recovery > H2:Release boundary > H2:Source > H2:Source and catalog,209,en,,,Kujo Team,no,Organization|SoftwareSourceCode,3,31,10,0,NOT AVAILABLE — DATA ACCESS REQUIRED,3,0,0,2,no,yes,no,no,3e09abe1bca6bdd57edbde629f8a2520fc11b25e564f9e57064bc6467d63bb07,
after,https://kujolang.ai/ecosystem/workflows/videoops-hyperframes-edit/,content/workflows/043-videoops-hyperframes-edit.md,software-detail,200,,yes,"default index,follow",https://kujolang.ai/ecosystem/workflows/videoops-hyperframes-edit/,200,VideoOps HyperFrames Edit — Kujo Workflow | Kujolang.ai,55,Render and revise a deterministic HyperFrames composition after asset preflight.,80,VideoOps HyperFrames Edit,H2:Quick Install > H2:Give this prompt to your agent > H1:VideoOps HyperFrames Edit > H2:Outcome > H2:Inputs > H2:Evidence and outputs > H2:Approval boundaries > H2:State and recovery > H2:Release boundary > H2:Source > H2:Source and catalog,213,en,,,Kujo Team,no,Organization|SoftwareSourceCode,3,31,10,0,NOT AVAILABLE — DATA ACCESS REQUIRED,3,0,0,2,no,yes,no,no,241a25210378c238538b4ff00c36d50fd9ca56329ad960c8c1c532c9b477d7d4,
after,https://kujolang.ai/ecosystem/workflows/videoops-media-generation/,content/workflows/042-videoops-media-generation.md,software-detail,200,,yes,"default index,follow",https://kujolang.ai/ecosystem/workflows/videoops-media-generation/,200,VideoOps Media Generation — Kujo Workflow | Kujolang.ai,55,Generate only explicit GENERATE items and register inspected outputs.,69,VideoOps Media Generation,H2:Quick Install > H2:Give this prompt to your agent > H1:VideoOps Media Generation > H2:Outcome > H2:Inputs > H2:Evidence and outputs > H2:Approval boundaries > H2:State and recovery > H2:Release boundary > H2:Source > H2:Source and catalog,217,en,,,Kujo Team,no,Organization|SoftwareSourceCode,3,31,10,0,NOT AVAILABLE — DATA ACCESS REQUIRED,3,0,0,2,no,yes,no,no,f6ce533eb297a2151d4bc4dd0a66d8017cdf393551d5aac0fa78dc7d7d2497b5,
after,https://kujolang.ai/ecosystem/workflows/videoops-production/,content/workflows/039-videoops-production.md,software-detail,200,,yes,"default index,follow",https://kujolang.ai/ecosystem/workflows/videoops-production/,200,VideoOps Production — Kujo Workflow | Kujolang.ai,49,Initialize a real arbitrary production and emit a harness-neutral invocation for the VideoOps Producer.,103,VideoOps Production,H2:Quick Install > H2:Give this prompt to your agent > H1:VideoOps Production > H2:Outcome > H2:Inputs > H2:Evidence and outputs > H2:Approval boundaries > H2:State and recovery > H2:Release boundary > H2:Source > H2:Source and catalog,220,en,,,Kujo Team,no,Organization|SoftwareSourceCode,3,31,10,0,NOT AVAILABLE — DATA ACCESS REQUIRED,3,0,0,2,no,yes,no,no,a3d90fab8198170f7c610be39b92b78d1bdaab321b053983daf36d9501f92c27,
after,https://kujolang.ai/ecosystem/workflows/videoops-quality-review/,content/workflows/044-videoops-quality-review.md,software-detail,200,,yes,"default index,follow",https://kujolang.ai/ecosystem/workflows/videoops-quality-review/,200,VideoOps Quality Review — Kujo Workflow | Kujolang.ai,53,Run deterministic and independent structured review with bounded revision routing.,82,VideoOps Quality Review,H2:Quick Install > H2:Give this prompt to your agent > H1:VideoOps Quality Review > H2:Outcome > H2:Inputs > H2:Evidence and outputs > H2:Approval boundaries > H2:State and recovery > H2:Release boundary > H2:Source > H2:Source and catalog,209,en,,,Kujo Team,no,Organization|SoftwareSourceCode,3,31,10,0,NOT AVAILABLE — DATA ACCESS REQUIRED,3,0,0,2,no,yes,no,no,47886819485362a05f419f95dbfb32f49adfa2569692f67a3ea498a92eae538e,
after,https://kujolang.ai/ecosystem/workflows/webops-ai-visibility-benchmark/,content/workflows/028-webops-ai-visibility-benchmark.md,software-detail,200,,yes,"default index,follow",https://kujolang.ai/ecosystem/workflows/webops-ai-visibility-benchmark/,200,WebOps AI Visibility Benchmark — Kujo Workflow | Kujolang.ai,60,Run a fixed longitudinal query suite across explicitly available AI/search surfaces without fabricated availability.,116,WebOps AI Visibility Benchmark,H2:Quick Install > H2:Give this prompt to your agent > H1:WebOps AI Visibility Benchmark > H2:Outcome > H2:Inputs > H2:Evidence and outputs > H2:Approval boundaries > H2:State and recovery > H2:Release boundary > H2:Source > H2:Source and catalog,211,en,,,Kujo Team,no,Organization|SoftwareSourceCode,3,31,10,0,NOT AVAILABLE — DATA ACCESS REQUIRED,3,0,0,2,no,yes,no,no,48850ae4c67fbfff080e3a4116f9560ce4aedc5cd969a7a1da0a98cbab1bb444,
after,https://kujolang.ai/ecosystem/workflows/webops-content-refresh/,content/workflows/029-webops-content-refresh.md,software-detail,200,,yes,"default index,follow",https://kujolang.ai/ecosystem/workflows/webops-content-refresh/,200,WebOps Content Refresh — Kujo Workflow | Kujolang.ai,52,"Turn decay and accuracy evidence into a Spec, approved update boundary, verification, and future measurement cue.",113,WebOps Content Refresh,H2:Quick Install > H2:Give this prompt to your agent > H1:WebOps Content Refresh > H2:Outcome > H2:Inputs > H2:Evidence and outputs > H2:Approval boundaries > H2:State and recovery > H2:Release boundary > H2:Source > H2:Source and catalog,215,en,,,Kujo Team,no,Organization|SoftwareSourceCode,3,31,10,0,NOT AVAILABLE — DATA ACCESS REQUIRED,3,0,0,2,no,yes,no,no,0529358fd7b864d7ceb6ecc28d53b49c320919b92f4918f4cb0b498913179241,
after,https://kujolang.ai/ecosystem/workflows/webops-finding-to-fix/,content/workflows/030-webops-finding-to-fix.md,software-detail,200,,yes,"default index,follow",https://kujolang.ai/ecosystem/workflows/webops-finding-to-fix/,200,WebOps Finding To Fix — Kujo Workflow | Kujolang.ai,51,"Move one stable WebOps finding through Spec, proposal, approval, implementation boundary, Eval, Lens, SiteProbe, and receipt evidence.",134,WebOps Finding To Fix,H2:Quick Install > H2:Give this prompt to your agent > H1:WebOps Finding To Fix > H2:Outcome > H2:Inputs > H2:Evidence and outputs > H2:Approval boundaries > H2:State and recovery > H2:Release boundary > H2:Source > H2:Source and catalog,223,en,,,Kujo Team,no,Organization|SoftwareSourceCode,3,31,10,0,NOT AVAILABLE — DATA ACCESS REQUIRED,3,0,0,2,no,yes,no,no,43d7723ed46857897b0740114e26d6e3359090583011b63866bf6549fd1078a7,
after,https://kujolang.ai/ecosystem/workflows/webops-monthly-seo-review/,content/workflows/031-webops-monthly-seo-review.md,software-detail,200,,yes,"default index,follow",https://kujolang.ai/ecosystem/workflows/webops-monthly-seo-review/,200,WebOps Monthly SEO Review — Kujo Workflow | Kujolang.ai,55,Synthesize monthly specialist SEO evidence without duplicating specialist analysis.,83,WebOps Monthly SEO Review,H2:Quick Install > H2:Give this prompt to your agent > H1:WebOps Monthly SEO Review > H2:Outcome > H2:Inputs > H2:Evidence and outputs > H2:Approval boundaries > H2:State and recovery > H2:Release boundary > H2:Source > H2:Source and catalog,207,en,,,Kujo Team,no,Organization|SoftwareSourceCode,3,31,10,0,NOT AVAILABLE — DATA ACCESS REQUIRED,3,0,0,2,no,yes,no,no,18faca8be8c6a698d4871114a9fd2bd5134c725e39dc5e783c2425dadd6a23d8,
after,https://kujolang.ai/ecosystem/workflows/webops-post-publish/,content/workflows/032-webops-post-publish.md,software-detail,200,,yes,"default index,follow",https://kujolang.ai/ecosystem/workflows/webops-post-publish/,200,WebOps Post Publish — Kujo Workflow | Kujolang.ai,49,"Verify newly published content, relationships, rendered quality, optional submission, distribution assets, and receipts.",120,WebOps Post Publish,H2:Quick Install > H2:Give this prompt to your agent > H1:WebOps Post Publish > H2:Outcome > H2:Inputs > H2:Evidence and outputs > H2:Approval boundaries > H2:State and recovery > H2:Release boundary > H2:Source > H2:Source and catalog,216,en,,,Kujo Team,no,Organization|SoftwareSourceCode,3,31,10,0,NOT AVAILABLE — DATA ACCESS REQUIRED,3,0,0,2,no,yes,no,no,6c48214e5bc340b8e050220f4df0ea3f3a85a2feb68cc570bda90e231ef2fa48,
after,https://kujolang.ai/ecosystem/workflows/webops-quarterly-content-portfolio/,content/workflows/033-webops-quarterly-content-portfolio.md,software-detail,200,,yes,"default index,follow",https://kujolang.ai/ecosystem/workflows/webops-quarterly-content-portfolio/,200,WebOps Quarterly Content Portfolio — Kujo Workflow | Kujolang.ai,64,"Classify the content portfolio from graph, search, analytics, decay, pruning, and information-architecture evidence.",116,WebOps Quarterly Content Portfolio,H2:Quick Install > H2:Give this prompt to your agent > H1:WebOps Quarterly Content Portfolio > H2:Outcome > H2:Inputs > H2:Evidence and outputs > H2:Approval boundaries > H2:State and recovery > H2:Release boundary > H2:Source > H2:Source and catalog,215,en,,,Kujo Team,no,Organization|SoftwareSourceCode,3,31,10,0,NOT AVAILABLE — DATA ACCESS REQUIRED,3,0,0,2,no,yes,no,no,48c6a106aab5cd55f6357c8c7d6326c8e53fe792130200d72d17279e823619dd,
after,https://kujolang.ai/ecosystem/workflows/webops-site-bootstrap/,content/workflows/034-webops-site-bootstrap.md,software-detail,200,,yes,"default index,follow",https://kujolang.ai/ecosystem/workflows/webops-site-bootstrap/,200,WebOps Site Bootstrap — Kujo Workflow | Kujolang.ai,51,"Establish a credential-free initial website, repository, content-graph, browser, and reporting baseline.",104,WebOps Site Bootstrap,H2:Quick Install > H2:Give this prompt to your agent > H1:WebOps Site Bootstrap > H2:Outcome > H2:Inputs > H2:Evidence and outputs > H2:Approval boundaries > H2:State and recovery > H2:Release boundary > H2:Source > H2:Source and catalog,211,en,,,Kujo Team,no,Organization|SoftwareSourceCode,3,31,10,0,NOT AVAILABLE — DATA ACCESS REQUIRED,3,0,0,2,no,yes,no,no,0ea8045fdc0432ae416d02b9e12bf71fa8ddabec924b058bb70b40c55921f83a,
after,https://kujolang.ai/ecosystem/workflows/webops-weekly-content-intelligence/,content/workflows/035-webops-weekly-content-intelligence.md,software-detail,200,,yes,"default index,follow",https://kujolang.ai/ecosystem/workflows/webops-weekly-content-intelligence/,200,WebOps Weekly Content Intelligence — Kujo Workflow | Kujolang.ai,64,"Combine trends, query opportunity, content relationships, gaps, accuracy, and internal-link proposals.",102,WebOps Weekly Content Intelligence,H2:Quick Install > H2:Give this prompt to your agent > H1:WebOps Weekly Content Intelligence > H2:Outcome > H2:Inputs > H2:Evidence and outputs > H2:Approval boundaries > H2:State and recovery > H2:Release boundary > H2:Source > H2:Source and catalog,209,en,,,Kujo Team,no,Organization|SoftwareSourceCode,3,31,10,0,NOT AVAILABLE — DATA ACCESS REQUIRED,3,0,0,2,no,yes,no,no,1d78bd078f34d7d3d9013558464e96f3d71f71d0bd09dc8c57dfee6f4f200ff7,
after,https://kujolang.ai/ecosystem/workflows/webops-weekly-search-intelligence/,content/workflows/036-webops-weekly-search-intelligence.md,software-detail,200,,yes,"default index,follow",https://kujolang.ai/ecosystem/workflows/webops-weekly-search-intelligence/,200,WebOps Weekly Search Intelligence — Kujo Workflow | Kujolang.ai,63,"Compare measured search evidence, keyword opportunities, and decay signals with capability-level degradation.",109,WebOps Weekly Search Intelligence,H2:Quick Install > H2:Give this prompt to your agent > H1:WebOps Weekly Search Intelligence > H2:Outcome > H2:Inputs > H2:Evidence and outputs > H2:Approval boundaries > H2:State and recovery > H2:Release boundary > H2:Source > H2:Source and catalog,211,en,,,Kujo Team,no,Organization|SoftwareSourceCode,3,31,10,0,NOT AVAILABLE — DATA ACCESS REQUIRED,3,0,0,2,no,yes,no,no,ae582fafdc439b13e320f920573f8aa2dc64f8942e0d45edbee1e5e64c8a79e8,
after,https://kujolang.ai/ecosystem/workflows/webops-weekly-site-health/,content/workflows/037-webops-weekly-site-health.md,software-detail,200,,yes,"default index,follow",https://kujolang.ai/ecosystem/workflows/webops-weekly-site-health/,200,WebOps Weekly Site Health — Kujo Workflow | Kujolang.ai,55,"Compare weekly crawl and rendered site health, links, performance, accessibility, schema, and metadata.",103,WebOps Weekly Site Health,H2:Quick Install > H2:Give this prompt to your agent > H1:WebOps Weekly Site Health > H2:Outcome > H2:Inputs > H2:Evidence and outputs > H2:Approval boundaries > H2:State and recovery > H2:Release boundary > H2:Source > H2:Source and catalog,213,en,,,Kujo Team,no,Organization|SoftwareSourceCode,3,31,10,0,NOT AVAILABLE — DATA ACCESS REQUIRED,3,0,0,2,no,yes,no,no,2bf12eb5e381a9b98def424c181007d193f7b0500bd92bc7948611d49b02c056,
after,https://kujolang.ai/ecosystem/workflows/workcell-execution-gate/,content/workflows/038-workcell-execution-gate.md,software-detail,200,,yes,"default index,follow",https://kujolang.ai/ecosystem/workflows/workcell-execution-gate/,200,Workcell Execution Gate — Kujo Workflow | Kujolang.ai,53,"Validate, inspect, and attempt bounded Workcell Docker execution with explicit completion evidence.",99,Workcell Execution Gate,H2:Quick Install > H2:Give this prompt to your agent > H1:Workcell Execution Gate > H2:Outcome > H2:Inputs > H2:Evidence and outputs > H2:Approval boundaries > H2:State and recovery > H2:Release boundary > H2:Source > H2:Source and catalog,213,en,,,Kujo Team,no,Organization|SoftwareSourceCode,3,31,10,0,NOT AVAILABLE — DATA ACCESS REQUIRED,3,0,0,2,no,yes,no,no,05daca40189307d4af27b02237f8d69cfba8c7e6345d9e4a8bf1765df98c8f1a,
after,https://kujolang.ai/ethos/,content/pages/01-ethos.md,page,200,,yes,"default index,follow",https://kujolang.ai/ethos/,200,The Kujo Ethos | Kujolang.ai,28,"The working principles behind Kujo: local-first systems, explicit authority, inspectable artifacts, and tools that help people stay in control.",143,Ethos,"H2:Quick Install > H2:Give this prompt to your agent > H1:Ethos > H2:Working principles > H2:Software should make its behavior legible > H2:Local-first is an operating posture > H2:Authority should be explicit > H2:Determinism earns trust > H2:Agents are collaborators, not an excuse to remove control > H2:Composable tools beat a mandatory platform > H2:Clarity, context, and control",593,en,,,Kujo Team,no,AboutPage|Organization,723,30,7,0,NOT AVAILABLE — DATA ACCESS REQUIRED,3,0,0,1,no,yes,no,no,e04064a9c9ba8c3aaffb9125e412c951f5aa73da8a79955258d5c732aa36b83a,
after,https://kujolang.ai/providers/,content/pages/03-providers.md,page,200,,yes,"default index,follow",https://kujolang.ai/providers/,200,Kujo Providers - Native AI Integrations | Kujolang.ai,53,"Explore Kujo's native provider packages: one readable interface for local models, hosted inference, cloud AI, and media generation.",131,Kujo Providers,H2:Quick Install > H2:Give this prompt to your agent > H1:Kujo Providers > H2:Find your provider > H2:,119,en,,,Kujo Team,no,Organization|WebPage,723,30,8,0,NOT AVAILABLE — DATA ACCESS REQUIRED,3,0,0,1,no,yes,no,no,2d91c5f80745770e1d95b6c40f3460aacc8d6c4e941a07f7b81518ca921a5626,
after,https://kujolang.ai/writing/,templates/page-writing.html,writing-index,200,,yes,"default index,follow",https://kujolang.ai/writing/,200,Writing | Kujolang.ai,21,"Launch notes, ecosystem deep dives, tutorials, and field reports from Kujo.",75,Writing,H2:Quick Install > H2:Give this prompt to your agent > H1:Writing > H2:Content coming soon.,82,en,,,Kujo Team,no,CollectionPage|Organization,723,30,8,0,NOT AVAILABLE — DATA ACCESS REQUIRED,3,0,0,1,no,yes,no,no,243ac96a371419beed16274de29d13e6938b268cc4e764fb2b0bc3d933eb79c2,
