phase,source_url,destination_url,anchor_text,link_context,http_status,final_url,chain_length,verification,rel,recommended_action
after,https://kujolang.ai/,https://agents.kujolang.ai,Agents (opens in a new tab),nav,,https://agents.kujolang.ai,0,not probed in crawl,noopener,none
after,https://kujolang.ai/,https://docs.kujolang.ai,Docs,nav,,https://docs.kujolang.ai,0,not probed in crawl,,none
after,https://kujolang.ai/,https://agents.kujolang.ai,Agents (opens in a new tab),nav,,https://agents.kujolang.ai,0,not probed in crawl,noopener,none
after,https://kujolang.ai/,https://docs.kujolang.ai,Docs,nav,,https://docs.kujolang.ai,0,not probed in crawl,,none
after,https://kujolang.ai/,https://x.com/kujolang,Kujo on X,nav,,https://x.com/kujolang,0,not probed in crawl,,none
after,https://kujolang.ai/,https://github.com/kujolang,Kujo on GitHub,nav,,https://github.com/kujolang,0,not probed in crawl,,none
after,https://kujolang.ai/,https://discord.gg/RqDgyb3BX,Kujo on Discord,nav,,https://discord.gg/RqDgyb3BX,0,not probed in crawl,,none
after,https://kujolang.ai/contact/,https://agents.kujolang.ai,Agents (opens in a new tab),nav,,https://agents.kujolang.ai,0,not probed in crawl,noopener,none
after,https://kujolang.ai/contact/,https://docs.kujolang.ai,Docs,nav,,https://docs.kujolang.ai,0,not probed in crawl,,none
after,https://kujolang.ai/contact/,https://agents.kujolang.ai,Agents (opens in a new tab),nav,,https://agents.kujolang.ai,0,not probed in crawl,noopener,none
after,https://kujolang.ai/contact/,https://docs.kujolang.ai,Docs,nav,,https://docs.kujolang.ai,0,not probed in crawl,,none
after,https://kujolang.ai/contact/,https://github.com/kujolang,Browse GitHub,article,,https://github.com/kujolang,0,not probed in crawl,,none
after,https://kujolang.ai/contact/,https://github.com/kujolang/kujo/blob/main/docs/SECURITY_RESPONSE.md,Read security guidance,article,,https://github.com/kujolang/kujo/blob/main/docs/SECURITY_RESPONSE.md,0,not probed in crawl,,none
after,https://kujolang.ai/contact/,https://x.com/kujolang,Kujo on X,nav,,https://x.com/kujolang,0,not probed in crawl,,none
after,https://kujolang.ai/contact/,https://github.com/kujolang,Kujo on GitHub,nav,,https://github.com/kujolang,0,not probed in crawl,,none
after,https://kujolang.ai/contact/,https://discord.gg/RqDgyb3BX,Kujo on Discord,nav,,https://discord.gg/RqDgyb3BX,0,not probed in crawl,,none
after,https://kujolang.ai/ecosystem/agents-sdk/,https://agents.kujolang.ai,Agents (opens in a new tab),nav,,https://agents.kujolang.ai,0,not probed in crawl,noopener,none
after,https://kujolang.ai/ecosystem/agents-sdk/,https://docs.kujolang.ai,Docs,nav,,https://docs.kujolang.ai,0,not probed in crawl,,none
after,https://kujolang.ai/ecosystem/agents-sdk/,https://agents.kujolang.ai,Agents (opens in a new tab),nav,,https://agents.kujolang.ai,0,not probed in crawl,noopener,none
after,https://kujolang.ai/ecosystem/agents-sdk/,https://docs.kujolang.ai,Docs,nav,,https://docs.kujolang.ai,0,not probed in crawl,,none
after,https://kujolang.ai/ecosystem/agents-sdk/,https://github.com/kujolang/agents-sdk,GitHub,aside,,https://github.com/kujolang/agents-sdk,0,not probed in crawl,noopener,none
after,https://kujolang.ai/ecosystem/agents-sdk/,https://x.com/kujolang,Kujo on X,nav,,https://x.com/kujolang,0,not probed in crawl,,none
after,https://kujolang.ai/ecosystem/agents-sdk/,https://github.com/kujolang,Kujo on GitHub,nav,,https://github.com/kujolang,0,not probed in crawl,,none
after,https://kujolang.ai/ecosystem/agents-sdk/,https://discord.gg/RqDgyb3BX,Kujo on Discord,nav,,https://discord.gg/RqDgyb3BX,0,not probed in crawl,,none
after,https://kujolang.ai/ecosystem/ai-chat/,https://agents.kujolang.ai,Agents (opens in a new tab),nav,,https://agents.kujolang.ai,0,not probed in crawl,noopener,none
after,https://kujolang.ai/ecosystem/ai-chat/,https://docs.kujolang.ai,Docs,nav,,https://docs.kujolang.ai,0,not probed in crawl,,none
after,https://kujolang.ai/ecosystem/ai-chat/,https://agents.kujolang.ai,Agents (opens in a new tab),nav,,https://agents.kujolang.ai,0,not probed in crawl,noopener,none
after,https://kujolang.ai/ecosystem/ai-chat/,https://docs.kujolang.ai,Docs,nav,,https://docs.kujolang.ai,0,not probed in crawl,,none
after,https://kujolang.ai/ecosystem/ai-chat/,https://github.com/kujolang/ai-chat,GitHub,aside,,https://github.com/kujolang/ai-chat,0,not probed in crawl,noopener,none
after,https://kujolang.ai/ecosystem/ai-chat/,https://x.com/kujolang,Kujo on X,nav,,https://x.com/kujolang,0,not probed in crawl,,none
after,https://kujolang.ai/ecosystem/ai-chat/,https://github.com/kujolang,Kujo on GitHub,nav,,https://github.com/kujolang,0,not probed in crawl,,none
after,https://kujolang.ai/ecosystem/ai-chat/,https://discord.gg/RqDgyb3BX,Kujo on Discord,nav,,https://discord.gg/RqDgyb3BX,0,not probed in crawl,,none
after,https://kujolang.ai/ecosystem/ai-sdk/,https://agents.kujolang.ai,Agents (opens in a new tab),nav,,https://agents.kujolang.ai,0,not probed in crawl,noopener,none
after,https://kujolang.ai/ecosystem/ai-sdk/,https://docs.kujolang.ai,Docs,nav,,https://docs.kujolang.ai,0,not probed in crawl,,none
after,https://kujolang.ai/ecosystem/ai-sdk/,https://agents.kujolang.ai,Agents (opens in a new tab),nav,,https://agents.kujolang.ai,0,not probed in crawl,noopener,none
after,https://kujolang.ai/ecosystem/ai-sdk/,https://docs.kujolang.ai,Docs,nav,,https://docs.kujolang.ai,0,not probed in crawl,,none
after,https://kujolang.ai/ecosystem/ai-sdk/,https://github.com/kujolang/ai-sdk,GitHub,aside,,https://github.com/kujolang/ai-sdk,0,not probed in crawl,noopener,none
after,https://kujolang.ai/ecosystem/ai-sdk/,https://x.com/kujolang,Kujo on X,nav,,https://x.com/kujolang,0,not probed in crawl,,none
after,https://kujolang.ai/ecosystem/ai-sdk/,https://github.com/kujolang,Kujo on GitHub,nav,,https://github.com/kujolang,0,not probed in crawl,,none
after,https://kujolang.ai/ecosystem/ai-sdk/,https://discord.gg/RqDgyb3BX,Kujo on Discord,nav,,https://discord.gg/RqDgyb3BX,0,not probed in crawl,,none
after,https://kujolang.ai/ecosystem/casefile/,https://agents.kujolang.ai,Agents (opens in a new tab),nav,,https://agents.kujolang.ai,0,not probed in crawl,noopener,none
after,https://kujolang.ai/ecosystem/casefile/,https://docs.kujolang.ai,Docs,nav,,https://docs.kujolang.ai,0,not probed in crawl,,none
after,https://kujolang.ai/ecosystem/casefile/,https://agents.kujolang.ai,Agents (opens in a new tab),nav,,https://agents.kujolang.ai,0,not probed in crawl,noopener,none
after,https://kujolang.ai/ecosystem/casefile/,https://docs.kujolang.ai,Docs,nav,,https://docs.kujolang.ai,0,not probed in crawl,,none
after,https://kujolang.ai/ecosystem/casefile/,https://github.com/kujolang/casefile,GitHub,aside,,https://github.com/kujolang/casefile,0,not probed in crawl,noopener,none
after,https://kujolang.ai/ecosystem/casefile/,https://x.com/kujolang,Kujo on X,nav,,https://x.com/kujolang,0,not probed in crawl,,none
after,https://kujolang.ai/ecosystem/casefile/,https://github.com/kujolang,Kujo on GitHub,nav,,https://github.com/kujolang,0,not probed in crawl,,none
after,https://kujolang.ai/ecosystem/casefile/,https://discord.gg/RqDgyb3BX,Kujo on Discord,nav,,https://discord.gg/RqDgyb3BX,0,not probed in crawl,,none
after,https://kujolang.ai/ecosystem/changebucket/,https://agents.kujolang.ai,Agents (opens in a new tab),nav,,https://agents.kujolang.ai,0,not probed in crawl,noopener,none
after,https://kujolang.ai/ecosystem/changebucket/,https://docs.kujolang.ai,Docs,nav,,https://docs.kujolang.ai,0,not probed in crawl,,none
after,https://kujolang.ai/ecosystem/changebucket/,https://agents.kujolang.ai,Agents (opens in a new tab),nav,,https://agents.kujolang.ai,0,not probed in crawl,noopener,none
after,https://kujolang.ai/ecosystem/changebucket/,https://docs.kujolang.ai,Docs,nav,,https://docs.kujolang.ai,0,not probed in crawl,,none
after,https://kujolang.ai/ecosystem/changebucket/,https://github.com/kujolang/changebucket,GitHub,aside,,https://github.com/kujolang/changebucket,0,not probed in crawl,noopener,none
after,https://kujolang.ai/ecosystem/changebucket/,https://x.com/kujolang,Kujo on X,nav,,https://x.com/kujolang,0,not probed in crawl,,none
after,https://kujolang.ai/ecosystem/changebucket/,https://github.com/kujolang,Kujo on GitHub,nav,,https://github.com/kujolang,0,not probed in crawl,,none
after,https://kujolang.ai/ecosystem/changebucket/,https://discord.gg/RqDgyb3BX,Kujo on Discord,nav,,https://discord.gg/RqDgyb3BX,0,not probed in crawl,,none
after,https://kujolang.ai/ecosystem/cms/,https://agents.kujolang.ai,Agents (opens in a new tab),nav,,https://agents.kujolang.ai,0,not probed in crawl,noopener,none
after,https://kujolang.ai/ecosystem/cms/,https://docs.kujolang.ai,Docs,nav,,https://docs.kujolang.ai,0,not probed in crawl,,none
after,https://kujolang.ai/ecosystem/cms/,https://agents.kujolang.ai,Agents (opens in a new tab),nav,,https://agents.kujolang.ai,0,not probed in crawl,noopener,none
after,https://kujolang.ai/ecosystem/cms/,https://docs.kujolang.ai,Docs,nav,,https://docs.kujolang.ai,0,not probed in crawl,,none
after,https://kujolang.ai/ecosystem/cms/,https://github.com/kujolang/cms,GitHub,aside,,https://github.com/kujolang/cms,0,not probed in crawl,noopener,none
after,https://kujolang.ai/ecosystem/cms/,https://x.com/kujolang,Kujo on X,nav,,https://x.com/kujolang,0,not probed in crawl,,none
after,https://kujolang.ai/ecosystem/cms/,https://github.com/kujolang,Kujo on GitHub,nav,,https://github.com/kujolang,0,not probed in crawl,,none
after,https://kujolang.ai/ecosystem/cms/,https://discord.gg/RqDgyb3BX,Kujo on Discord,nav,,https://discord.gg/RqDgyb3BX,0,not probed in crawl,,none
after,https://kujolang.ai/ecosystem/concord/,https://agents.kujolang.ai,Agents (opens in a new tab),nav,,https://agents.kujolang.ai,0,not probed in crawl,noopener,none
after,https://kujolang.ai/ecosystem/concord/,https://docs.kujolang.ai,Docs,nav,,https://docs.kujolang.ai,0,not probed in crawl,,none
after,https://kujolang.ai/ecosystem/concord/,https://agents.kujolang.ai,Agents (opens in a new tab),nav,,https://agents.kujolang.ai,0,not probed in crawl,noopener,none
after,https://kujolang.ai/ecosystem/concord/,https://docs.kujolang.ai,Docs,nav,,https://docs.kujolang.ai,0,not probed in crawl,,none
after,https://kujolang.ai/ecosystem/concord/,https://github.com/kujolang/concord,GitHub,aside,,https://github.com/kujolang/concord,0,not probed in crawl,noopener,none
after,https://kujolang.ai/ecosystem/concord/,https://x.com/kujolang,Kujo on X,nav,,https://x.com/kujolang,0,not probed in crawl,,none
after,https://kujolang.ai/ecosystem/concord/,https://github.com/kujolang,Kujo on GitHub,nav,,https://github.com/kujolang,0,not probed in crawl,,none
after,https://kujolang.ai/ecosystem/concord/,https://discord.gg/RqDgyb3BX,Kujo on Discord,nav,,https://discord.gg/RqDgyb3BX,0,not probed in crawl,,none
after,https://kujolang.ai/ecosystem/contentgraph/,https://agents.kujolang.ai,Agents (opens in a new tab),nav,,https://agents.kujolang.ai,0,not probed in crawl,noopener,none
after,https://kujolang.ai/ecosystem/contentgraph/,https://docs.kujolang.ai,Docs,nav,,https://docs.kujolang.ai,0,not probed in crawl,,none
after,https://kujolang.ai/ecosystem/contentgraph/,https://agents.kujolang.ai,Agents (opens in a new tab),nav,,https://agents.kujolang.ai,0,not probed in crawl,noopener,none
after,https://kujolang.ai/ecosystem/contentgraph/,https://docs.kujolang.ai,Docs,nav,,https://docs.kujolang.ai,0,not probed in crawl,,none
after,https://kujolang.ai/ecosystem/contentgraph/,https://github.com/kujolang/contentgraph,GitHub,aside,,https://github.com/kujolang/contentgraph,0,not probed in crawl,noopener,none
after,https://kujolang.ai/ecosystem/contentgraph/,https://x.com/kujolang,Kujo on X,nav,,https://x.com/kujolang,0,not probed in crawl,,none
after,https://kujolang.ai/ecosystem/contentgraph/,https://github.com/kujolang,Kujo on GitHub,nav,,https://github.com/kujolang,0,not probed in crawl,,none
after,https://kujolang.ai/ecosystem/contentgraph/,https://discord.gg/RqDgyb3BX,Kujo on Discord,nav,,https://discord.gg/RqDgyb3BX,0,not probed in crawl,,none
after,https://kujolang.ai/ecosystem/crud-api/,https://agents.kujolang.ai,Agents (opens in a new tab),nav,,https://agents.kujolang.ai,0,not probed in crawl,noopener,none
after,https://kujolang.ai/ecosystem/crud-api/,https://docs.kujolang.ai,Docs,nav,,https://docs.kujolang.ai,0,not probed in crawl,,none
after,https://kujolang.ai/ecosystem/crud-api/,https://agents.kujolang.ai,Agents (opens in a new tab),nav,,https://agents.kujolang.ai,0,not probed in crawl,noopener,none
after,https://kujolang.ai/ecosystem/crud-api/,https://docs.kujolang.ai,Docs,nav,,https://docs.kujolang.ai,0,not probed in crawl,,none
after,https://kujolang.ai/ecosystem/crud-api/,https://github.com/kujolang/crud-api,GitHub,aside,,https://github.com/kujolang/crud-api,0,not probed in crawl,noopener,none
after,https://kujolang.ai/ecosystem/crud-api/,https://x.com/kujolang,Kujo on X,nav,,https://x.com/kujolang,0,not probed in crawl,,none
after,https://kujolang.ai/ecosystem/crud-api/,https://github.com/kujolang,Kujo on GitHub,nav,,https://github.com/kujolang,0,not probed in crawl,,none
after,https://kujolang.ai/ecosystem/crud-api/,https://discord.gg/RqDgyb3BX,Kujo on Discord,nav,,https://discord.gg/RqDgyb3BX,0,not probed in crawl,,none
after,https://kujolang.ai/ecosystem/dispatch/,https://agents.kujolang.ai,Agents (opens in a new tab),nav,,https://agents.kujolang.ai,0,not probed in crawl,noopener,none
after,https://kujolang.ai/ecosystem/dispatch/,https://docs.kujolang.ai,Docs,nav,,https://docs.kujolang.ai,0,not probed in crawl,,none
after,https://kujolang.ai/ecosystem/dispatch/,https://agents.kujolang.ai,Agents (opens in a new tab),nav,,https://agents.kujolang.ai,0,not probed in crawl,noopener,none
after,https://kujolang.ai/ecosystem/dispatch/,https://docs.kujolang.ai,Docs,nav,,https://docs.kujolang.ai,0,not probed in crawl,,none
after,https://kujolang.ai/ecosystem/dispatch/,https://github.com/kujolang/dispatch,GitHub,aside,,https://github.com/kujolang/dispatch,0,not probed in crawl,noopener,none
after,https://kujolang.ai/ecosystem/dispatch/,https://x.com/kujolang,Kujo on X,nav,,https://x.com/kujolang,0,not probed in crawl,,none
after,https://kujolang.ai/ecosystem/dispatch/,https://github.com/kujolang,Kujo on GitHub,nav,,https://github.com/kujolang,0,not probed in crawl,,none
after,https://kujolang.ai/ecosystem/dispatch/,https://discord.gg/RqDgyb3BX,Kujo on Discord,nav,,https://discord.gg/RqDgyb3BX,0,not probed in crawl,,none
after,https://kujolang.ai/ecosystem/eval/,https://agents.kujolang.ai,Agents (opens in a new tab),nav,,https://agents.kujolang.ai,0,not probed in crawl,noopener,none
after,https://kujolang.ai/ecosystem/eval/,https://docs.kujolang.ai,Docs,nav,,https://docs.kujolang.ai,0,not probed in crawl,,none
after,https://kujolang.ai/ecosystem/eval/,https://agents.kujolang.ai,Agents (opens in a new tab),nav,,https://agents.kujolang.ai,0,not probed in crawl,noopener,none
after,https://kujolang.ai/ecosystem/eval/,https://docs.kujolang.ai,Docs,nav,,https://docs.kujolang.ai,0,not probed in crawl,,none
after,https://kujolang.ai/ecosystem/eval/,https://github.com/kujolang/eval,GitHub,aside,,https://github.com/kujolang/eval,0,not probed in crawl,noopener,none
after,https://kujolang.ai/ecosystem/eval/,https://x.com/kujolang,Kujo on X,nav,,https://x.com/kujolang,0,not probed in crawl,,none
after,https://kujolang.ai/ecosystem/eval/,https://github.com/kujolang,Kujo on GitHub,nav,,https://github.com/kujolang,0,not probed in crawl,,none
after,https://kujolang.ai/ecosystem/eval/,https://discord.gg/RqDgyb3BX,Kujo on Discord,nav,,https://discord.gg/RqDgyb3BX,0,not probed in crawl,,none
after,https://kujolang.ai/ecosystem/fence/,https://agents.kujolang.ai,Agents (opens in a new tab),nav,,https://agents.kujolang.ai,0,not probed in crawl,noopener,none
after,https://kujolang.ai/ecosystem/fence/,https://docs.kujolang.ai,Docs,nav,,https://docs.kujolang.ai,0,not probed in crawl,,none
after,https://kujolang.ai/ecosystem/fence/,https://agents.kujolang.ai,Agents (opens in a new tab),nav,,https://agents.kujolang.ai,0,not probed in crawl,noopener,none
after,https://kujolang.ai/ecosystem/fence/,https://docs.kujolang.ai,Docs,nav,,https://docs.kujolang.ai,0,not probed in crawl,,none
after,https://kujolang.ai/ecosystem/fence/,https://github.com/kujolang/fence,GitHub,aside,,https://github.com/kujolang/fence,0,not probed in crawl,noopener,none
after,https://kujolang.ai/ecosystem/fence/,https://x.com/kujolang,Kujo on X,nav,,https://x.com/kujolang,0,not probed in crawl,,none
after,https://kujolang.ai/ecosystem/fence/,https://github.com/kujolang,Kujo on GitHub,nav,,https://github.com/kujolang,0,not probed in crawl,,none
after,https://kujolang.ai/ecosystem/fence/,https://discord.gg/RqDgyb3BX,Kujo on Discord,nav,,https://discord.gg/RqDgyb3BX,0,not probed in crawl,,none
after,https://kujolang.ai/ecosystem/howl/,https://agents.kujolang.ai,Agents (opens in a new tab),nav,,https://agents.kujolang.ai,0,not probed in crawl,noopener,none
after,https://kujolang.ai/ecosystem/howl/,https://docs.kujolang.ai,Docs,nav,,https://docs.kujolang.ai,0,not probed in crawl,,none
after,https://kujolang.ai/ecosystem/howl/,https://agents.kujolang.ai,Agents (opens in a new tab),nav,,https://agents.kujolang.ai,0,not probed in crawl,noopener,none
after,https://kujolang.ai/ecosystem/howl/,https://docs.kujolang.ai,Docs,nav,,https://docs.kujolang.ai,0,not probed in crawl,,none
after,https://kujolang.ai/ecosystem/howl/,https://github.com/kujolang/howl,GitHub,aside,,https://github.com/kujolang/howl,0,not probed in crawl,noopener,none
after,https://kujolang.ai/ecosystem/howl/,https://x.com/kujolang,Kujo on X,nav,,https://x.com/kujolang,0,not probed in crawl,,none
after,https://kujolang.ai/ecosystem/howl/,https://github.com/kujolang,Kujo on GitHub,nav,,https://github.com/kujolang,0,not probed in crawl,,none
after,https://kujolang.ai/ecosystem/howl/,https://discord.gg/RqDgyb3BX,Kujo on Discord,nav,,https://discord.gg/RqDgyb3BX,0,not probed in crawl,,none
after,https://kujolang.ai/ecosystem/,https://agents.kujolang.ai,Agents (opens in a new tab),nav,,https://agents.kujolang.ai,0,not probed in crawl,noopener,none
after,https://kujolang.ai/ecosystem/,https://docs.kujolang.ai,Docs,nav,,https://docs.kujolang.ai,0,not probed in crawl,,none
after,https://kujolang.ai/ecosystem/,https://agents.kujolang.ai,Agents (opens in a new tab),nav,,https://agents.kujolang.ai,0,not probed in crawl,noopener,none
after,https://kujolang.ai/ecosystem/,https://docs.kujolang.ai,Docs,nav,,https://docs.kujolang.ai,0,not probed in crawl,,none
after,https://kujolang.ai/ecosystem/,https://agents.kujolang.ai,Agents (opens in a new tab),main,,https://agents.kujolang.ai,0,not probed in crawl,noopener,none
after,https://kujolang.ai/ecosystem/,https://x.com/kujolang,Kujo on X,nav,,https://x.com/kujolang,0,not probed in crawl,,none
after,https://kujolang.ai/ecosystem/,https://github.com/kujolang,Kujo on GitHub,nav,,https://github.com/kujolang,0,not probed in crawl,,none
after,https://kujolang.ai/ecosystem/,https://discord.gg/RqDgyb3BX,Kujo on Discord,nav,,https://discord.gg/RqDgyb3BX,0,not probed in crawl,,none
after,https://kujolang.ai/ecosystem/kennel/,https://agents.kujolang.ai,Agents (opens in a new tab),nav,,https://agents.kujolang.ai,0,not probed in crawl,noopener,none
after,https://kujolang.ai/ecosystem/kennel/,https://docs.kujolang.ai,Docs,nav,,https://docs.kujolang.ai,0,not probed in crawl,,none
after,https://kujolang.ai/ecosystem/kennel/,https://agents.kujolang.ai,Agents (opens in a new tab),nav,,https://agents.kujolang.ai,0,not probed in crawl,noopener,none
after,https://kujolang.ai/ecosystem/kennel/,https://docs.kujolang.ai,Docs,nav,,https://docs.kujolang.ai,0,not probed in crawl,,none
after,https://kujolang.ai/ecosystem/kennel/,https://github.com/kujolang/kennel,GitHub,aside,,https://github.com/kujolang/kennel,0,not probed in crawl,noopener,none
after,https://kujolang.ai/ecosystem/kennel/,https://x.com/kujolang,Kujo on X,nav,,https://x.com/kujolang,0,not probed in crawl,,none
after,https://kujolang.ai/ecosystem/kennel/,https://github.com/kujolang,Kujo on GitHub,nav,,https://github.com/kujolang,0,not probed in crawl,,none
after,https://kujolang.ai/ecosystem/kennel/,https://discord.gg/RqDgyb3BX,Kujo on Discord,nav,,https://discord.gg/RqDgyb3BX,0,not probed in crawl,,none
after,https://kujolang.ai/ecosystem/kujo/,https://agents.kujolang.ai,Agents (opens in a new tab),nav,,https://agents.kujolang.ai,0,not probed in crawl,noopener,none
after,https://kujolang.ai/ecosystem/kujo/,https://docs.kujolang.ai,Docs,nav,,https://docs.kujolang.ai,0,not probed in crawl,,none
after,https://kujolang.ai/ecosystem/kujo/,https://agents.kujolang.ai,Agents (opens in a new tab),nav,,https://agents.kujolang.ai,0,not probed in crawl,noopener,none
after,https://kujolang.ai/ecosystem/kujo/,https://docs.kujolang.ai,Docs,nav,,https://docs.kujolang.ai,0,not probed in crawl,,none
after,https://kujolang.ai/ecosystem/kujo/,https://github.com/kujolang/kujo,GitHub,aside,,https://github.com/kujolang/kujo,0,not probed in crawl,noopener,none
after,https://kujolang.ai/ecosystem/kujo/,https://x.com/kujolang,Kujo on X,nav,,https://x.com/kujolang,0,not probed in crawl,,none
after,https://kujolang.ai/ecosystem/kujo/,https://github.com/kujolang,Kujo on GitHub,nav,,https://github.com/kujolang,0,not probed in crawl,,none
after,https://kujolang.ai/ecosystem/kujo/,https://discord.gg/RqDgyb3BX,Kujo on Discord,nav,,https://discord.gg/RqDgyb3BX,0,not probed in crawl,,none
after,https://kujolang.ai/ecosystem/leash/,https://agents.kujolang.ai,Agents (opens in a new tab),nav,,https://agents.kujolang.ai,0,not probed in crawl,noopener,none
after,https://kujolang.ai/ecosystem/leash/,https://docs.kujolang.ai,Docs,nav,,https://docs.kujolang.ai,0,not probed in crawl,,none
after,https://kujolang.ai/ecosystem/leash/,https://agents.kujolang.ai,Agents (opens in a new tab),nav,,https://agents.kujolang.ai,0,not probed in crawl,noopener,none
after,https://kujolang.ai/ecosystem/leash/,https://docs.kujolang.ai,Docs,nav,,https://docs.kujolang.ai,0,not probed in crawl,,none
after,https://kujolang.ai/ecosystem/leash/,https://github.com/robertdevore/leash,GitHub,aside,,https://github.com/robertdevore/leash,0,not probed in crawl,noopener,none
after,https://kujolang.ai/ecosystem/leash/,https://x.com/kujolang,Kujo on X,nav,,https://x.com/kujolang,0,not probed in crawl,,none
after,https://kujolang.ai/ecosystem/leash/,https://github.com/kujolang,Kujo on GitHub,nav,,https://github.com/kujolang,0,not probed in crawl,,none
after,https://kujolang.ai/ecosystem/leash/,https://discord.gg/RqDgyb3BX,Kujo on Discord,nav,,https://discord.gg/RqDgyb3BX,0,not probed in crawl,,none
after,https://kujolang.ai/ecosystem/lens/,https://agents.kujolang.ai,Agents (opens in a new tab),nav,,https://agents.kujolang.ai,0,not probed in crawl,noopener,none
after,https://kujolang.ai/ecosystem/lens/,https://docs.kujolang.ai,Docs,nav,,https://docs.kujolang.ai,0,not probed in crawl,,none
after,https://kujolang.ai/ecosystem/lens/,https://agents.kujolang.ai,Agents (opens in a new tab),nav,,https://agents.kujolang.ai,0,not probed in crawl,noopener,none
after,https://kujolang.ai/ecosystem/lens/,https://docs.kujolang.ai,Docs,nav,,https://docs.kujolang.ai,0,not probed in crawl,,none
after,https://kujolang.ai/ecosystem/lens/,https://github.com/kujolang/lens,GitHub,aside,,https://github.com/kujolang/lens,0,not probed in crawl,noopener,none
after,https://kujolang.ai/ecosystem/lens/,https://x.com/kujolang,Kujo on X,nav,,https://x.com/kujolang,0,not probed in crawl,,none
after,https://kujolang.ai/ecosystem/lens/,https://github.com/kujolang,Kujo on GitHub,nav,,https://github.com/kujolang,0,not probed in crawl,,none
after,https://kujolang.ai/ecosystem/lens/,https://discord.gg/RqDgyb3BX,Kujo on Discord,nav,,https://discord.gg/RqDgyb3BX,0,not probed in crawl,,none
after,https://kujolang.ai/ecosystem/mcp/,https://agents.kujolang.ai,Agents (opens in a new tab),nav,,https://agents.kujolang.ai,0,not probed in crawl,noopener,none
after,https://kujolang.ai/ecosystem/mcp/,https://docs.kujolang.ai,Docs,nav,,https://docs.kujolang.ai,0,not probed in crawl,,none
after,https://kujolang.ai/ecosystem/mcp/,https://agents.kujolang.ai,Agents (opens in a new tab),nav,,https://agents.kujolang.ai,0,not probed in crawl,noopener,none
after,https://kujolang.ai/ecosystem/mcp/,https://docs.kujolang.ai,Docs,nav,,https://docs.kujolang.ai,0,not probed in crawl,,none
after,https://kujolang.ai/ecosystem/mcp/,https://github.com/kujolang/mcp,GitHub,aside,,https://github.com/kujolang/mcp,0,not probed in crawl,noopener,none
after,https://kujolang.ai/ecosystem/mcp/,https://x.com/kujolang,Kujo on X,nav,,https://x.com/kujolang,0,not probed in crawl,,none
after,https://kujolang.ai/ecosystem/mcp/,https://github.com/kujolang,Kujo on GitHub,nav,,https://github.com/kujolang,0,not probed in crawl,,none
after,https://kujolang.ai/ecosystem/mcp/,https://discord.gg/RqDgyb3BX,Kujo on Discord,nav,,https://discord.gg/RqDgyb3BX,0,not probed in crawl,,none
after,https://kujolang.ai/ecosystem/muzzle/,https://agents.kujolang.ai,Agents (opens in a new tab),nav,,https://agents.kujolang.ai,0,not probed in crawl,noopener,none
after,https://kujolang.ai/ecosystem/muzzle/,https://docs.kujolang.ai,Docs,nav,,https://docs.kujolang.ai,0,not probed in crawl,,none
after,https://kujolang.ai/ecosystem/muzzle/,https://agents.kujolang.ai,Agents (opens in a new tab),nav,,https://agents.kujolang.ai,0,not probed in crawl,noopener,none
after,https://kujolang.ai/ecosystem/muzzle/,https://docs.kujolang.ai,Docs,nav,,https://docs.kujolang.ai,0,not probed in crawl,,none
after,https://kujolang.ai/ecosystem/muzzle/,https://github.com/kujolang/muzzle,GitHub,aside,,https://github.com/kujolang/muzzle,0,not probed in crawl,noopener,none
after,https://kujolang.ai/ecosystem/muzzle/,https://x.com/kujolang,Kujo on X,nav,,https://x.com/kujolang,0,not probed in crawl,,none
after,https://kujolang.ai/ecosystem/muzzle/,https://github.com/kujolang,Kujo on GitHub,nav,,https://github.com/kujolang,0,not probed in crawl,,none
after,https://kujolang.ai/ecosystem/muzzle/,https://discord.gg/RqDgyb3BX,Kujo on Discord,nav,,https://discord.gg/RqDgyb3BX,0,not probed in crawl,,none
after,https://kujolang.ai/ecosystem/packwrite/,https://agents.kujolang.ai,Agents (opens in a new tab),nav,,https://agents.kujolang.ai,0,not probed in crawl,noopener,none
after,https://kujolang.ai/ecosystem/packwrite/,https://docs.kujolang.ai,Docs,nav,,https://docs.kujolang.ai,0,not probed in crawl,,none
after,https://kujolang.ai/ecosystem/packwrite/,https://agents.kujolang.ai,Agents (opens in a new tab),nav,,https://agents.kujolang.ai,0,not probed in crawl,noopener,none
after,https://kujolang.ai/ecosystem/packwrite/,https://docs.kujolang.ai,Docs,nav,,https://docs.kujolang.ai,0,not probed in crawl,,none
after,https://kujolang.ai/ecosystem/packwrite/,https://github.com/kujolang/packwrite,GitHub,aside,,https://github.com/kujolang/packwrite,0,not probed in crawl,noopener,none
after,https://kujolang.ai/ecosystem/packwrite/,https://x.com/kujolang,Kujo on X,nav,,https://x.com/kujolang,0,not probed in crawl,,none
after,https://kujolang.ai/ecosystem/packwrite/,https://github.com/kujolang,Kujo on GitHub,nav,,https://github.com/kujolang,0,not probed in crawl,,none
after,https://kujolang.ai/ecosystem/packwrite/,https://discord.gg/RqDgyb3BX,Kujo on Discord,nav,,https://discord.gg/RqDgyb3BX,0,not probed in crawl,,none
after,https://kujolang.ai/ecosystem/patchbrief/,https://agents.kujolang.ai,Agents (opens in a new tab),nav,,https://agents.kujolang.ai,0,not probed in crawl,noopener,none
after,https://kujolang.ai/ecosystem/patchbrief/,https://docs.kujolang.ai,Docs,nav,,https://docs.kujolang.ai,0,not probed in crawl,,none
after,https://kujolang.ai/ecosystem/patchbrief/,https://agents.kujolang.ai,Agents (opens in a new tab),nav,,https://agents.kujolang.ai,0,not probed in crawl,noopener,none
after,https://kujolang.ai/ecosystem/patchbrief/,https://docs.kujolang.ai,Docs,nav,,https://docs.kujolang.ai,0,not probed in crawl,,none
after,https://kujolang.ai/ecosystem/patchbrief/,https://github.com/kujolang/patchbrief,GitHub,aside,,https://github.com/kujolang/patchbrief,0,not probed in crawl,noopener,none
after,https://kujolang.ai/ecosystem/patchbrief/,https://x.com/kujolang,Kujo on X,nav,,https://x.com/kujolang,0,not probed in crawl,,none
after,https://kujolang.ai/ecosystem/patchbrief/,https://github.com/kujolang,Kujo on GitHub,nav,,https://github.com/kujolang,0,not probed in crawl,,none
after,https://kujolang.ai/ecosystem/patchbrief/,https://discord.gg/RqDgyb3BX,Kujo on Discord,nav,,https://discord.gg/RqDgyb3BX,0,not probed in crawl,,none
after,https://kujolang.ai/ecosystem/primitives/,https://agents.kujolang.ai,Agents (opens in a new tab),nav,,https://agents.kujolang.ai,0,not probed in crawl,noopener,none
after,https://kujolang.ai/ecosystem/primitives/,https://docs.kujolang.ai,Docs,nav,,https://docs.kujolang.ai,0,not probed in crawl,,none
after,https://kujolang.ai/ecosystem/primitives/,https://agents.kujolang.ai,Agents (opens in a new tab),nav,,https://agents.kujolang.ai,0,not probed in crawl,noopener,none
after,https://kujolang.ai/ecosystem/primitives/,https://docs.kujolang.ai,Docs,nav,,https://docs.kujolang.ai,0,not probed in crawl,,none
after,https://kujolang.ai/ecosystem/primitives/,https://x.com/kujolang,Kujo on X,nav,,https://x.com/kujolang,0,not probed in crawl,,none
after,https://kujolang.ai/ecosystem/primitives/,https://github.com/kujolang,Kujo on GitHub,nav,,https://github.com/kujolang,0,not probed in crawl,,none
after,https://kujolang.ai/ecosystem/primitives/,https://discord.gg/RqDgyb3BX,Kujo on Discord,nav,,https://discord.gg/RqDgyb3BX,0,not probed in crawl,,none
after,https://kujolang.ai/ecosystem/rag/,https://agents.kujolang.ai,Agents (opens in a new tab),nav,,https://agents.kujolang.ai,0,not probed in crawl,noopener,none
after,https://kujolang.ai/ecosystem/rag/,https://docs.kujolang.ai,Docs,nav,,https://docs.kujolang.ai,0,not probed in crawl,,none
after,https://kujolang.ai/ecosystem/rag/,https://agents.kujolang.ai,Agents (opens in a new tab),nav,,https://agents.kujolang.ai,0,not probed in crawl,noopener,none
after,https://kujolang.ai/ecosystem/rag/,https://docs.kujolang.ai,Docs,nav,,https://docs.kujolang.ai,0,not probed in crawl,,none
after,https://kujolang.ai/ecosystem/rag/,https://github.com/kujolang/rag,GitHub,aside,,https://github.com/kujolang/rag,0,not probed in crawl,noopener,none
after,https://kujolang.ai/ecosystem/rag/,https://x.com/kujolang,Kujo on X,nav,,https://x.com/kujolang,0,not probed in crawl,,none
after,https://kujolang.ai/ecosystem/rag/,https://github.com/kujolang,Kujo on GitHub,nav,,https://github.com/kujolang,0,not probed in crawl,,none
after,https://kujolang.ai/ecosystem/rag/,https://discord.gg/RqDgyb3BX,Kujo on Discord,nav,,https://discord.gg/RqDgyb3BX,0,not probed in crawl,,none
after,https://kujolang.ai/ecosystem/redact/,https://agents.kujolang.ai,Agents (opens in a new tab),nav,,https://agents.kujolang.ai,0,not probed in crawl,noopener,none
after,https://kujolang.ai/ecosystem/redact/,https://docs.kujolang.ai,Docs,nav,,https://docs.kujolang.ai,0,not probed in crawl,,none
after,https://kujolang.ai/ecosystem/redact/,https://agents.kujolang.ai,Agents (opens in a new tab),nav,,https://agents.kujolang.ai,0,not probed in crawl,noopener,none
after,https://kujolang.ai/ecosystem/redact/,https://docs.kujolang.ai,Docs,nav,,https://docs.kujolang.ai,0,not probed in crawl,,none
after,https://kujolang.ai/ecosystem/redact/,https://github.com/kujolang/redact,GitHub,aside,,https://github.com/kujolang/redact,0,not probed in crawl,noopener,none
after,https://kujolang.ai/ecosystem/redact/,https://x.com/kujolang,Kujo on X,nav,,https://x.com/kujolang,0,not probed in crawl,,none
after,https://kujolang.ai/ecosystem/redact/,https://github.com/kujolang,Kujo on GitHub,nav,,https://github.com/kujolang,0,not probed in crawl,,none
after,https://kujolang.ai/ecosystem/redact/,https://discord.gg/RqDgyb3BX,Kujo on Discord,nav,,https://discord.gg/RqDgyb3BX,0,not probed in crawl,,none
after,https://kujolang.ai/ecosystem/relay/,https://agents.kujolang.ai,Agents (opens in a new tab),nav,,https://agents.kujolang.ai,0,not probed in crawl,noopener,none
after,https://kujolang.ai/ecosystem/relay/,https://docs.kujolang.ai,Docs,nav,,https://docs.kujolang.ai,0,not probed in crawl,,none
after,https://kujolang.ai/ecosystem/relay/,https://agents.kujolang.ai,Agents (opens in a new tab),nav,,https://agents.kujolang.ai,0,not probed in crawl,noopener,none
after,https://kujolang.ai/ecosystem/relay/,https://docs.kujolang.ai,Docs,nav,,https://docs.kujolang.ai,0,not probed in crawl,,none
after,https://kujolang.ai/ecosystem/relay/,https://github.com/kujolang/relay,GitHub,aside,,https://github.com/kujolang/relay,0,not probed in crawl,noopener,none
after,https://kujolang.ai/ecosystem/relay/,https://x.com/kujolang,Kujo on X,nav,,https://x.com/kujolang,0,not probed in crawl,,none
after,https://kujolang.ai/ecosystem/relay/,https://github.com/kujolang,Kujo on GitHub,nav,,https://github.com/kujolang,0,not probed in crawl,,none
after,https://kujolang.ai/ecosystem/relay/,https://discord.gg/RqDgyb3BX,Kujo on Discord,nav,,https://discord.gg/RqDgyb3BX,0,not probed in crawl,,none
after,https://kujolang.ai/ecosystem/runledger/,https://agents.kujolang.ai,Agents (opens in a new tab),nav,,https://agents.kujolang.ai,0,not probed in crawl,noopener,none
after,https://kujolang.ai/ecosystem/runledger/,https://docs.kujolang.ai,Docs,nav,,https://docs.kujolang.ai,0,not probed in crawl,,none
after,https://kujolang.ai/ecosystem/runledger/,https://agents.kujolang.ai,Agents (opens in a new tab),nav,,https://agents.kujolang.ai,0,not probed in crawl,noopener,none
after,https://kujolang.ai/ecosystem/runledger/,https://docs.kujolang.ai,Docs,nav,,https://docs.kujolang.ai,0,not probed in crawl,,none
after,https://kujolang.ai/ecosystem/runledger/,https://github.com/kujolang/runledger,GitHub,aside,,https://github.com/kujolang/runledger,0,not probed in crawl,noopener,none
after,https://kujolang.ai/ecosystem/runledger/,https://x.com/kujolang,Kujo on X,nav,,https://x.com/kujolang,0,not probed in crawl,,none
after,https://kujolang.ai/ecosystem/runledger/,https://github.com/kujolang,Kujo on GitHub,nav,,https://github.com/kujolang,0,not probed in crawl,,none
after,https://kujolang.ai/ecosystem/runledger/,https://discord.gg/RqDgyb3BX,Kujo on Discord,nav,,https://discord.gg/RqDgyb3BX,0,not probed in crawl,,none
after,https://kujolang.ai/ecosystem/scent/,https://agents.kujolang.ai,Agents (opens in a new tab),nav,,https://agents.kujolang.ai,0,not probed in crawl,noopener,none
after,https://kujolang.ai/ecosystem/scent/,https://docs.kujolang.ai,Docs,nav,,https://docs.kujolang.ai,0,not probed in crawl,,none
after,https://kujolang.ai/ecosystem/scent/,https://agents.kujolang.ai,Agents (opens in a new tab),nav,,https://agents.kujolang.ai,0,not probed in crawl,noopener,none
after,https://kujolang.ai/ecosystem/scent/,https://docs.kujolang.ai,Docs,nav,,https://docs.kujolang.ai,0,not probed in crawl,,none
after,https://kujolang.ai/ecosystem/scent/,https://github.com/kujolang/scent,GitHub,aside,,https://github.com/kujolang/scent,0,not probed in crawl,noopener,none
after,https://kujolang.ai/ecosystem/scent/,https://x.com/kujolang,Kujo on X,nav,,https://x.com/kujolang,0,not probed in crawl,,none
after,https://kujolang.ai/ecosystem/scent/,https://github.com/kujolang,Kujo on GitHub,nav,,https://github.com/kujolang,0,not probed in crawl,,none
after,https://kujolang.ai/ecosystem/scent/,https://discord.gg/RqDgyb3BX,Kujo on Discord,nav,,https://discord.gg/RqDgyb3BX,0,not probed in crawl,,none
after,https://kujolang.ai/ecosystem/scout/,https://agents.kujolang.ai,Agents (opens in a new tab),nav,,https://agents.kujolang.ai,0,not probed in crawl,noopener,none
after,https://kujolang.ai/ecosystem/scout/,https://docs.kujolang.ai,Docs,nav,,https://docs.kujolang.ai,0,not probed in crawl,,none
after,https://kujolang.ai/ecosystem/scout/,https://agents.kujolang.ai,Agents (opens in a new tab),nav,,https://agents.kujolang.ai,0,not probed in crawl,noopener,none
after,https://kujolang.ai/ecosystem/scout/,https://docs.kujolang.ai,Docs,nav,,https://docs.kujolang.ai,0,not probed in crawl,,none
after,https://kujolang.ai/ecosystem/scout/,https://github.com/kujolang/scout,GitHub,aside,,https://github.com/kujolang/scout,0,not probed in crawl,noopener,none
after,https://kujolang.ai/ecosystem/scout/,https://x.com/kujolang,Kujo on X,nav,,https://x.com/kujolang,0,not probed in crawl,,none
after,https://kujolang.ai/ecosystem/scout/,https://github.com/kujolang,Kujo on GitHub,nav,,https://github.com/kujolang,0,not probed in crawl,,none
after,https://kujolang.ai/ecosystem/scout/,https://discord.gg/RqDgyb3BX,Kujo on Discord,nav,,https://discord.gg/RqDgyb3BX,0,not probed in crawl,,none
after,https://kujolang.ai/ecosystem/searchbridge/,https://agents.kujolang.ai,Agents (opens in a new tab),nav,,https://agents.kujolang.ai,0,not probed in crawl,noopener,none
after,https://kujolang.ai/ecosystem/searchbridge/,https://docs.kujolang.ai,Docs,nav,,https://docs.kujolang.ai,0,not probed in crawl,,none
after,https://kujolang.ai/ecosystem/searchbridge/,https://agents.kujolang.ai,Agents (opens in a new tab),nav,,https://agents.kujolang.ai,0,not probed in crawl,noopener,none
after,https://kujolang.ai/ecosystem/searchbridge/,https://docs.kujolang.ai,Docs,nav,,https://docs.kujolang.ai,0,not probed in crawl,,none
after,https://kujolang.ai/ecosystem/searchbridge/,https://github.com/kujolang/searchbridge,GitHub,aside,,https://github.com/kujolang/searchbridge,0,not probed in crawl,noopener,none
after,https://kujolang.ai/ecosystem/searchbridge/,https://x.com/kujolang,Kujo on X,nav,,https://x.com/kujolang,0,not probed in crawl,,none
after,https://kujolang.ai/ecosystem/searchbridge/,https://github.com/kujolang,Kujo on GitHub,nav,,https://github.com/kujolang,0,not probed in crawl,,none
after,https://kujolang.ai/ecosystem/searchbridge/,https://discord.gg/RqDgyb3BX,Kujo on Discord,nav,,https://discord.gg/RqDgyb3BX,0,not probed in crawl,,none
after,https://kujolang.ai/ecosystem/shipcheck/,https://agents.kujolang.ai,Agents (opens in a new tab),nav,,https://agents.kujolang.ai,0,not probed in crawl,noopener,none
after,https://kujolang.ai/ecosystem/shipcheck/,https://docs.kujolang.ai,Docs,nav,,https://docs.kujolang.ai,0,not probed in crawl,,none
after,https://kujolang.ai/ecosystem/shipcheck/,https://agents.kujolang.ai,Agents (opens in a new tab),nav,,https://agents.kujolang.ai,0,not probed in crawl,noopener,none
after,https://kujolang.ai/ecosystem/shipcheck/,https://docs.kujolang.ai,Docs,nav,,https://docs.kujolang.ai,0,not probed in crawl,,none
after,https://kujolang.ai/ecosystem/shipcheck/,https://github.com/kujolang/shipcheck,GitHub,aside,,https://github.com/kujolang/shipcheck,0,not probed in crawl,noopener,none
after,https://kujolang.ai/ecosystem/shipcheck/,https://x.com/kujolang,Kujo on X,nav,,https://x.com/kujolang,0,not probed in crawl,,none
after,https://kujolang.ai/ecosystem/shipcheck/,https://github.com/kujolang,Kujo on GitHub,nav,,https://github.com/kujolang,0,not probed in crawl,,none
after,https://kujolang.ai/ecosystem/shipcheck/,https://discord.gg/RqDgyb3BX,Kujo on Discord,nav,,https://discord.gg/RqDgyb3BX,0,not probed in crawl,,none
after,https://kujolang.ai/ecosystem/showcase/,https://agents.kujolang.ai,Agents (opens in a new tab),nav,,https://agents.kujolang.ai,0,not probed in crawl,noopener,none
after,https://kujolang.ai/ecosystem/showcase/,https://docs.kujolang.ai,Docs,nav,,https://docs.kujolang.ai,0,not probed in crawl,,none
after,https://kujolang.ai/ecosystem/showcase/,https://agents.kujolang.ai,Agents (opens in a new tab),nav,,https://agents.kujolang.ai,0,not probed in crawl,noopener,none
after,https://kujolang.ai/ecosystem/showcase/,https://docs.kujolang.ai,Docs,nav,,https://docs.kujolang.ai,0,not probed in crawl,,none
after,https://kujolang.ai/ecosystem/showcase/,https://x.com/kujolang,Kujo on X,nav,,https://x.com/kujolang,0,not probed in crawl,,none
after,https://kujolang.ai/ecosystem/showcase/,https://github.com/kujolang,Kujo on GitHub,nav,,https://github.com/kujolang,0,not probed in crawl,,none
after,https://kujolang.ai/ecosystem/showcase/,https://discord.gg/RqDgyb3BX,Kujo on Discord,nav,,https://discord.gg/RqDgyb3BX,0,not probed in crawl,,none
after,https://kujolang.ai/ecosystem/sitekit/,https://agents.kujolang.ai,Agents (opens in a new tab),nav,,https://agents.kujolang.ai,0,not probed in crawl,noopener,none
after,https://kujolang.ai/ecosystem/sitekit/,https://docs.kujolang.ai,Docs,nav,,https://docs.kujolang.ai,0,not probed in crawl,,none
after,https://kujolang.ai/ecosystem/sitekit/,https://agents.kujolang.ai,Agents (opens in a new tab),nav,,https://agents.kujolang.ai,0,not probed in crawl,noopener,none
after,https://kujolang.ai/ecosystem/sitekit/,https://docs.kujolang.ai,Docs,nav,,https://docs.kujolang.ai,0,not probed in crawl,,none
after,https://kujolang.ai/ecosystem/sitekit/,https://github.com/kujolang/site-kit,GitHub,aside,,https://github.com/kujolang/site-kit,0,not probed in crawl,noopener,none
after,https://kujolang.ai/ecosystem/sitekit/,https://x.com/kujolang,Kujo on X,nav,,https://x.com/kujolang,0,not probed in crawl,,none
after,https://kujolang.ai/ecosystem/sitekit/,https://github.com/kujolang,Kujo on GitHub,nav,,https://github.com/kujolang,0,not probed in crawl,,none
after,https://kujolang.ai/ecosystem/sitekit/,https://discord.gg/RqDgyb3BX,Kujo on Discord,nav,,https://discord.gg/RqDgyb3BX,0,not probed in crawl,,none
after,https://kujolang.ai/ecosystem/siteprobe/,https://agents.kujolang.ai,Agents (opens in a new tab),nav,,https://agents.kujolang.ai,0,not probed in crawl,noopener,none
after,https://kujolang.ai/ecosystem/siteprobe/,https://docs.kujolang.ai,Docs,nav,,https://docs.kujolang.ai,0,not probed in crawl,,none
after,https://kujolang.ai/ecosystem/siteprobe/,https://agents.kujolang.ai,Agents (opens in a new tab),nav,,https://agents.kujolang.ai,0,not probed in crawl,noopener,none
after,https://kujolang.ai/ecosystem/siteprobe/,https://docs.kujolang.ai,Docs,nav,,https://docs.kujolang.ai,0,not probed in crawl,,none
after,https://kujolang.ai/ecosystem/siteprobe/,https://github.com/kujolang/siteprobe,GitHub,aside,,https://github.com/kujolang/siteprobe,0,not probed in crawl,noopener,none
after,https://kujolang.ai/ecosystem/siteprobe/,https://x.com/kujolang,Kujo on X,nav,,https://x.com/kujolang,0,not probed in crawl,,none
after,https://kujolang.ai/ecosystem/siteprobe/,https://github.com/kujolang,Kujo on GitHub,nav,,https://github.com/kujolang,0,not probed in crawl,,none
after,https://kujolang.ai/ecosystem/siteprobe/,https://discord.gg/RqDgyb3BX,Kujo on Discord,nav,,https://discord.gg/RqDgyb3BX,0,not probed in crawl,,none
after,https://kujolang.ai/ecosystem/skills/,https://agents.kujolang.ai,Agents (opens in a new tab),nav,,https://agents.kujolang.ai,0,not probed in crawl,noopener,none
after,https://kujolang.ai/ecosystem/skills/,https://docs.kujolang.ai,Docs,nav,,https://docs.kujolang.ai,0,not probed in crawl,,none
after,https://kujolang.ai/ecosystem/skills/,https://agents.kujolang.ai,Agents (opens in a new tab),nav,,https://agents.kujolang.ai,0,not probed in crawl,noopener,none
after,https://kujolang.ai/ecosystem/skills/,https://docs.kujolang.ai,Docs,nav,,https://docs.kujolang.ai,0,not probed in crawl,,none
after,https://kujolang.ai/ecosystem/skills/,https://github.com/kujolang/kujo-skills,View repository,header,,https://github.com/kujolang/kujo-skills,0,not probed in crawl,noopener,none
after,https://kujolang.ai/ecosystem/skills/,https://x.com/kujolang,Kujo on X,nav,,https://x.com/kujolang,0,not probed in crawl,,none
after,https://kujolang.ai/ecosystem/skills/,https://github.com/kujolang,Kujo on GitHub,nav,,https://github.com/kujolang,0,not probed in crawl,,none
after,https://kujolang.ai/ecosystem/skills/,https://discord.gg/RqDgyb3BX,Kujo on Discord,nav,,https://discord.gg/RqDgyb3BX,0,not probed in crawl,,none
after,https://kujolang.ai/ecosystem/skills/kujo-agents-sdk-workflows/,https://agents.kujolang.ai,Agents (opens in a new tab),nav,,https://agents.kujolang.ai,0,not probed in crawl,noopener,none
after,https://kujolang.ai/ecosystem/skills/kujo-agents-sdk-workflows/,https://docs.kujolang.ai,Docs,nav,,https://docs.kujolang.ai,0,not probed in crawl,,none
after,https://kujolang.ai/ecosystem/skills/kujo-agents-sdk-workflows/,https://agents.kujolang.ai,Agents (opens in a new tab),nav,,https://agents.kujolang.ai,0,not probed in crawl,noopener,none
after,https://kujolang.ai/ecosystem/skills/kujo-agents-sdk-workflows/,https://docs.kujolang.ai,Docs,nav,,https://docs.kujolang.ai,0,not probed in crawl,,none
after,https://kujolang.ai/ecosystem/skills/kujo-agents-sdk-workflows/,https://github.com/kujolang/kujo-skills/blob/main/skills/kujo-agents-sdk-workflows/SKILL.md,Read the complete kujo-agents-sdk-workflows skill on GitHub,article,,https://github.com/kujolang/kujo-skills/blob/main/skills/kujo-agents-sdk-workflows/SKILL.md,0,not probed in crawl,,none
after,https://kujolang.ai/ecosystem/skills/kujo-agents-sdk-workflows/,https://github.com/kujolang/kujo-skills/blob/main/SKILLS_INDEX.md,Browse the released Kujo Skills Index,article,,https://github.com/kujolang/kujo-skills/blob/main/SKILLS_INDEX.md,0,not probed in crawl,,none
after,https://kujolang.ai/ecosystem/skills/kujo-agents-sdk-workflows/,https://github.com/kujolang/kujo-skills/blob/main/skills/kujo-agents-sdk-workflows/SKILL.md,GitHub,aside,,https://github.com/kujolang/kujo-skills/blob/main/skills/kujo-agents-sdk-workflows/SKILL.md,0,not probed in crawl,noopener,none
after,https://kujolang.ai/ecosystem/skills/kujo-agents-sdk-workflows/,https://x.com/kujolang,Kujo on X,nav,,https://x.com/kujolang,0,not probed in crawl,,none
after,https://kujolang.ai/ecosystem/skills/kujo-agents-sdk-workflows/,https://github.com/kujolang,Kujo on GitHub,nav,,https://github.com/kujolang,0,not probed in crawl,,none
after,https://kujolang.ai/ecosystem/skills/kujo-agents-sdk-workflows/,https://discord.gg/RqDgyb3BX,Kujo on Discord,nav,,https://discord.gg/RqDgyb3BX,0,not probed in crawl,,none
after,https://kujolang.ai/ecosystem/skills/kujo-ai-chat-workflows/,https://agents.kujolang.ai,Agents (opens in a new tab),nav,,https://agents.kujolang.ai,0,not probed in crawl,noopener,none
after,https://kujolang.ai/ecosystem/skills/kujo-ai-chat-workflows/,https://docs.kujolang.ai,Docs,nav,,https://docs.kujolang.ai,0,not probed in crawl,,none
after,https://kujolang.ai/ecosystem/skills/kujo-ai-chat-workflows/,https://agents.kujolang.ai,Agents (opens in a new tab),nav,,https://agents.kujolang.ai,0,not probed in crawl,noopener,none
after,https://kujolang.ai/ecosystem/skills/kujo-ai-chat-workflows/,https://docs.kujolang.ai,Docs,nav,,https://docs.kujolang.ai,0,not probed in crawl,,none
after,https://kujolang.ai/ecosystem/skills/kujo-ai-chat-workflows/,https://github.com/kujolang/kujo-skills/blob/main/skills/kujo-ai-chat-workflows/SKILL.md,Read the complete kujo-ai-chat-workflows skill on GitHub,article,,https://github.com/kujolang/kujo-skills/blob/main/skills/kujo-ai-chat-workflows/SKILL.md,0,not probed in crawl,,none
after,https://kujolang.ai/ecosystem/skills/kujo-ai-chat-workflows/,https://github.com/kujolang/kujo-skills/blob/main/SKILLS_INDEX.md,Browse the released Kujo Skills Index,article,,https://github.com/kujolang/kujo-skills/blob/main/SKILLS_INDEX.md,0,not probed in crawl,,none
after,https://kujolang.ai/ecosystem/skills/kujo-ai-chat-workflows/,https://github.com/kujolang/kujo-skills/blob/main/skills/kujo-ai-chat-workflows/SKILL.md,GitHub,aside,,https://github.com/kujolang/kujo-skills/blob/main/skills/kujo-ai-chat-workflows/SKILL.md,0,not probed in crawl,noopener,none
after,https://kujolang.ai/ecosystem/skills/kujo-ai-chat-workflows/,https://x.com/kujolang,Kujo on X,nav,,https://x.com/kujolang,0,not probed in crawl,,none
after,https://kujolang.ai/ecosystem/skills/kujo-ai-chat-workflows/,https://github.com/kujolang,Kujo on GitHub,nav,,https://github.com/kujolang,0,not probed in crawl,,none
after,https://kujolang.ai/ecosystem/skills/kujo-ai-chat-workflows/,https://discord.gg/RqDgyb3BX,Kujo on Discord,nav,,https://discord.gg/RqDgyb3BX,0,not probed in crawl,,none
after,https://kujolang.ai/ecosystem/skills/kujo-ai-sdk-workflows/,https://agents.kujolang.ai,Agents (opens in a new tab),nav,,https://agents.kujolang.ai,0,not probed in crawl,noopener,none
after,https://kujolang.ai/ecosystem/skills/kujo-ai-sdk-workflows/,https://docs.kujolang.ai,Docs,nav,,https://docs.kujolang.ai,0,not probed in crawl,,none
after,https://kujolang.ai/ecosystem/skills/kujo-ai-sdk-workflows/,https://agents.kujolang.ai,Agents (opens in a new tab),nav,,https://agents.kujolang.ai,0,not probed in crawl,noopener,none
after,https://kujolang.ai/ecosystem/skills/kujo-ai-sdk-workflows/,https://docs.kujolang.ai,Docs,nav,,https://docs.kujolang.ai,0,not probed in crawl,,none
after,https://kujolang.ai/ecosystem/skills/kujo-ai-sdk-workflows/,https://github.com/kujolang/kujo-skills/blob/main/skills/kujo-ai-sdk-workflows/SKILL.md,Read the complete kujo-ai-sdk-workflows skill on GitHub,article,,https://github.com/kujolang/kujo-skills/blob/main/skills/kujo-ai-sdk-workflows/SKILL.md,0,not probed in crawl,,none
after,https://kujolang.ai/ecosystem/skills/kujo-ai-sdk-workflows/,https://github.com/kujolang/kujo-skills/blob/main/SKILLS_INDEX.md,Browse the released Kujo Skills Index,article,,https://github.com/kujolang/kujo-skills/blob/main/SKILLS_INDEX.md,0,not probed in crawl,,none
after,https://kujolang.ai/ecosystem/skills/kujo-ai-sdk-workflows/,https://github.com/kujolang/kujo-skills/blob/main/skills/kujo-ai-sdk-workflows/SKILL.md,GitHub,aside,,https://github.com/kujolang/kujo-skills/blob/main/skills/kujo-ai-sdk-workflows/SKILL.md,0,not probed in crawl,noopener,none
after,https://kujolang.ai/ecosystem/skills/kujo-ai-sdk-workflows/,https://x.com/kujolang,Kujo on X,nav,,https://x.com/kujolang,0,not probed in crawl,,none
after,https://kujolang.ai/ecosystem/skills/kujo-ai-sdk-workflows/,https://github.com/kujolang,Kujo on GitHub,nav,,https://github.com/kujolang,0,not probed in crawl,,none
after,https://kujolang.ai/ecosystem/skills/kujo-ai-sdk-workflows/,https://discord.gg/RqDgyb3BX,Kujo on Discord,nav,,https://discord.gg/RqDgyb3BX,0,not probed in crawl,,none
after,https://kujolang.ai/ecosystem/skills/kujo-backlog-normalizer/,https://agents.kujolang.ai,Agents (opens in a new tab),nav,,https://agents.kujolang.ai,0,not probed in crawl,noopener,none
after,https://kujolang.ai/ecosystem/skills/kujo-backlog-normalizer/,https://docs.kujolang.ai,Docs,nav,,https://docs.kujolang.ai,0,not probed in crawl,,none
after,https://kujolang.ai/ecosystem/skills/kujo-backlog-normalizer/,https://agents.kujolang.ai,Agents (opens in a new tab),nav,,https://agents.kujolang.ai,0,not probed in crawl,noopener,none
after,https://kujolang.ai/ecosystem/skills/kujo-backlog-normalizer/,https://docs.kujolang.ai,Docs,nav,,https://docs.kujolang.ai,0,not probed in crawl,,none
after,https://kujolang.ai/ecosystem/skills/kujo-backlog-normalizer/,https://github.com/kujolang/kujo-skills/blob/main/skills/kujo-backlog-normalizer/SKILL.md,Read the complete kujo-backlog-normalizer skill on GitHub,article,,https://github.com/kujolang/kujo-skills/blob/main/skills/kujo-backlog-normalizer/SKILL.md,0,not probed in crawl,,none
after,https://kujolang.ai/ecosystem/skills/kujo-backlog-normalizer/,https://github.com/kujolang/kujo-skills/blob/main/SKILLS_INDEX.md,Browse the released Kujo Skills Index,article,,https://github.com/kujolang/kujo-skills/blob/main/SKILLS_INDEX.md,0,not probed in crawl,,none
after,https://kujolang.ai/ecosystem/skills/kujo-backlog-normalizer/,https://github.com/kujolang/kujo-skills/blob/main/skills/kujo-backlog-normalizer/SKILL.md,GitHub,aside,,https://github.com/kujolang/kujo-skills/blob/main/skills/kujo-backlog-normalizer/SKILL.md,0,not probed in crawl,noopener,none
after,https://kujolang.ai/ecosystem/skills/kujo-backlog-normalizer/,https://x.com/kujolang,Kujo on X,nav,,https://x.com/kujolang,0,not probed in crawl,,none
after,https://kujolang.ai/ecosystem/skills/kujo-backlog-normalizer/,https://github.com/kujolang,Kujo on GitHub,nav,,https://github.com/kujolang,0,not probed in crawl,,none
after,https://kujolang.ai/ecosystem/skills/kujo-backlog-normalizer/,https://discord.gg/RqDgyb3BX,Kujo on Discord,nav,,https://discord.gg/RqDgyb3BX,0,not probed in crawl,,none
after,https://kujolang.ai/ecosystem/skills/kujo-benchmarks-capsule-workflows/,https://agents.kujolang.ai,Agents (opens in a new tab),nav,,https://agents.kujolang.ai,0,not probed in crawl,noopener,none
after,https://kujolang.ai/ecosystem/skills/kujo-benchmarks-capsule-workflows/,https://docs.kujolang.ai,Docs,nav,,https://docs.kujolang.ai,0,not probed in crawl,,none
after,https://kujolang.ai/ecosystem/skills/kujo-benchmarks-capsule-workflows/,https://agents.kujolang.ai,Agents (opens in a new tab),nav,,https://agents.kujolang.ai,0,not probed in crawl,noopener,none
after,https://kujolang.ai/ecosystem/skills/kujo-benchmarks-capsule-workflows/,https://docs.kujolang.ai,Docs,nav,,https://docs.kujolang.ai,0,not probed in crawl,,none
after,https://kujolang.ai/ecosystem/skills/kujo-benchmarks-capsule-workflows/,https://github.com/kujolang/kujo-skills/blob/main/skills/kujo-benchmarks-capsule-workflows/SKILL.md,Read the complete kujo-benchmarks-capsule-workflows skill on GitHub,article,,https://github.com/kujolang/kujo-skills/blob/main/skills/kujo-benchmarks-capsule-workflows/SKILL.md,0,not probed in crawl,,none
after,https://kujolang.ai/ecosystem/skills/kujo-benchmarks-capsule-workflows/,https://github.com/kujolang/kujo-skills/blob/main/SKILLS_INDEX.md,Browse the released Kujo Skills Index,article,,https://github.com/kujolang/kujo-skills/blob/main/SKILLS_INDEX.md,0,not probed in crawl,,none
after,https://kujolang.ai/ecosystem/skills/kujo-benchmarks-capsule-workflows/,https://github.com/kujolang/kujo-skills/blob/main/skills/kujo-benchmarks-capsule-workflows/SKILL.md,GitHub,aside,,https://github.com/kujolang/kujo-skills/blob/main/skills/kujo-benchmarks-capsule-workflows/SKILL.md,0,not probed in crawl,noopener,none
after,https://kujolang.ai/ecosystem/skills/kujo-benchmarks-capsule-workflows/,https://x.com/kujolang,Kujo on X,nav,,https://x.com/kujolang,0,not probed in crawl,,none
after,https://kujolang.ai/ecosystem/skills/kujo-benchmarks-capsule-workflows/,https://github.com/kujolang,Kujo on GitHub,nav,,https://github.com/kujolang,0,not probed in crawl,,none
after,https://kujolang.ai/ecosystem/skills/kujo-benchmarks-capsule-workflows/,https://discord.gg/RqDgyb3BX,Kujo on Discord,nav,,https://discord.gg/RqDgyb3BX,0,not probed in crawl,,none
after,https://kujolang.ai/ecosystem/skills/kujo-casefile-workflows/,https://agents.kujolang.ai,Agents (opens in a new tab),nav,,https://agents.kujolang.ai,0,not probed in crawl,noopener,none
after,https://kujolang.ai/ecosystem/skills/kujo-casefile-workflows/,https://docs.kujolang.ai,Docs,nav,,https://docs.kujolang.ai,0,not probed in crawl,,none
after,https://kujolang.ai/ecosystem/skills/kujo-casefile-workflows/,https://agents.kujolang.ai,Agents (opens in a new tab),nav,,https://agents.kujolang.ai,0,not probed in crawl,noopener,none
after,https://kujolang.ai/ecosystem/skills/kujo-casefile-workflows/,https://docs.kujolang.ai,Docs,nav,,https://docs.kujolang.ai,0,not probed in crawl,,none
after,https://kujolang.ai/ecosystem/skills/kujo-casefile-workflows/,https://github.com/kujolang/kujo-skills/blob/main/skills/kujo-casefile-workflows/SKILL.md,Read the complete kujo-casefile-workflows skill on GitHub,article,,https://github.com/kujolang/kujo-skills/blob/main/skills/kujo-casefile-workflows/SKILL.md,0,not probed in crawl,,none
after,https://kujolang.ai/ecosystem/skills/kujo-casefile-workflows/,https://github.com/kujolang/kujo-skills/blob/main/SKILLS_INDEX.md,Browse the released Kujo Skills Index,article,,https://github.com/kujolang/kujo-skills/blob/main/SKILLS_INDEX.md,0,not probed in crawl,,none
after,https://kujolang.ai/ecosystem/skills/kujo-casefile-workflows/,https://github.com/kujolang/kujo-skills/blob/main/skills/kujo-casefile-workflows/SKILL.md,GitHub,aside,,https://github.com/kujolang/kujo-skills/blob/main/skills/kujo-casefile-workflows/SKILL.md,0,not probed in crawl,noopener,none
after,https://kujolang.ai/ecosystem/skills/kujo-casefile-workflows/,https://x.com/kujolang,Kujo on X,nav,,https://x.com/kujolang,0,not probed in crawl,,none
after,https://kujolang.ai/ecosystem/skills/kujo-casefile-workflows/,https://github.com/kujolang,Kujo on GitHub,nav,,https://github.com/kujolang,0,not probed in crawl,,none
after,https://kujolang.ai/ecosystem/skills/kujo-casefile-workflows/,https://discord.gg/RqDgyb3BX,Kujo on Discord,nav,,https://discord.gg/RqDgyb3BX,0,not probed in crawl,,none
after,https://kujolang.ai/ecosystem/skills/kujo-changebucket-workflows/,https://agents.kujolang.ai,Agents (opens in a new tab),nav,,https://agents.kujolang.ai,0,not probed in crawl,noopener,none
after,https://kujolang.ai/ecosystem/skills/kujo-changebucket-workflows/,https://docs.kujolang.ai,Docs,nav,,https://docs.kujolang.ai,0,not probed in crawl,,none
after,https://kujolang.ai/ecosystem/skills/kujo-changebucket-workflows/,https://agents.kujolang.ai,Agents (opens in a new tab),nav,,https://agents.kujolang.ai,0,not probed in crawl,noopener,none
after,https://kujolang.ai/ecosystem/skills/kujo-changebucket-workflows/,https://docs.kujolang.ai,Docs,nav,,https://docs.kujolang.ai,0,not probed in crawl,,none
after,https://kujolang.ai/ecosystem/skills/kujo-changebucket-workflows/,https://github.com/kujolang/kujo-skills/blob/main/skills/kujo-changebucket-workflows/SKILL.md,Read the complete kujo-changebucket-workflows skill on GitHub,article,,https://github.com/kujolang/kujo-skills/blob/main/skills/kujo-changebucket-workflows/SKILL.md,0,not probed in crawl,,none
after,https://kujolang.ai/ecosystem/skills/kujo-changebucket-workflows/,https://github.com/kujolang/kujo-skills/blob/main/SKILLS_INDEX.md,Browse the released Kujo Skills Index,article,,https://github.com/kujolang/kujo-skills/blob/main/SKILLS_INDEX.md,0,not probed in crawl,,none
after,https://kujolang.ai/ecosystem/skills/kujo-changebucket-workflows/,https://github.com/kujolang/kujo-skills/blob/main/skills/kujo-changebucket-workflows/SKILL.md,GitHub,aside,,https://github.com/kujolang/kujo-skills/blob/main/skills/kujo-changebucket-workflows/SKILL.md,0,not probed in crawl,noopener,none
after,https://kujolang.ai/ecosystem/skills/kujo-changebucket-workflows/,https://x.com/kujolang,Kujo on X,nav,,https://x.com/kujolang,0,not probed in crawl,,none
after,https://kujolang.ai/ecosystem/skills/kujo-changebucket-workflows/,https://github.com/kujolang,Kujo on GitHub,nav,,https://github.com/kujolang,0,not probed in crawl,,none
after,https://kujolang.ai/ecosystem/skills/kujo-changebucket-workflows/,https://discord.gg/RqDgyb3BX,Kujo on Discord,nav,,https://discord.gg/RqDgyb3BX,0,not probed in crawl,,none
after,https://kujolang.ai/ecosystem/skills/kujo-cli-contracts/,https://agents.kujolang.ai,Agents (opens in a new tab),nav,,https://agents.kujolang.ai,0,not probed in crawl,noopener,none
after,https://kujolang.ai/ecosystem/skills/kujo-cli-contracts/,https://docs.kujolang.ai,Docs,nav,,https://docs.kujolang.ai,0,not probed in crawl,,none
after,https://kujolang.ai/ecosystem/skills/kujo-cli-contracts/,https://agents.kujolang.ai,Agents (opens in a new tab),nav,,https://agents.kujolang.ai,0,not probed in crawl,noopener,none
after,https://kujolang.ai/ecosystem/skills/kujo-cli-contracts/,https://docs.kujolang.ai,Docs,nav,,https://docs.kujolang.ai,0,not probed in crawl,,none
after,https://kujolang.ai/ecosystem/skills/kujo-cli-contracts/,https://github.com/kujolang/kujo-skills/blob/main/skills/kujo-cli-contracts/SKILL.md,Read the complete kujo-cli-contracts skill on GitHub,article,,https://github.com/kujolang/kujo-skills/blob/main/skills/kujo-cli-contracts/SKILL.md,0,not probed in crawl,,none
after,https://kujolang.ai/ecosystem/skills/kujo-cli-contracts/,https://github.com/kujolang/kujo-skills/blob/main/SKILLS_INDEX.md,Browse the released Kujo Skills Index,article,,https://github.com/kujolang/kujo-skills/blob/main/SKILLS_INDEX.md,0,not probed in crawl,,none
after,https://kujolang.ai/ecosystem/skills/kujo-cli-contracts/,https://github.com/kujolang/kujo-skills/blob/main/skills/kujo-cli-contracts/SKILL.md,GitHub,aside,,https://github.com/kujolang/kujo-skills/blob/main/skills/kujo-cli-contracts/SKILL.md,0,not probed in crawl,noopener,none
after,https://kujolang.ai/ecosystem/skills/kujo-cli-contracts/,https://x.com/kujolang,Kujo on X,nav,,https://x.com/kujolang,0,not probed in crawl,,none
after,https://kujolang.ai/ecosystem/skills/kujo-cli-contracts/,https://github.com/kujolang,Kujo on GitHub,nav,,https://github.com/kujolang,0,not probed in crawl,,none
after,https://kujolang.ai/ecosystem/skills/kujo-cli-contracts/,https://discord.gg/RqDgyb3BX,Kujo on Discord,nav,,https://discord.gg/RqDgyb3BX,0,not probed in crawl,,none
after,https://kujolang.ai/ecosystem/skills/kujo-cms-workflows/,https://agents.kujolang.ai,Agents (opens in a new tab),nav,,https://agents.kujolang.ai,0,not probed in crawl,noopener,none
after,https://kujolang.ai/ecosystem/skills/kujo-cms-workflows/,https://docs.kujolang.ai,Docs,nav,,https://docs.kujolang.ai,0,not probed in crawl,,none
after,https://kujolang.ai/ecosystem/skills/kujo-cms-workflows/,https://agents.kujolang.ai,Agents (opens in a new tab),nav,,https://agents.kujolang.ai,0,not probed in crawl,noopener,none
after,https://kujolang.ai/ecosystem/skills/kujo-cms-workflows/,https://docs.kujolang.ai,Docs,nav,,https://docs.kujolang.ai,0,not probed in crawl,,none
after,https://kujolang.ai/ecosystem/skills/kujo-cms-workflows/,https://github.com/kujolang/kujo-skills/blob/main/skills/kujo-cms-workflows/SKILL.md,Read the complete kujo-cms-workflows skill on GitHub,article,,https://github.com/kujolang/kujo-skills/blob/main/skills/kujo-cms-workflows/SKILL.md,0,not probed in crawl,,none
after,https://kujolang.ai/ecosystem/skills/kujo-cms-workflows/,https://github.com/kujolang/kujo-skills/blob/main/SKILLS_INDEX.md,Browse the released Kujo Skills Index,article,,https://github.com/kujolang/kujo-skills/blob/main/SKILLS_INDEX.md,0,not probed in crawl,,none
after,https://kujolang.ai/ecosystem/skills/kujo-cms-workflows/,https://github.com/kujolang/kujo-skills/blob/main/skills/kujo-cms-workflows/SKILL.md,GitHub,aside,,https://github.com/kujolang/kujo-skills/blob/main/skills/kujo-cms-workflows/SKILL.md,0,not probed in crawl,noopener,none
after,https://kujolang.ai/ecosystem/skills/kujo-cms-workflows/,https://x.com/kujolang,Kujo on X,nav,,https://x.com/kujolang,0,not probed in crawl,,none
after,https://kujolang.ai/ecosystem/skills/kujo-cms-workflows/,https://github.com/kujolang,Kujo on GitHub,nav,,https://github.com/kujolang,0,not probed in crawl,,none
after,https://kujolang.ai/ecosystem/skills/kujo-cms-workflows/,https://discord.gg/RqDgyb3BX,Kujo on Discord,nav,,https://discord.gg/RqDgyb3BX,0,not probed in crawl,,none
after,https://kujolang.ai/ecosystem/skills/kujo-concord-workflows/,https://agents.kujolang.ai,Agents (opens in a new tab),nav,,https://agents.kujolang.ai,0,not probed in crawl,noopener,none
after,https://kujolang.ai/ecosystem/skills/kujo-concord-workflows/,https://docs.kujolang.ai,Docs,nav,,https://docs.kujolang.ai,0,not probed in crawl,,none
after,https://kujolang.ai/ecosystem/skills/kujo-concord-workflows/,https://agents.kujolang.ai,Agents (opens in a new tab),nav,,https://agents.kujolang.ai,0,not probed in crawl,noopener,none
after,https://kujolang.ai/ecosystem/skills/kujo-concord-workflows/,https://docs.kujolang.ai,Docs,nav,,https://docs.kujolang.ai,0,not probed in crawl,,none
after,https://kujolang.ai/ecosystem/skills/kujo-concord-workflows/,https://github.com/kujolang/kujo-skills/blob/main/skills/kujo-concord-workflows/SKILL.md,Read the complete kujo-concord-workflows skill on GitHub,article,,https://github.com/kujolang/kujo-skills/blob/main/skills/kujo-concord-workflows/SKILL.md,0,not probed in crawl,,none
after,https://kujolang.ai/ecosystem/skills/kujo-concord-workflows/,https://github.com/kujolang/kujo-skills/blob/main/SKILLS_INDEX.md,Browse the released Kujo Skills Index,article,,https://github.com/kujolang/kujo-skills/blob/main/SKILLS_INDEX.md,0,not probed in crawl,,none
after,https://kujolang.ai/ecosystem/skills/kujo-concord-workflows/,https://github.com/kujolang/kujo-skills/blob/main/skills/kujo-concord-workflows/SKILL.md,GitHub,aside,,https://github.com/kujolang/kujo-skills/blob/main/skills/kujo-concord-workflows/SKILL.md,0,not probed in crawl,noopener,none
after,https://kujolang.ai/ecosystem/skills/kujo-concord-workflows/,https://x.com/kujolang,Kujo on X,nav,,https://x.com/kujolang,0,not probed in crawl,,none
after,https://kujolang.ai/ecosystem/skills/kujo-concord-workflows/,https://github.com/kujolang,Kujo on GitHub,nav,,https://github.com/kujolang,0,not probed in crawl,,none
after,https://kujolang.ai/ecosystem/skills/kujo-concord-workflows/,https://discord.gg/RqDgyb3BX,Kujo on Discord,nav,,https://discord.gg/RqDgyb3BX,0,not probed in crawl,,none
after,https://kujolang.ai/ecosystem/skills/kujo-contentgraph-workflows/,https://agents.kujolang.ai,Agents (opens in a new tab),nav,,https://agents.kujolang.ai,0,not probed in crawl,noopener,none
after,https://kujolang.ai/ecosystem/skills/kujo-contentgraph-workflows/,https://docs.kujolang.ai,Docs,nav,,https://docs.kujolang.ai,0,not probed in crawl,,none
after,https://kujolang.ai/ecosystem/skills/kujo-contentgraph-workflows/,https://agents.kujolang.ai,Agents (opens in a new tab),nav,,https://agents.kujolang.ai,0,not probed in crawl,noopener,none
after,https://kujolang.ai/ecosystem/skills/kujo-contentgraph-workflows/,https://docs.kujolang.ai,Docs,nav,,https://docs.kujolang.ai,0,not probed in crawl,,none
after,https://kujolang.ai/ecosystem/skills/kujo-contentgraph-workflows/,https://github.com/kujolang/kujo-skills/blob/main/skills/kujo-contentgraph-workflows/SKILL.md,Read the complete kujo-contentgraph-workflows skill on GitHub,article,,https://github.com/kujolang/kujo-skills/blob/main/skills/kujo-contentgraph-workflows/SKILL.md,0,not probed in crawl,,none
after,https://kujolang.ai/ecosystem/skills/kujo-contentgraph-workflows/,https://github.com/kujolang/kujo-skills/blob/main/SKILLS_INDEX.md,Browse the released Kujo Skills Index,article,,https://github.com/kujolang/kujo-skills/blob/main/SKILLS_INDEX.md,0,not probed in crawl,,none
after,https://kujolang.ai/ecosystem/skills/kujo-contentgraph-workflows/,https://github.com/kujolang/kujo-skills/blob/main/skills/kujo-contentgraph-workflows/SKILL.md,GitHub,aside,,https://github.com/kujolang/kujo-skills/blob/main/skills/kujo-contentgraph-workflows/SKILL.md,0,not probed in crawl,noopener,none
after,https://kujolang.ai/ecosystem/skills/kujo-contentgraph-workflows/,https://x.com/kujolang,Kujo on X,nav,,https://x.com/kujolang,0,not probed in crawl,,none
after,https://kujolang.ai/ecosystem/skills/kujo-contentgraph-workflows/,https://github.com/kujolang,Kujo on GitHub,nav,,https://github.com/kujolang,0,not probed in crawl,,none
after,https://kujolang.ai/ecosystem/skills/kujo-contentgraph-workflows/,https://discord.gg/RqDgyb3BX,Kujo on Discord,nav,,https://discord.gg/RqDgyb3BX,0,not probed in crawl,,none
after,https://kujolang.ai/ecosystem/skills/kujo-core-language/,https://agents.kujolang.ai,Agents (opens in a new tab),nav,,https://agents.kujolang.ai,0,not probed in crawl,noopener,none
after,https://kujolang.ai/ecosystem/skills/kujo-core-language/,https://docs.kujolang.ai,Docs,nav,,https://docs.kujolang.ai,0,not probed in crawl,,none
after,https://kujolang.ai/ecosystem/skills/kujo-core-language/,https://agents.kujolang.ai,Agents (opens in a new tab),nav,,https://agents.kujolang.ai,0,not probed in crawl,noopener,none
after,https://kujolang.ai/ecosystem/skills/kujo-core-language/,https://docs.kujolang.ai,Docs,nav,,https://docs.kujolang.ai,0,not probed in crawl,,none
after,https://kujolang.ai/ecosystem/skills/kujo-core-language/,https://github.com/kujolang/kujo-skills/blob/main/skills/kujo-core-language/SKILL.md,Read the complete kujo-core-language skill on GitHub,article,,https://github.com/kujolang/kujo-skills/blob/main/skills/kujo-core-language/SKILL.md,0,not probed in crawl,,none
after,https://kujolang.ai/ecosystem/skills/kujo-core-language/,https://github.com/kujolang/kujo-skills/blob/main/SKILLS_INDEX.md,Browse the released Kujo Skills Index,article,,https://github.com/kujolang/kujo-skills/blob/main/SKILLS_INDEX.md,0,not probed in crawl,,none
after,https://kujolang.ai/ecosystem/skills/kujo-core-language/,https://github.com/kujolang/kujo-skills/blob/main/skills/kujo-core-language/SKILL.md,GitHub,aside,,https://github.com/kujolang/kujo-skills/blob/main/skills/kujo-core-language/SKILL.md,0,not probed in crawl,noopener,none
after,https://kujolang.ai/ecosystem/skills/kujo-core-language/,https://x.com/kujolang,Kujo on X,nav,,https://x.com/kujolang,0,not probed in crawl,,none
after,https://kujolang.ai/ecosystem/skills/kujo-core-language/,https://github.com/kujolang,Kujo on GitHub,nav,,https://github.com/kujolang,0,not probed in crawl,,none
after,https://kujolang.ai/ecosystem/skills/kujo-core-language/,https://discord.gg/RqDgyb3BX,Kujo on Discord,nav,,https://discord.gg/RqDgyb3BX,0,not probed in crawl,,none
after,https://kujolang.ai/ecosystem/skills/kujo-cross-repo-dogfood-runner/,https://agents.kujolang.ai,Agents (opens in a new tab),nav,,https://agents.kujolang.ai,0,not probed in crawl,noopener,none
after,https://kujolang.ai/ecosystem/skills/kujo-cross-repo-dogfood-runner/,https://docs.kujolang.ai,Docs,nav,,https://docs.kujolang.ai,0,not probed in crawl,,none
after,https://kujolang.ai/ecosystem/skills/kujo-cross-repo-dogfood-runner/,https://agents.kujolang.ai,Agents (opens in a new tab),nav,,https://agents.kujolang.ai,0,not probed in crawl,noopener,none
after,https://kujolang.ai/ecosystem/skills/kujo-cross-repo-dogfood-runner/,https://docs.kujolang.ai,Docs,nav,,https://docs.kujolang.ai,0,not probed in crawl,,none
after,https://kujolang.ai/ecosystem/skills/kujo-cross-repo-dogfood-runner/,https://github.com/kujolang/kujo-skills/blob/main/skills/kujo-cross-repo-dogfood-runner/SKILL.md,Read the complete kujo-cross-repo-dogfood-runner skill on GitHub,article,,https://github.com/kujolang/kujo-skills/blob/main/skills/kujo-cross-repo-dogfood-runner/SKILL.md,0,not probed in crawl,,none
after,https://kujolang.ai/ecosystem/skills/kujo-cross-repo-dogfood-runner/,https://github.com/kujolang/kujo-skills/blob/main/SKILLS_INDEX.md,Browse the released Kujo Skills Index,article,,https://github.com/kujolang/kujo-skills/blob/main/SKILLS_INDEX.md,0,not probed in crawl,,none
after,https://kujolang.ai/ecosystem/skills/kujo-cross-repo-dogfood-runner/,https://github.com/kujolang/kujo-skills/blob/main/skills/kujo-cross-repo-dogfood-runner/SKILL.md,GitHub,aside,,https://github.com/kujolang/kujo-skills/blob/main/skills/kujo-cross-repo-dogfood-runner/SKILL.md,0,not probed in crawl,noopener,none
after,https://kujolang.ai/ecosystem/skills/kujo-cross-repo-dogfood-runner/,https://x.com/kujolang,Kujo on X,nav,,https://x.com/kujolang,0,not probed in crawl,,none
after,https://kujolang.ai/ecosystem/skills/kujo-cross-repo-dogfood-runner/,https://github.com/kujolang,Kujo on GitHub,nav,,https://github.com/kujolang,0,not probed in crawl,,none
after,https://kujolang.ai/ecosystem/skills/kujo-cross-repo-dogfood-runner/,https://discord.gg/RqDgyb3BX,Kujo on Discord,nav,,https://discord.gg/RqDgyb3BX,0,not probed in crawl,,none
after,https://kujolang.ai/ecosystem/skills/kujo-crud-api-workflows/,https://agents.kujolang.ai,Agents (opens in a new tab),nav,,https://agents.kujolang.ai,0,not probed in crawl,noopener,none
after,https://kujolang.ai/ecosystem/skills/kujo-crud-api-workflows/,https://docs.kujolang.ai,Docs,nav,,https://docs.kujolang.ai,0,not probed in crawl,,none
after,https://kujolang.ai/ecosystem/skills/kujo-crud-api-workflows/,https://agents.kujolang.ai,Agents (opens in a new tab),nav,,https://agents.kujolang.ai,0,not probed in crawl,noopener,none
after,https://kujolang.ai/ecosystem/skills/kujo-crud-api-workflows/,https://docs.kujolang.ai,Docs,nav,,https://docs.kujolang.ai,0,not probed in crawl,,none
after,https://kujolang.ai/ecosystem/skills/kujo-crud-api-workflows/,https://github.com/kujolang/kujo-skills/blob/main/skills/kujo-crud-api-workflows/SKILL.md,Read the complete kujo-crud-api-workflows skill on GitHub,article,,https://github.com/kujolang/kujo-skills/blob/main/skills/kujo-crud-api-workflows/SKILL.md,0,not probed in crawl,,none
after,https://kujolang.ai/ecosystem/skills/kujo-crud-api-workflows/,https://github.com/kujolang/kujo-skills/blob/main/SKILLS_INDEX.md,Browse the released Kujo Skills Index,article,,https://github.com/kujolang/kujo-skills/blob/main/SKILLS_INDEX.md,0,not probed in crawl,,none
after,https://kujolang.ai/ecosystem/skills/kujo-crud-api-workflows/,https://github.com/kujolang/kujo-skills/blob/main/skills/kujo-crud-api-workflows/SKILL.md,GitHub,aside,,https://github.com/kujolang/kujo-skills/blob/main/skills/kujo-crud-api-workflows/SKILL.md,0,not probed in crawl,noopener,none
after,https://kujolang.ai/ecosystem/skills/kujo-crud-api-workflows/,https://x.com/kujolang,Kujo on X,nav,,https://x.com/kujolang,0,not probed in crawl,,none
after,https://kujolang.ai/ecosystem/skills/kujo-crud-api-workflows/,https://github.com/kujolang,Kujo on GitHub,nav,,https://github.com/kujolang,0,not probed in crawl,,none
after,https://kujolang.ai/ecosystem/skills/kujo-crud-api-workflows/,https://discord.gg/RqDgyb3BX,Kujo on Discord,nav,,https://discord.gg/RqDgyb3BX,0,not probed in crawl,,none
after,https://kujolang.ai/ecosystem/skills/kujo-dependabot-alert-triage/,https://agents.kujolang.ai,Agents (opens in a new tab),nav,,https://agents.kujolang.ai,0,not probed in crawl,noopener,none
after,https://kujolang.ai/ecosystem/skills/kujo-dependabot-alert-triage/,https://docs.kujolang.ai,Docs,nav,,https://docs.kujolang.ai,0,not probed in crawl,,none
after,https://kujolang.ai/ecosystem/skills/kujo-dependabot-alert-triage/,https://agents.kujolang.ai,Agents (opens in a new tab),nav,,https://agents.kujolang.ai,0,not probed in crawl,noopener,none
after,https://kujolang.ai/ecosystem/skills/kujo-dependabot-alert-triage/,https://docs.kujolang.ai,Docs,nav,,https://docs.kujolang.ai,0,not probed in crawl,,none
after,https://kujolang.ai/ecosystem/skills/kujo-dependabot-alert-triage/,https://github.com/kujolang/kujo-skills/blob/main/skills/kujo-dependabot-alert-triage/SKILL.md,Read the complete kujo-dependabot-alert-triage skill on GitHub,article,,https://github.com/kujolang/kujo-skills/blob/main/skills/kujo-dependabot-alert-triage/SKILL.md,0,not probed in crawl,,none
after,https://kujolang.ai/ecosystem/skills/kujo-dependabot-alert-triage/,https://github.com/kujolang/kujo-skills/blob/main/SKILLS_INDEX.md,Browse the released Kujo Skills Index,article,,https://github.com/kujolang/kujo-skills/blob/main/SKILLS_INDEX.md,0,not probed in crawl,,none
after,https://kujolang.ai/ecosystem/skills/kujo-dependabot-alert-triage/,https://github.com/kujolang/kujo-skills/blob/main/skills/kujo-dependabot-alert-triage/SKILL.md,GitHub,aside,,https://github.com/kujolang/kujo-skills/blob/main/skills/kujo-dependabot-alert-triage/SKILL.md,0,not probed in crawl,noopener,none
after,https://kujolang.ai/ecosystem/skills/kujo-dependabot-alert-triage/,https://x.com/kujolang,Kujo on X,nav,,https://x.com/kujolang,0,not probed in crawl,,none
after,https://kujolang.ai/ecosystem/skills/kujo-dependabot-alert-triage/,https://github.com/kujolang,Kujo on GitHub,nav,,https://github.com/kujolang,0,not probed in crawl,,none
after,https://kujolang.ai/ecosystem/skills/kujo-dependabot-alert-triage/,https://discord.gg/RqDgyb3BX,Kujo on Discord,nav,,https://discord.gg/RqDgyb3BX,0,not probed in crawl,,none
after,https://kujolang.ai/ecosystem/skills/kujo-dispatch-workflows/,https://agents.kujolang.ai,Agents (opens in a new tab),nav,,https://agents.kujolang.ai,0,not probed in crawl,noopener,none
after,https://kujolang.ai/ecosystem/skills/kujo-dispatch-workflows/,https://docs.kujolang.ai,Docs,nav,,https://docs.kujolang.ai,0,not probed in crawl,,none
after,https://kujolang.ai/ecosystem/skills/kujo-dispatch-workflows/,https://agents.kujolang.ai,Agents (opens in a new tab),nav,,https://agents.kujolang.ai,0,not probed in crawl,noopener,none
after,https://kujolang.ai/ecosystem/skills/kujo-dispatch-workflows/,https://docs.kujolang.ai,Docs,nav,,https://docs.kujolang.ai,0,not probed in crawl,,none
after,https://kujolang.ai/ecosystem/skills/kujo-dispatch-workflows/,https://github.com/kujolang/kujo-skills/blob/main/skills/kujo-dispatch-workflows/SKILL.md,Read the complete kujo-dispatch-workflows skill on GitHub,article,,https://github.com/kujolang/kujo-skills/blob/main/skills/kujo-dispatch-workflows/SKILL.md,0,not probed in crawl,,none
after,https://kujolang.ai/ecosystem/skills/kujo-dispatch-workflows/,https://github.com/kujolang/kujo-skills/blob/main/SKILLS_INDEX.md,Browse the released Kujo Skills Index,article,,https://github.com/kujolang/kujo-skills/blob/main/SKILLS_INDEX.md,0,not probed in crawl,,none
after,https://kujolang.ai/ecosystem/skills/kujo-dispatch-workflows/,https://github.com/kujolang/kujo-skills/blob/main/skills/kujo-dispatch-workflows/SKILL.md,GitHub,aside,,https://github.com/kujolang/kujo-skills/blob/main/skills/kujo-dispatch-workflows/SKILL.md,0,not probed in crawl,noopener,none
after,https://kujolang.ai/ecosystem/skills/kujo-dispatch-workflows/,https://x.com/kujolang,Kujo on X,nav,,https://x.com/kujolang,0,not probed in crawl,,none
after,https://kujolang.ai/ecosystem/skills/kujo-dispatch-workflows/,https://github.com/kujolang,Kujo on GitHub,nav,,https://github.com/kujolang,0,not probed in crawl,,none
after,https://kujolang.ai/ecosystem/skills/kujo-dispatch-workflows/,https://discord.gg/RqDgyb3BX,Kujo on Discord,nav,,https://discord.gg/RqDgyb3BX,0,not probed in crawl,,none
after,https://kujolang.ai/ecosystem/skills/kujo-docgen-agent-readable/,https://agents.kujolang.ai,Agents (opens in a new tab),nav,,https://agents.kujolang.ai,0,not probed in crawl,noopener,none
after,https://kujolang.ai/ecosystem/skills/kujo-docgen-agent-readable/,https://docs.kujolang.ai,Docs,nav,,https://docs.kujolang.ai,0,not probed in crawl,,none
after,https://kujolang.ai/ecosystem/skills/kujo-docgen-agent-readable/,https://agents.kujolang.ai,Agents (opens in a new tab),nav,,https://agents.kujolang.ai,0,not probed in crawl,noopener,none
after,https://kujolang.ai/ecosystem/skills/kujo-docgen-agent-readable/,https://docs.kujolang.ai,Docs,nav,,https://docs.kujolang.ai,0,not probed in crawl,,none
after,https://kujolang.ai/ecosystem/skills/kujo-docgen-agent-readable/,https://github.com/kujolang/kujo-skills/blob/main/skills/kujo-docgen-agent-readable/SKILL.md,Read the complete kujo-docgen-agent-readable skill on GitHub,article,,https://github.com/kujolang/kujo-skills/blob/main/skills/kujo-docgen-agent-readable/SKILL.md,0,not probed in crawl,,none
after,https://kujolang.ai/ecosystem/skills/kujo-docgen-agent-readable/,https://github.com/kujolang/kujo-skills/blob/main/SKILLS_INDEX.md,Browse the released Kujo Skills Index,article,,https://github.com/kujolang/kujo-skills/blob/main/SKILLS_INDEX.md,0,not probed in crawl,,none
after,https://kujolang.ai/ecosystem/skills/kujo-docgen-agent-readable/,https://github.com/kujolang/kujo-skills/blob/main/skills/kujo-docgen-agent-readable/SKILL.md,GitHub,aside,,https://github.com/kujolang/kujo-skills/blob/main/skills/kujo-docgen-agent-readable/SKILL.md,0,not probed in crawl,noopener,none
after,https://kujolang.ai/ecosystem/skills/kujo-docgen-agent-readable/,https://x.com/kujolang,Kujo on X,nav,,https://x.com/kujolang,0,not probed in crawl,,none
after,https://kujolang.ai/ecosystem/skills/kujo-docgen-agent-readable/,https://github.com/kujolang,Kujo on GitHub,nav,,https://github.com/kujolang,0,not probed in crawl,,none
after,https://kujolang.ai/ecosystem/skills/kujo-docgen-agent-readable/,https://discord.gg/RqDgyb3BX,Kujo on Discord,nav,,https://discord.gg/RqDgyb3BX,0,not probed in crawl,,none
after,https://kujolang.ai/ecosystem/skills/kujo-docgen-public-docs-refresh/,https://agents.kujolang.ai,Agents (opens in a new tab),nav,,https://agents.kujolang.ai,0,not probed in crawl,noopener,none
after,https://kujolang.ai/ecosystem/skills/kujo-docgen-public-docs-refresh/,https://docs.kujolang.ai,Docs,nav,,https://docs.kujolang.ai,0,not probed in crawl,,none
after,https://kujolang.ai/ecosystem/skills/kujo-docgen-public-docs-refresh/,https://agents.kujolang.ai,Agents (opens in a new tab),nav,,https://agents.kujolang.ai,0,not probed in crawl,noopener,none
after,https://kujolang.ai/ecosystem/skills/kujo-docgen-public-docs-refresh/,https://docs.kujolang.ai,Docs,nav,,https://docs.kujolang.ai,0,not probed in crawl,,none
after,https://kujolang.ai/ecosystem/skills/kujo-docgen-public-docs-refresh/,https://github.com/kujolang/kujo-skills/blob/main/skills/kujo-docgen-public-docs-refresh/SKILL.md,Read the complete kujo-docgen-public-docs-refresh skill on GitHub,article,,https://github.com/kujolang/kujo-skills/blob/main/skills/kujo-docgen-public-docs-refresh/SKILL.md,0,not probed in crawl,,none
after,https://kujolang.ai/ecosystem/skills/kujo-docgen-public-docs-refresh/,https://github.com/kujolang/kujo-skills/blob/main/SKILLS_INDEX.md,Browse the released Kujo Skills Index,article,,https://github.com/kujolang/kujo-skills/blob/main/SKILLS_INDEX.md,0,not probed in crawl,,none
after,https://kujolang.ai/ecosystem/skills/kujo-docgen-public-docs-refresh/,https://github.com/kujolang/kujo-skills/blob/main/skills/kujo-docgen-public-docs-refresh/SKILL.md,GitHub,aside,,https://github.com/kujolang/kujo-skills/blob/main/skills/kujo-docgen-public-docs-refresh/SKILL.md,0,not probed in crawl,noopener,none
after,https://kujolang.ai/ecosystem/skills/kujo-docgen-public-docs-refresh/,https://x.com/kujolang,Kujo on X,nav,,https://x.com/kujolang,0,not probed in crawl,,none
after,https://kujolang.ai/ecosystem/skills/kujo-docgen-public-docs-refresh/,https://github.com/kujolang,Kujo on GitHub,nav,,https://github.com/kujolang,0,not probed in crawl,,none
after,https://kujolang.ai/ecosystem/skills/kujo-docgen-public-docs-refresh/,https://discord.gg/RqDgyb3BX,Kujo on Discord,nav,,https://discord.gg/RqDgyb3BX,0,not probed in crawl,,none
after,https://kujolang.ai/ecosystem/skills/kujo-docs-drift-auditor/,https://agents.kujolang.ai,Agents (opens in a new tab),nav,,https://agents.kujolang.ai,0,not probed in crawl,noopener,none
after,https://kujolang.ai/ecosystem/skills/kujo-docs-drift-auditor/,https://docs.kujolang.ai,Docs,nav,,https://docs.kujolang.ai,0,not probed in crawl,,none
after,https://kujolang.ai/ecosystem/skills/kujo-docs-drift-auditor/,https://agents.kujolang.ai,Agents (opens in a new tab),nav,,https://agents.kujolang.ai,0,not probed in crawl,noopener,none
after,https://kujolang.ai/ecosystem/skills/kujo-docs-drift-auditor/,https://docs.kujolang.ai,Docs,nav,,https://docs.kujolang.ai,0,not probed in crawl,,none
after,https://kujolang.ai/ecosystem/skills/kujo-docs-drift-auditor/,https://github.com/kujolang/kujo-skills/blob/main/skills/kujo-docs-drift-auditor/SKILL.md,Read the complete kujo-docs-drift-auditor skill on GitHub,article,,https://github.com/kujolang/kujo-skills/blob/main/skills/kujo-docs-drift-auditor/SKILL.md,0,not probed in crawl,,none
after,https://kujolang.ai/ecosystem/skills/kujo-docs-drift-auditor/,https://github.com/kujolang/kujo-skills/blob/main/SKILLS_INDEX.md,Browse the released Kujo Skills Index,article,,https://github.com/kujolang/kujo-skills/blob/main/SKILLS_INDEX.md,0,not probed in crawl,,none
after,https://kujolang.ai/ecosystem/skills/kujo-docs-drift-auditor/,https://github.com/kujolang/kujo-skills/blob/main/skills/kujo-docs-drift-auditor/SKILL.md,GitHub,aside,,https://github.com/kujolang/kujo-skills/blob/main/skills/kujo-docs-drift-auditor/SKILL.md,0,not probed in crawl,noopener,none
after,https://kujolang.ai/ecosystem/skills/kujo-docs-drift-auditor/,https://x.com/kujolang,Kujo on X,nav,,https://x.com/kujolang,0,not probed in crawl,,none
after,https://kujolang.ai/ecosystem/skills/kujo-docs-drift-auditor/,https://github.com/kujolang,Kujo on GitHub,nav,,https://github.com/kujolang,0,not probed in crawl,,none
after,https://kujolang.ai/ecosystem/skills/kujo-docs-drift-auditor/,https://discord.gg/RqDgyb3BX,Kujo on Discord,nav,,https://discord.gg/RqDgyb3BX,0,not probed in crawl,,none
after,https://kujolang.ai/ecosystem/skills/kujo-enterprise-automation/,https://agents.kujolang.ai,Agents (opens in a new tab),nav,,https://agents.kujolang.ai,0,not probed in crawl,noopener,none
after,https://kujolang.ai/ecosystem/skills/kujo-enterprise-automation/,https://docs.kujolang.ai,Docs,nav,,https://docs.kujolang.ai,0,not probed in crawl,,none
after,https://kujolang.ai/ecosystem/skills/kujo-enterprise-automation/,https://agents.kujolang.ai,Agents (opens in a new tab),nav,,https://agents.kujolang.ai,0,not probed in crawl,noopener,none
after,https://kujolang.ai/ecosystem/skills/kujo-enterprise-automation/,https://docs.kujolang.ai,Docs,nav,,https://docs.kujolang.ai,0,not probed in crawl,,none
after,https://kujolang.ai/ecosystem/skills/kujo-enterprise-automation/,https://github.com/kujolang/kujo-skills/blob/main/skills/kujo-enterprise-automation/SKILL.md,Read the complete kujo-enterprise-automation skill on GitHub,article,,https://github.com/kujolang/kujo-skills/blob/main/skills/kujo-enterprise-automation/SKILL.md,0,not probed in crawl,,none
after,https://kujolang.ai/ecosystem/skills/kujo-enterprise-automation/,https://github.com/kujolang/kujo-skills/blob/main/SKILLS_INDEX.md,Browse the released Kujo Skills Index,article,,https://github.com/kujolang/kujo-skills/blob/main/SKILLS_INDEX.md,0,not probed in crawl,,none
after,https://kujolang.ai/ecosystem/skills/kujo-enterprise-automation/,https://github.com/kujolang/kujo-skills/blob/main/skills/kujo-enterprise-automation/SKILL.md,GitHub,aside,,https://github.com/kujolang/kujo-skills/blob/main/skills/kujo-enterprise-automation/SKILL.md,0,not probed in crawl,noopener,none
after,https://kujolang.ai/ecosystem/skills/kujo-enterprise-automation/,https://x.com/kujolang,Kujo on X,nav,,https://x.com/kujolang,0,not probed in crawl,,none
after,https://kujolang.ai/ecosystem/skills/kujo-enterprise-automation/,https://github.com/kujolang,Kujo on GitHub,nav,,https://github.com/kujolang,0,not probed in crawl,,none
after,https://kujolang.ai/ecosystem/skills/kujo-enterprise-automation/,https://discord.gg/RqDgyb3BX,Kujo on Discord,nav,,https://discord.gg/RqDgyb3BX,0,not probed in crawl,,none
after,https://kujolang.ai/ecosystem/skills/kujo-eval-workflows/,https://agents.kujolang.ai,Agents (opens in a new tab),nav,,https://agents.kujolang.ai,0,not probed in crawl,noopener,none
after,https://kujolang.ai/ecosystem/skills/kujo-eval-workflows/,https://docs.kujolang.ai,Docs,nav,,https://docs.kujolang.ai,0,not probed in crawl,,none
after,https://kujolang.ai/ecosystem/skills/kujo-eval-workflows/,https://agents.kujolang.ai,Agents (opens in a new tab),nav,,https://agents.kujolang.ai,0,not probed in crawl,noopener,none
after,https://kujolang.ai/ecosystem/skills/kujo-eval-workflows/,https://docs.kujolang.ai,Docs,nav,,https://docs.kujolang.ai,0,not probed in crawl,,none
after,https://kujolang.ai/ecosystem/skills/kujo-eval-workflows/,https://github.com/kujolang/kujo-skills/blob/main/skills/kujo-eval-workflows/SKILL.md,Read the complete kujo-eval-workflows skill on GitHub,article,,https://github.com/kujolang/kujo-skills/blob/main/skills/kujo-eval-workflows/SKILL.md,0,not probed in crawl,,none
after,https://kujolang.ai/ecosystem/skills/kujo-eval-workflows/,https://github.com/kujolang/kujo-skills/blob/main/SKILLS_INDEX.md,Browse the released Kujo Skills Index,article,,https://github.com/kujolang/kujo-skills/blob/main/SKILLS_INDEX.md,0,not probed in crawl,,none
after,https://kujolang.ai/ecosystem/skills/kujo-eval-workflows/,https://github.com/kujolang/kujo-skills/blob/main/skills/kujo-eval-workflows/SKILL.md,GitHub,aside,,https://github.com/kujolang/kujo-skills/blob/main/skills/kujo-eval-workflows/SKILL.md,0,not probed in crawl,noopener,none
after,https://kujolang.ai/ecosystem/skills/kujo-eval-workflows/,https://x.com/kujolang,Kujo on X,nav,,https://x.com/kujolang,0,not probed in crawl,,none
after,https://kujolang.ai/ecosystem/skills/kujo-eval-workflows/,https://github.com/kujolang,Kujo on GitHub,nav,,https://github.com/kujolang,0,not probed in crawl,,none
after,https://kujolang.ai/ecosystem/skills/kujo-eval-workflows/,https://discord.gg/RqDgyb3BX,Kujo on Discord,nav,,https://discord.gg/RqDgyb3BX,0,not probed in crawl,,none
after,https://kujolang.ai/ecosystem/skills/kujo-fence-workflows/,https://agents.kujolang.ai,Agents (opens in a new tab),nav,,https://agents.kujolang.ai,0,not probed in crawl,noopener,none
after,https://kujolang.ai/ecosystem/skills/kujo-fence-workflows/,https://docs.kujolang.ai,Docs,nav,,https://docs.kujolang.ai,0,not probed in crawl,,none
after,https://kujolang.ai/ecosystem/skills/kujo-fence-workflows/,https://agents.kujolang.ai,Agents (opens in a new tab),nav,,https://agents.kujolang.ai,0,not probed in crawl,noopener,none
after,https://kujolang.ai/ecosystem/skills/kujo-fence-workflows/,https://docs.kujolang.ai,Docs,nav,,https://docs.kujolang.ai,0,not probed in crawl,,none
after,https://kujolang.ai/ecosystem/skills/kujo-fence-workflows/,https://github.com/kujolang/kujo-skills/blob/main/skills/kujo-fence-workflows/SKILL.md,Read the complete kujo-fence-workflows skill on GitHub,article,,https://github.com/kujolang/kujo-skills/blob/main/skills/kujo-fence-workflows/SKILL.md,0,not probed in crawl,,none
after,https://kujolang.ai/ecosystem/skills/kujo-fence-workflows/,https://github.com/kujolang/kujo-skills/blob/main/SKILLS_INDEX.md,Browse the released Kujo Skills Index,article,,https://github.com/kujolang/kujo-skills/blob/main/SKILLS_INDEX.md,0,not probed in crawl,,none
after,https://kujolang.ai/ecosystem/skills/kujo-fence-workflows/,https://github.com/kujolang/kujo-skills/blob/main/skills/kujo-fence-workflows/SKILL.md,GitHub,aside,,https://github.com/kujolang/kujo-skills/blob/main/skills/kujo-fence-workflows/SKILL.md,0,not probed in crawl,noopener,none
after,https://kujolang.ai/ecosystem/skills/kujo-fence-workflows/,https://x.com/kujolang,Kujo on X,nav,,https://x.com/kujolang,0,not probed in crawl,,none
after,https://kujolang.ai/ecosystem/skills/kujo-fence-workflows/,https://github.com/kujolang,Kujo on GitHub,nav,,https://github.com/kujolang,0,not probed in crawl,,none
after,https://kujolang.ai/ecosystem/skills/kujo-fence-workflows/,https://discord.gg/RqDgyb3BX,Kujo on Discord,nav,,https://discord.gg/RqDgyb3BX,0,not probed in crawl,,none
after,https://kujolang.ai/ecosystem/skills/kujo-howl-workflows/,https://agents.kujolang.ai,Agents (opens in a new tab),nav,,https://agents.kujolang.ai,0,not probed in crawl,noopener,none
after,https://kujolang.ai/ecosystem/skills/kujo-howl-workflows/,https://docs.kujolang.ai,Docs,nav,,https://docs.kujolang.ai,0,not probed in crawl,,none
after,https://kujolang.ai/ecosystem/skills/kujo-howl-workflows/,https://agents.kujolang.ai,Agents (opens in a new tab),nav,,https://agents.kujolang.ai,0,not probed in crawl,noopener,none
after,https://kujolang.ai/ecosystem/skills/kujo-howl-workflows/,https://docs.kujolang.ai,Docs,nav,,https://docs.kujolang.ai,0,not probed in crawl,,none
after,https://kujolang.ai/ecosystem/skills/kujo-howl-workflows/,https://github.com/kujolang/kujo-skills/blob/main/skills/kujo-howl-workflows/SKILL.md,Read the complete kujo-howl-workflows skill on GitHub,article,,https://github.com/kujolang/kujo-skills/blob/main/skills/kujo-howl-workflows/SKILL.md,0,not probed in crawl,,none
after,https://kujolang.ai/ecosystem/skills/kujo-howl-workflows/,https://github.com/kujolang/kujo-skills/blob/main/SKILLS_INDEX.md,Browse the released Kujo Skills Index,article,,https://github.com/kujolang/kujo-skills/blob/main/SKILLS_INDEX.md,0,not probed in crawl,,none
after,https://kujolang.ai/ecosystem/skills/kujo-howl-workflows/,https://github.com/kujolang/kujo-skills/blob/main/skills/kujo-howl-workflows/SKILL.md,GitHub,aside,,https://github.com/kujolang/kujo-skills/blob/main/skills/kujo-howl-workflows/SKILL.md,0,not probed in crawl,noopener,none
after,https://kujolang.ai/ecosystem/skills/kujo-howl-workflows/,https://x.com/kujolang,Kujo on X,nav,,https://x.com/kujolang,0,not probed in crawl,,none
after,https://kujolang.ai/ecosystem/skills/kujo-howl-workflows/,https://github.com/kujolang,Kujo on GitHub,nav,,https://github.com/kujolang,0,not probed in crawl,,none
after,https://kujolang.ai/ecosystem/skills/kujo-howl-workflows/,https://discord.gg/RqDgyb3BX,Kujo on Discord,nav,,https://discord.gg/RqDgyb3BX,0,not probed in crawl,,none
after,https://kujolang.ai/ecosystem/skills/kujo-kennel-workflows/,https://agents.kujolang.ai,Agents (opens in a new tab),nav,,https://agents.kujolang.ai,0,not probed in crawl,noopener,none
after,https://kujolang.ai/ecosystem/skills/kujo-kennel-workflows/,https://docs.kujolang.ai,Docs,nav,,https://docs.kujolang.ai,0,not probed in crawl,,none
after,https://kujolang.ai/ecosystem/skills/kujo-kennel-workflows/,https://agents.kujolang.ai,Agents (opens in a new tab),nav,,https://agents.kujolang.ai,0,not probed in crawl,noopener,none
after,https://kujolang.ai/ecosystem/skills/kujo-kennel-workflows/,https://docs.kujolang.ai,Docs,nav,,https://docs.kujolang.ai,0,not probed in crawl,,none
after,https://kujolang.ai/ecosystem/skills/kujo-kennel-workflows/,https://github.com/kujolang/kujo-skills/blob/main/skills/kujo-kennel-workflows/SKILL.md,Read the complete kujo-kennel-workflows skill on GitHub,article,,https://github.com/kujolang/kujo-skills/blob/main/skills/kujo-kennel-workflows/SKILL.md,0,not probed in crawl,,none
after,https://kujolang.ai/ecosystem/skills/kujo-kennel-workflows/,https://github.com/kujolang/kujo-skills/blob/main/SKILLS_INDEX.md,Browse the released Kujo Skills Index,article,,https://github.com/kujolang/kujo-skills/blob/main/SKILLS_INDEX.md,0,not probed in crawl,,none
after,https://kujolang.ai/ecosystem/skills/kujo-kennel-workflows/,https://github.com/kujolang/kujo-skills/blob/main/skills/kujo-kennel-workflows/SKILL.md,GitHub,aside,,https://github.com/kujolang/kujo-skills/blob/main/skills/kujo-kennel-workflows/SKILL.md,0,not probed in crawl,noopener,none
after,https://kujolang.ai/ecosystem/skills/kujo-kennel-workflows/,https://x.com/kujolang,Kujo on X,nav,,https://x.com/kujolang,0,not probed in crawl,,none
after,https://kujolang.ai/ecosystem/skills/kujo-kennel-workflows/,https://github.com/kujolang,Kujo on GitHub,nav,,https://github.com/kujolang,0,not probed in crawl,,none
after,https://kujolang.ai/ecosystem/skills/kujo-kennel-workflows/,https://discord.gg/RqDgyb3BX,Kujo on Discord,nav,,https://discord.gg/RqDgyb3BX,0,not probed in crawl,,none
after,https://kujolang.ai/ecosystem/skills/kujo-language-implementation/,https://agents.kujolang.ai,Agents (opens in a new tab),nav,,https://agents.kujolang.ai,0,not probed in crawl,noopener,none
after,https://kujolang.ai/ecosystem/skills/kujo-language-implementation/,https://docs.kujolang.ai,Docs,nav,,https://docs.kujolang.ai,0,not probed in crawl,,none
after,https://kujolang.ai/ecosystem/skills/kujo-language-implementation/,https://agents.kujolang.ai,Agents (opens in a new tab),nav,,https://agents.kujolang.ai,0,not probed in crawl,noopener,none
after,https://kujolang.ai/ecosystem/skills/kujo-language-implementation/,https://docs.kujolang.ai,Docs,nav,,https://docs.kujolang.ai,0,not probed in crawl,,none
after,https://kujolang.ai/ecosystem/skills/kujo-language-implementation/,https://github.com/kujolang/kujo-skills/blob/main/skills/kujo-language-implementation/SKILL.md,Read the complete kujo-language-implementation skill on GitHub,article,,https://github.com/kujolang/kujo-skills/blob/main/skills/kujo-language-implementation/SKILL.md,0,not probed in crawl,,none
after,https://kujolang.ai/ecosystem/skills/kujo-language-implementation/,https://github.com/kujolang/kujo-skills/blob/main/SKILLS_INDEX.md,Browse the released Kujo Skills Index,article,,https://github.com/kujolang/kujo-skills/blob/main/SKILLS_INDEX.md,0,not probed in crawl,,none
after,https://kujolang.ai/ecosystem/skills/kujo-language-implementation/,https://github.com/kujolang/kujo-skills/blob/main/skills/kujo-language-implementation/SKILL.md,GitHub,aside,,https://github.com/kujolang/kujo-skills/blob/main/skills/kujo-language-implementation/SKILL.md,0,not probed in crawl,noopener,none
after,https://kujolang.ai/ecosystem/skills/kujo-language-implementation/,https://x.com/kujolang,Kujo on X,nav,,https://x.com/kujolang,0,not probed in crawl,,none
after,https://kujolang.ai/ecosystem/skills/kujo-language-implementation/,https://github.com/kujolang,Kujo on GitHub,nav,,https://github.com/kujolang,0,not probed in crawl,,none
after,https://kujolang.ai/ecosystem/skills/kujo-language-implementation/,https://discord.gg/RqDgyb3BX,Kujo on Discord,nav,,https://discord.gg/RqDgyb3BX,0,not probed in crawl,,none
after,https://kujolang.ai/ecosystem/skills/kujo-lens-workflows/,https://agents.kujolang.ai,Agents (opens in a new tab),nav,,https://agents.kujolang.ai,0,not probed in crawl,noopener,none
after,https://kujolang.ai/ecosystem/skills/kujo-lens-workflows/,https://docs.kujolang.ai,Docs,nav,,https://docs.kujolang.ai,0,not probed in crawl,,none
after,https://kujolang.ai/ecosystem/skills/kujo-lens-workflows/,https://agents.kujolang.ai,Agents (opens in a new tab),nav,,https://agents.kujolang.ai,0,not probed in crawl,noopener,none
after,https://kujolang.ai/ecosystem/skills/kujo-lens-workflows/,https://docs.kujolang.ai,Docs,nav,,https://docs.kujolang.ai,0,not probed in crawl,,none
after,https://kujolang.ai/ecosystem/skills/kujo-lens-workflows/,https://github.com/kujolang/kujo-skills/blob/main/skills/kujo-lens-workflows/SKILL.md,Read the complete kujo-lens-workflows skill on GitHub,article,,https://github.com/kujolang/kujo-skills/blob/main/skills/kujo-lens-workflows/SKILL.md,0,not probed in crawl,,none
after,https://kujolang.ai/ecosystem/skills/kujo-lens-workflows/,https://github.com/kujolang/kujo-skills/blob/main/SKILLS_INDEX.md,Browse the released Kujo Skills Index,article,,https://github.com/kujolang/kujo-skills/blob/main/SKILLS_INDEX.md,0,not probed in crawl,,none
after,https://kujolang.ai/ecosystem/skills/kujo-lens-workflows/,https://github.com/kujolang/kujo-skills/blob/main/skills/kujo-lens-workflows/SKILL.md,GitHub,aside,,https://github.com/kujolang/kujo-skills/blob/main/skills/kujo-lens-workflows/SKILL.md,0,not probed in crawl,noopener,none
after,https://kujolang.ai/ecosystem/skills/kujo-lens-workflows/,https://x.com/kujolang,Kujo on X,nav,,https://x.com/kujolang,0,not probed in crawl,,none
after,https://kujolang.ai/ecosystem/skills/kujo-lens-workflows/,https://github.com/kujolang,Kujo on GitHub,nav,,https://github.com/kujolang,0,not probed in crawl,,none
after,https://kujolang.ai/ecosystem/skills/kujo-lens-workflows/,https://discord.gg/RqDgyb3BX,Kujo on Discord,nav,,https://discord.gg/RqDgyb3BX,0,not probed in crawl,,none
after,https://kujolang.ai/ecosystem/skills/kujo-loop-engineering-workflows/,https://agents.kujolang.ai,Agents (opens in a new tab),nav,,https://agents.kujolang.ai,0,not probed in crawl,noopener,none
after,https://kujolang.ai/ecosystem/skills/kujo-loop-engineering-workflows/,https://docs.kujolang.ai,Docs,nav,,https://docs.kujolang.ai,0,not probed in crawl,,none
after,https://kujolang.ai/ecosystem/skills/kujo-loop-engineering-workflows/,https://agents.kujolang.ai,Agents (opens in a new tab),nav,,https://agents.kujolang.ai,0,not probed in crawl,noopener,none
after,https://kujolang.ai/ecosystem/skills/kujo-loop-engineering-workflows/,https://docs.kujolang.ai,Docs,nav,,https://docs.kujolang.ai,0,not probed in crawl,,none
after,https://kujolang.ai/ecosystem/skills/kujo-loop-engineering-workflows/,https://github.com/kujolang/kujo-skills/blob/main/skills/kujo-loop-engineering-workflows/SKILL.md,Read the complete kujo-loop-engineering-workflows skill on GitHub,article,,https://github.com/kujolang/kujo-skills/blob/main/skills/kujo-loop-engineering-workflows/SKILL.md,0,not probed in crawl,,none
after,https://kujolang.ai/ecosystem/skills/kujo-loop-engineering-workflows/,https://github.com/kujolang/kujo-skills/blob/main/SKILLS_INDEX.md,Browse the released Kujo Skills Index,article,,https://github.com/kujolang/kujo-skills/blob/main/SKILLS_INDEX.md,0,not probed in crawl,,none
after,https://kujolang.ai/ecosystem/skills/kujo-loop-engineering-workflows/,https://github.com/kujolang/kujo-skills/blob/main/skills/kujo-loop-engineering-workflows/SKILL.md,GitHub,aside,,https://github.com/kujolang/kujo-skills/blob/main/skills/kujo-loop-engineering-workflows/SKILL.md,0,not probed in crawl,noopener,none
after,https://kujolang.ai/ecosystem/skills/kujo-loop-engineering-workflows/,https://x.com/kujolang,Kujo on X,nav,,https://x.com/kujolang,0,not probed in crawl,,none
after,https://kujolang.ai/ecosystem/skills/kujo-loop-engineering-workflows/,https://github.com/kujolang,Kujo on GitHub,nav,,https://github.com/kujolang,0,not probed in crawl,,none
after,https://kujolang.ai/ecosystem/skills/kujo-loop-engineering-workflows/,https://discord.gg/RqDgyb3BX,Kujo on Discord,nav,,https://discord.gg/RqDgyb3BX,0,not probed in crawl,,none
after,https://kujolang.ai/ecosystem/skills/kujo-maintainer-review/,https://agents.kujolang.ai,Agents (opens in a new tab),nav,,https://agents.kujolang.ai,0,not probed in crawl,noopener,none
after,https://kujolang.ai/ecosystem/skills/kujo-maintainer-review/,https://docs.kujolang.ai,Docs,nav,,https://docs.kujolang.ai,0,not probed in crawl,,none
after,https://kujolang.ai/ecosystem/skills/kujo-maintainer-review/,https://agents.kujolang.ai,Agents (opens in a new tab),nav,,https://agents.kujolang.ai,0,not probed in crawl,noopener,none
after,https://kujolang.ai/ecosystem/skills/kujo-maintainer-review/,https://docs.kujolang.ai,Docs,nav,,https://docs.kujolang.ai,0,not probed in crawl,,none
after,https://kujolang.ai/ecosystem/skills/kujo-maintainer-review/,https://github.com/kujolang/kujo-skills/blob/main/skills/kujo-maintainer-review/SKILL.md,Read the complete kujo-maintainer-review skill on GitHub,article,,https://github.com/kujolang/kujo-skills/blob/main/skills/kujo-maintainer-review/SKILL.md,0,not probed in crawl,,none
after,https://kujolang.ai/ecosystem/skills/kujo-maintainer-review/,https://github.com/kujolang/kujo-skills/blob/main/SKILLS_INDEX.md,Browse the released Kujo Skills Index,article,,https://github.com/kujolang/kujo-skills/blob/main/SKILLS_INDEX.md,0,not probed in crawl,,none
after,https://kujolang.ai/ecosystem/skills/kujo-maintainer-review/,https://github.com/kujolang/kujo-skills/blob/main/skills/kujo-maintainer-review/SKILL.md,GitHub,aside,,https://github.com/kujolang/kujo-skills/blob/main/skills/kujo-maintainer-review/SKILL.md,0,not probed in crawl,noopener,none
after,https://kujolang.ai/ecosystem/skills/kujo-maintainer-review/,https://x.com/kujolang,Kujo on X,nav,,https://x.com/kujolang,0,not probed in crawl,,none
after,https://kujolang.ai/ecosystem/skills/kujo-maintainer-review/,https://github.com/kujolang,Kujo on GitHub,nav,,https://github.com/kujolang,0,not probed in crawl,,none
after,https://kujolang.ai/ecosystem/skills/kujo-maintainer-review/,https://discord.gg/RqDgyb3BX,Kujo on Discord,nav,,https://discord.gg/RqDgyb3BX,0,not probed in crawl,,none
after,https://kujolang.ai/ecosystem/skills/kujo-mcp-workflows/,https://agents.kujolang.ai,Agents (opens in a new tab),nav,,https://agents.kujolang.ai,0,not probed in crawl,noopener,none
after,https://kujolang.ai/ecosystem/skills/kujo-mcp-workflows/,https://docs.kujolang.ai,Docs,nav,,https://docs.kujolang.ai,0,not probed in crawl,,none
after,https://kujolang.ai/ecosystem/skills/kujo-mcp-workflows/,https://agents.kujolang.ai,Agents (opens in a new tab),nav,,https://agents.kujolang.ai,0,not probed in crawl,noopener,none
after,https://kujolang.ai/ecosystem/skills/kujo-mcp-workflows/,https://docs.kujolang.ai,Docs,nav,,https://docs.kujolang.ai,0,not probed in crawl,,none
after,https://kujolang.ai/ecosystem/skills/kujo-mcp-workflows/,https://github.com/kujolang/kujo-skills/blob/main/skills/kujo-mcp-workflows/SKILL.md,Read the complete kujo-mcp-workflows skill on GitHub,article,,https://github.com/kujolang/kujo-skills/blob/main/skills/kujo-mcp-workflows/SKILL.md,0,not probed in crawl,,none
after,https://kujolang.ai/ecosystem/skills/kujo-mcp-workflows/,https://github.com/kujolang/kujo-skills/blob/main/SKILLS_INDEX.md,Browse the released Kujo Skills Index,article,,https://github.com/kujolang/kujo-skills/blob/main/SKILLS_INDEX.md,0,not probed in crawl,,none
after,https://kujolang.ai/ecosystem/skills/kujo-mcp-workflows/,https://github.com/kujolang/kujo-skills/blob/main/skills/kujo-mcp-workflows/SKILL.md,GitHub,aside,,https://github.com/kujolang/kujo-skills/blob/main/skills/kujo-mcp-workflows/SKILL.md,0,not probed in crawl,noopener,none
after,https://kujolang.ai/ecosystem/skills/kujo-mcp-workflows/,https://x.com/kujolang,Kujo on X,nav,,https://x.com/kujolang,0,not probed in crawl,,none
after,https://kujolang.ai/ecosystem/skills/kujo-mcp-workflows/,https://github.com/kujolang,Kujo on GitHub,nav,,https://github.com/kujolang,0,not probed in crawl,,none
after,https://kujolang.ai/ecosystem/skills/kujo-mcp-workflows/,https://discord.gg/RqDgyb3BX,Kujo on Discord,nav,,https://discord.gg/RqDgyb3BX,0,not probed in crawl,,none
after,https://kujolang.ai/ecosystem/skills/kujo-muzzle-workflows/,https://agents.kujolang.ai,Agents (opens in a new tab),nav,,https://agents.kujolang.ai,0,not probed in crawl,noopener,none
after,https://kujolang.ai/ecosystem/skills/kujo-muzzle-workflows/,https://docs.kujolang.ai,Docs,nav,,https://docs.kujolang.ai,0,not probed in crawl,,none
after,https://kujolang.ai/ecosystem/skills/kujo-muzzle-workflows/,https://agents.kujolang.ai,Agents (opens in a new tab),nav,,https://agents.kujolang.ai,0,not probed in crawl,noopener,none
after,https://kujolang.ai/ecosystem/skills/kujo-muzzle-workflows/,https://docs.kujolang.ai,Docs,nav,,https://docs.kujolang.ai,0,not probed in crawl,,none
after,https://kujolang.ai/ecosystem/skills/kujo-muzzle-workflows/,https://github.com/kujolang/kujo-skills/blob/main/skills/kujo-muzzle-workflows/SKILL.md,Read the complete kujo-muzzle-workflows skill on GitHub,article,,https://github.com/kujolang/kujo-skills/blob/main/skills/kujo-muzzle-workflows/SKILL.md,0,not probed in crawl,,none
after,https://kujolang.ai/ecosystem/skills/kujo-muzzle-workflows/,https://github.com/kujolang/kujo-skills/blob/main/SKILLS_INDEX.md,Browse the released Kujo Skills Index,article,,https://github.com/kujolang/kujo-skills/blob/main/SKILLS_INDEX.md,0,not probed in crawl,,none
after,https://kujolang.ai/ecosystem/skills/kujo-muzzle-workflows/,https://github.com/kujolang/kujo-skills/blob/main/skills/kujo-muzzle-workflows/SKILL.md,GitHub,aside,,https://github.com/kujolang/kujo-skills/blob/main/skills/kujo-muzzle-workflows/SKILL.md,0,not probed in crawl,noopener,none
after,https://kujolang.ai/ecosystem/skills/kujo-muzzle-workflows/,https://x.com/kujolang,Kujo on X,nav,,https://x.com/kujolang,0,not probed in crawl,,none
after,https://kujolang.ai/ecosystem/skills/kujo-muzzle-workflows/,https://github.com/kujolang,Kujo on GitHub,nav,,https://github.com/kujolang,0,not probed in crawl,,none
after,https://kujolang.ai/ecosystem/skills/kujo-muzzle-workflows/,https://discord.gg/RqDgyb3BX,Kujo on Discord,nav,,https://discord.gg/RqDgyb3BX,0,not probed in crawl,,none
after,https://kujolang.ai/ecosystem/skills/kujo-packwrite-workflows/,https://agents.kujolang.ai,Agents (opens in a new tab),nav,,https://agents.kujolang.ai,0,not probed in crawl,noopener,none
after,https://kujolang.ai/ecosystem/skills/kujo-packwrite-workflows/,https://docs.kujolang.ai,Docs,nav,,https://docs.kujolang.ai,0,not probed in crawl,,none
after,https://kujolang.ai/ecosystem/skills/kujo-packwrite-workflows/,https://agents.kujolang.ai,Agents (opens in a new tab),nav,,https://agents.kujolang.ai,0,not probed in crawl,noopener,none
after,https://kujolang.ai/ecosystem/skills/kujo-packwrite-workflows/,https://docs.kujolang.ai,Docs,nav,,https://docs.kujolang.ai,0,not probed in crawl,,none
after,https://kujolang.ai/ecosystem/skills/kujo-packwrite-workflows/,https://github.com/kujolang/kujo-skills/blob/main/skills/kujo-packwrite-workflows/SKILL.md,Read the complete kujo-packwrite-workflows skill on GitHub,article,,https://github.com/kujolang/kujo-skills/blob/main/skills/kujo-packwrite-workflows/SKILL.md,0,not probed in crawl,,none
after,https://kujolang.ai/ecosystem/skills/kujo-packwrite-workflows/,https://github.com/kujolang/kujo-skills/blob/main/SKILLS_INDEX.md,Browse the released Kujo Skills Index,article,,https://github.com/kujolang/kujo-skills/blob/main/SKILLS_INDEX.md,0,not probed in crawl,,none
after,https://kujolang.ai/ecosystem/skills/kujo-packwrite-workflows/,https://github.com/kujolang/kujo-skills/blob/main/skills/kujo-packwrite-workflows/SKILL.md,GitHub,aside,,https://github.com/kujolang/kujo-skills/blob/main/skills/kujo-packwrite-workflows/SKILL.md,0,not probed in crawl,noopener,none
after,https://kujolang.ai/ecosystem/skills/kujo-packwrite-workflows/,https://x.com/kujolang,Kujo on X,nav,,https://x.com/kujolang,0,not probed in crawl,,none
after,https://kujolang.ai/ecosystem/skills/kujo-packwrite-workflows/,https://github.com/kujolang,Kujo on GitHub,nav,,https://github.com/kujolang,0,not probed in crawl,,none
after,https://kujolang.ai/ecosystem/skills/kujo-packwrite-workflows/,https://discord.gg/RqDgyb3BX,Kujo on Discord,nav,,https://discord.gg/RqDgyb3BX,0,not probed in crawl,,none
after,https://kujolang.ai/ecosystem/skills/kujo-patchbrief-workflows/,https://agents.kujolang.ai,Agents (opens in a new tab),nav,,https://agents.kujolang.ai,0,not probed in crawl,noopener,none
after,https://kujolang.ai/ecosystem/skills/kujo-patchbrief-workflows/,https://docs.kujolang.ai,Docs,nav,,https://docs.kujolang.ai,0,not probed in crawl,,none
after,https://kujolang.ai/ecosystem/skills/kujo-patchbrief-workflows/,https://agents.kujolang.ai,Agents (opens in a new tab),nav,,https://agents.kujolang.ai,0,not probed in crawl,noopener,none
after,https://kujolang.ai/ecosystem/skills/kujo-patchbrief-workflows/,https://docs.kujolang.ai,Docs,nav,,https://docs.kujolang.ai,0,not probed in crawl,,none
after,https://kujolang.ai/ecosystem/skills/kujo-patchbrief-workflows/,https://github.com/kujolang/kujo-skills/blob/main/skills/kujo-patchbrief-workflows/SKILL.md,Read the complete kujo-patchbrief-workflows skill on GitHub,article,,https://github.com/kujolang/kujo-skills/blob/main/skills/kujo-patchbrief-workflows/SKILL.md,0,not probed in crawl,,none
after,https://kujolang.ai/ecosystem/skills/kujo-patchbrief-workflows/,https://github.com/kujolang/kujo-skills/blob/main/SKILLS_INDEX.md,Browse the released Kujo Skills Index,article,,https://github.com/kujolang/kujo-skills/blob/main/SKILLS_INDEX.md,0,not probed in crawl,,none
after,https://kujolang.ai/ecosystem/skills/kujo-patchbrief-workflows/,https://github.com/kujolang/kujo-skills/blob/main/skills/kujo-patchbrief-workflows/SKILL.md,GitHub,aside,,https://github.com/kujolang/kujo-skills/blob/main/skills/kujo-patchbrief-workflows/SKILL.md,0,not probed in crawl,noopener,none
after,https://kujolang.ai/ecosystem/skills/kujo-patchbrief-workflows/,https://x.com/kujolang,Kujo on X,nav,,https://x.com/kujolang,0,not probed in crawl,,none
after,https://kujolang.ai/ecosystem/skills/kujo-patchbrief-workflows/,https://github.com/kujolang,Kujo on GitHub,nav,,https://github.com/kujolang,0,not probed in crawl,,none
after,https://kujolang.ai/ecosystem/skills/kujo-patchbrief-workflows/,https://discord.gg/RqDgyb3BX,Kujo on Discord,nav,,https://discord.gg/RqDgyb3BX,0,not probed in crawl,,none
after,https://kujolang.ai/ecosystem/skills/kujo-rag-workflows/,https://agents.kujolang.ai,Agents (opens in a new tab),nav,,https://agents.kujolang.ai,0,not probed in crawl,noopener,none
after,https://kujolang.ai/ecosystem/skills/kujo-rag-workflows/,https://docs.kujolang.ai,Docs,nav,,https://docs.kujolang.ai,0,not probed in crawl,,none
after,https://kujolang.ai/ecosystem/skills/kujo-rag-workflows/,https://agents.kujolang.ai,Agents (opens in a new tab),nav,,https://agents.kujolang.ai,0,not probed in crawl,noopener,none
after,https://kujolang.ai/ecosystem/skills/kujo-rag-workflows/,https://docs.kujolang.ai,Docs,nav,,https://docs.kujolang.ai,0,not probed in crawl,,none
after,https://kujolang.ai/ecosystem/skills/kujo-rag-workflows/,https://github.com/kujolang/kujo-skills/blob/main/skills/kujo-rag-workflows/SKILL.md,Read the complete kujo-rag-workflows skill on GitHub,article,,https://github.com/kujolang/kujo-skills/blob/main/skills/kujo-rag-workflows/SKILL.md,0,not probed in crawl,,none
after,https://kujolang.ai/ecosystem/skills/kujo-rag-workflows/,https://github.com/kujolang/kujo-skills/blob/main/SKILLS_INDEX.md,Browse the released Kujo Skills Index,article,,https://github.com/kujolang/kujo-skills/blob/main/SKILLS_INDEX.md,0,not probed in crawl,,none
after,https://kujolang.ai/ecosystem/skills/kujo-rag-workflows/,https://github.com/kujolang/kujo-skills/blob/main/skills/kujo-rag-workflows/SKILL.md,GitHub,aside,,https://github.com/kujolang/kujo-skills/blob/main/skills/kujo-rag-workflows/SKILL.md,0,not probed in crawl,noopener,none
after,https://kujolang.ai/ecosystem/skills/kujo-rag-workflows/,https://x.com/kujolang,Kujo on X,nav,,https://x.com/kujolang,0,not probed in crawl,,none
after,https://kujolang.ai/ecosystem/skills/kujo-rag-workflows/,https://github.com/kujolang,Kujo on GitHub,nav,,https://github.com/kujolang,0,not probed in crawl,,none
after,https://kujolang.ai/ecosystem/skills/kujo-rag-workflows/,https://discord.gg/RqDgyb3BX,Kujo on Discord,nav,,https://discord.gg/RqDgyb3BX,0,not probed in crawl,,none
after,https://kujolang.ai/ecosystem/skills/kujo-readiness-auditor/,https://agents.kujolang.ai,Agents (opens in a new tab),nav,,https://agents.kujolang.ai,0,not probed in crawl,noopener,none
after,https://kujolang.ai/ecosystem/skills/kujo-readiness-auditor/,https://docs.kujolang.ai,Docs,nav,,https://docs.kujolang.ai,0,not probed in crawl,,none
after,https://kujolang.ai/ecosystem/skills/kujo-readiness-auditor/,https://agents.kujolang.ai,Agents (opens in a new tab),nav,,https://agents.kujolang.ai,0,not probed in crawl,noopener,none
after,https://kujolang.ai/ecosystem/skills/kujo-readiness-auditor/,https://docs.kujolang.ai,Docs,nav,,https://docs.kujolang.ai,0,not probed in crawl,,none
after,https://kujolang.ai/ecosystem/skills/kujo-readiness-auditor/,https://github.com/kujolang/kujo-skills/blob/main/skills/kujo-readiness-auditor/SKILL.md,Read the complete kujo-readiness-auditor skill on GitHub,article,,https://github.com/kujolang/kujo-skills/blob/main/skills/kujo-readiness-auditor/SKILL.md,0,not probed in crawl,,none
after,https://kujolang.ai/ecosystem/skills/kujo-readiness-auditor/,https://github.com/kujolang/kujo-skills/blob/main/SKILLS_INDEX.md,Browse the released Kujo Skills Index,article,,https://github.com/kujolang/kujo-skills/blob/main/SKILLS_INDEX.md,0,not probed in crawl,,none
after,https://kujolang.ai/ecosystem/skills/kujo-readiness-auditor/,https://github.com/kujolang/kujo-skills/blob/main/skills/kujo-readiness-auditor/SKILL.md,GitHub,aside,,https://github.com/kujolang/kujo-skills/blob/main/skills/kujo-readiness-auditor/SKILL.md,0,not probed in crawl,noopener,none
after,https://kujolang.ai/ecosystem/skills/kujo-readiness-auditor/,https://x.com/kujolang,Kujo on X,nav,,https://x.com/kujolang,0,not probed in crawl,,none
after,https://kujolang.ai/ecosystem/skills/kujo-readiness-auditor/,https://github.com/kujolang,Kujo on GitHub,nav,,https://github.com/kujolang,0,not probed in crawl,,none
after,https://kujolang.ai/ecosystem/skills/kujo-readiness-auditor/,https://discord.gg/RqDgyb3BX,Kujo on Discord,nav,,https://discord.gg/RqDgyb3BX,0,not probed in crawl,,none
after,https://kujolang.ai/ecosystem/skills/kujo-redact-workflows/,https://agents.kujolang.ai,Agents (opens in a new tab),nav,,https://agents.kujolang.ai,0,not probed in crawl,noopener,none
after,https://kujolang.ai/ecosystem/skills/kujo-redact-workflows/,https://docs.kujolang.ai,Docs,nav,,https://docs.kujolang.ai,0,not probed in crawl,,none
after,https://kujolang.ai/ecosystem/skills/kujo-redact-workflows/,https://agents.kujolang.ai,Agents (opens in a new tab),nav,,https://agents.kujolang.ai,0,not probed in crawl,noopener,none
after,https://kujolang.ai/ecosystem/skills/kujo-redact-workflows/,https://docs.kujolang.ai,Docs,nav,,https://docs.kujolang.ai,0,not probed in crawl,,none
after,https://kujolang.ai/ecosystem/skills/kujo-redact-workflows/,https://github.com/kujolang/kujo-skills/blob/main/skills/kujo-redact-workflows/SKILL.md,Read the complete kujo-redact-workflows skill on GitHub,article,,https://github.com/kujolang/kujo-skills/blob/main/skills/kujo-redact-workflows/SKILL.md,0,not probed in crawl,,none
after,https://kujolang.ai/ecosystem/skills/kujo-redact-workflows/,https://github.com/kujolang/kujo-skills/blob/main/SKILLS_INDEX.md,Browse the released Kujo Skills Index,article,,https://github.com/kujolang/kujo-skills/blob/main/SKILLS_INDEX.md,0,not probed in crawl,,none
after,https://kujolang.ai/ecosystem/skills/kujo-redact-workflows/,https://github.com/kujolang/kujo-skills/blob/main/skills/kujo-redact-workflows/SKILL.md,GitHub,aside,,https://github.com/kujolang/kujo-skills/blob/main/skills/kujo-redact-workflows/SKILL.md,0,not probed in crawl,noopener,none
after,https://kujolang.ai/ecosystem/skills/kujo-redact-workflows/,https://x.com/kujolang,Kujo on X,nav,,https://x.com/kujolang,0,not probed in crawl,,none
after,https://kujolang.ai/ecosystem/skills/kujo-redact-workflows/,https://github.com/kujolang,Kujo on GitHub,nav,,https://github.com/kujolang,0,not probed in crawl,,none
after,https://kujolang.ai/ecosystem/skills/kujo-redact-workflows/,https://discord.gg/RqDgyb3BX,Kujo on Discord,nav,,https://discord.gg/RqDgyb3BX,0,not probed in crawl,,none
after,https://kujolang.ai/ecosystem/skills/kujo-relay-workflows/,https://agents.kujolang.ai,Agents (opens in a new tab),nav,,https://agents.kujolang.ai,0,not probed in crawl,noopener,none
after,https://kujolang.ai/ecosystem/skills/kujo-relay-workflows/,https://docs.kujolang.ai,Docs,nav,,https://docs.kujolang.ai,0,not probed in crawl,,none
after,https://kujolang.ai/ecosystem/skills/kujo-relay-workflows/,https://agents.kujolang.ai,Agents (opens in a new tab),nav,,https://agents.kujolang.ai,0,not probed in crawl,noopener,none
after,https://kujolang.ai/ecosystem/skills/kujo-relay-workflows/,https://docs.kujolang.ai,Docs,nav,,https://docs.kujolang.ai,0,not probed in crawl,,none
after,https://kujolang.ai/ecosystem/skills/kujo-relay-workflows/,https://github.com/kujolang/kujo-skills/blob/main/skills/kujo-relay-workflows/SKILL.md,Read the complete kujo-relay-workflows skill on GitHub,article,,https://github.com/kujolang/kujo-skills/blob/main/skills/kujo-relay-workflows/SKILL.md,0,not probed in crawl,,none
after,https://kujolang.ai/ecosystem/skills/kujo-relay-workflows/,https://github.com/kujolang/kujo-skills/blob/main/SKILLS_INDEX.md,Browse the released Kujo Skills Index,article,,https://github.com/kujolang/kujo-skills/blob/main/SKILLS_INDEX.md,0,not probed in crawl,,none
after,https://kujolang.ai/ecosystem/skills/kujo-relay-workflows/,https://github.com/kujolang/kujo-skills/blob/main/skills/kujo-relay-workflows/SKILL.md,GitHub,aside,,https://github.com/kujolang/kujo-skills/blob/main/skills/kujo-relay-workflows/SKILL.md,0,not probed in crawl,noopener,none
after,https://kujolang.ai/ecosystem/skills/kujo-relay-workflows/,https://x.com/kujolang,Kujo on X,nav,,https://x.com/kujolang,0,not probed in crawl,,none
after,https://kujolang.ai/ecosystem/skills/kujo-relay-workflows/,https://github.com/kujolang,Kujo on GitHub,nav,,https://github.com/kujolang,0,not probed in crawl,,none
after,https://kujolang.ai/ecosystem/skills/kujo-relay-workflows/,https://discord.gg/RqDgyb3BX,Kujo on Discord,nav,,https://discord.gg/RqDgyb3BX,0,not probed in crawl,,none
after,https://kujolang.ai/ecosystem/skills/kujo-release-gate-runner/,https://agents.kujolang.ai,Agents (opens in a new tab),nav,,https://agents.kujolang.ai,0,not probed in crawl,noopener,none
after,https://kujolang.ai/ecosystem/skills/kujo-release-gate-runner/,https://docs.kujolang.ai,Docs,nav,,https://docs.kujolang.ai,0,not probed in crawl,,none
after,https://kujolang.ai/ecosystem/skills/kujo-release-gate-runner/,https://agents.kujolang.ai,Agents (opens in a new tab),nav,,https://agents.kujolang.ai,0,not probed in crawl,noopener,none
after,https://kujolang.ai/ecosystem/skills/kujo-release-gate-runner/,https://docs.kujolang.ai,Docs,nav,,https://docs.kujolang.ai,0,not probed in crawl,,none
after,https://kujolang.ai/ecosystem/skills/kujo-release-gate-runner/,https://github.com/kujolang/kujo-skills/blob/main/skills/kujo-release-gate-runner/SKILL.md,Read the complete kujo-release-gate-runner skill on GitHub,article,,https://github.com/kujolang/kujo-skills/blob/main/skills/kujo-release-gate-runner/SKILL.md,0,not probed in crawl,,none
after,https://kujolang.ai/ecosystem/skills/kujo-release-gate-runner/,https://github.com/kujolang/kujo-skills/blob/main/SKILLS_INDEX.md,Browse the released Kujo Skills Index,article,,https://github.com/kujolang/kujo-skills/blob/main/SKILLS_INDEX.md,0,not probed in crawl,,none
after,https://kujolang.ai/ecosystem/skills/kujo-release-gate-runner/,https://github.com/kujolang/kujo-skills/blob/main/skills/kujo-release-gate-runner/SKILL.md,GitHub,aside,,https://github.com/kujolang/kujo-skills/blob/main/skills/kujo-release-gate-runner/SKILL.md,0,not probed in crawl,noopener,none
after,https://kujolang.ai/ecosystem/skills/kujo-release-gate-runner/,https://x.com/kujolang,Kujo on X,nav,,https://x.com/kujolang,0,not probed in crawl,,none
after,https://kujolang.ai/ecosystem/skills/kujo-release-gate-runner/,https://github.com/kujolang,Kujo on GitHub,nav,,https://github.com/kujolang,0,not probed in crawl,,none
after,https://kujolang.ai/ecosystem/skills/kujo-release-gate-runner/,https://discord.gg/RqDgyb3BX,Kujo on Discord,nav,,https://discord.gg/RqDgyb3BX,0,not probed in crawl,,none
after,https://kujolang.ai/ecosystem/skills/kujo-runledger-workflows/,https://agents.kujolang.ai,Agents (opens in a new tab),nav,,https://agents.kujolang.ai,0,not probed in crawl,noopener,none
after,https://kujolang.ai/ecosystem/skills/kujo-runledger-workflows/,https://docs.kujolang.ai,Docs,nav,,https://docs.kujolang.ai,0,not probed in crawl,,none
after,https://kujolang.ai/ecosystem/skills/kujo-runledger-workflows/,https://agents.kujolang.ai,Agents (opens in a new tab),nav,,https://agents.kujolang.ai,0,not probed in crawl,noopener,none
after,https://kujolang.ai/ecosystem/skills/kujo-runledger-workflows/,https://docs.kujolang.ai,Docs,nav,,https://docs.kujolang.ai,0,not probed in crawl,,none
after,https://kujolang.ai/ecosystem/skills/kujo-runledger-workflows/,https://github.com/kujolang/kujo-skills/blob/main/skills/kujo-runledger-workflows/SKILL.md,Read the complete kujo-runledger-workflows skill on GitHub,article,,https://github.com/kujolang/kujo-skills/blob/main/skills/kujo-runledger-workflows/SKILL.md,0,not probed in crawl,,none
after,https://kujolang.ai/ecosystem/skills/kujo-runledger-workflows/,https://github.com/kujolang/kujo-skills/blob/main/SKILLS_INDEX.md,Browse the released Kujo Skills Index,article,,https://github.com/kujolang/kujo-skills/blob/main/SKILLS_INDEX.md,0,not probed in crawl,,none
after,https://kujolang.ai/ecosystem/skills/kujo-runledger-workflows/,https://github.com/kujolang/kujo-skills/blob/main/skills/kujo-runledger-workflows/SKILL.md,GitHub,aside,,https://github.com/kujolang/kujo-skills/blob/main/skills/kujo-runledger-workflows/SKILL.md,0,not probed in crawl,noopener,none
after,https://kujolang.ai/ecosystem/skills/kujo-runledger-workflows/,https://x.com/kujolang,Kujo on X,nav,,https://x.com/kujolang,0,not probed in crawl,,none
after,https://kujolang.ai/ecosystem/skills/kujo-runledger-workflows/,https://github.com/kujolang,Kujo on GitHub,nav,,https://github.com/kujolang,0,not probed in crawl,,none
after,https://kujolang.ai/ecosystem/skills/kujo-runledger-workflows/,https://discord.gg/RqDgyb3BX,Kujo on Discord,nav,,https://discord.gg/RqDgyb3BX,0,not probed in crawl,,none
after,https://kujolang.ai/ecosystem/skills/kujo-runtime-parity/,https://agents.kujolang.ai,Agents (opens in a new tab),nav,,https://agents.kujolang.ai,0,not probed in crawl,noopener,none
after,https://kujolang.ai/ecosystem/skills/kujo-runtime-parity/,https://docs.kujolang.ai,Docs,nav,,https://docs.kujolang.ai,0,not probed in crawl,,none
after,https://kujolang.ai/ecosystem/skills/kujo-runtime-parity/,https://agents.kujolang.ai,Agents (opens in a new tab),nav,,https://agents.kujolang.ai,0,not probed in crawl,noopener,none
after,https://kujolang.ai/ecosystem/skills/kujo-runtime-parity/,https://docs.kujolang.ai,Docs,nav,,https://docs.kujolang.ai,0,not probed in crawl,,none
after,https://kujolang.ai/ecosystem/skills/kujo-runtime-parity/,https://github.com/kujolang/kujo-skills/blob/main/skills/kujo-runtime-parity/SKILL.md,Read the complete kujo-runtime-parity skill on GitHub,article,,https://github.com/kujolang/kujo-skills/blob/main/skills/kujo-runtime-parity/SKILL.md,0,not probed in crawl,,none
after,https://kujolang.ai/ecosystem/skills/kujo-runtime-parity/,https://github.com/kujolang/kujo-skills/blob/main/SKILLS_INDEX.md,Browse the released Kujo Skills Index,article,,https://github.com/kujolang/kujo-skills/blob/main/SKILLS_INDEX.md,0,not probed in crawl,,none
after,https://kujolang.ai/ecosystem/skills/kujo-runtime-parity/,https://github.com/kujolang/kujo-skills/blob/main/skills/kujo-runtime-parity/SKILL.md,GitHub,aside,,https://github.com/kujolang/kujo-skills/blob/main/skills/kujo-runtime-parity/SKILL.md,0,not probed in crawl,noopener,none
after,https://kujolang.ai/ecosystem/skills/kujo-runtime-parity/,https://x.com/kujolang,Kujo on X,nav,,https://x.com/kujolang,0,not probed in crawl,,none
after,https://kujolang.ai/ecosystem/skills/kujo-runtime-parity/,https://github.com/kujolang,Kujo on GitHub,nav,,https://github.com/kujolang,0,not probed in crawl,,none
after,https://kujolang.ai/ecosystem/skills/kujo-runtime-parity/,https://discord.gg/RqDgyb3BX,Kujo on Discord,nav,,https://discord.gg/RqDgyb3BX,0,not probed in crawl,,none
after,https://kujolang.ai/ecosystem/skills/kujo-scent-workflows/,https://agents.kujolang.ai,Agents (opens in a new tab),nav,,https://agents.kujolang.ai,0,not probed in crawl,noopener,none
after,https://kujolang.ai/ecosystem/skills/kujo-scent-workflows/,https://docs.kujolang.ai,Docs,nav,,https://docs.kujolang.ai,0,not probed in crawl,,none
after,https://kujolang.ai/ecosystem/skills/kujo-scent-workflows/,https://agents.kujolang.ai,Agents (opens in a new tab),nav,,https://agents.kujolang.ai,0,not probed in crawl,noopener,none
after,https://kujolang.ai/ecosystem/skills/kujo-scent-workflows/,https://docs.kujolang.ai,Docs,nav,,https://docs.kujolang.ai,0,not probed in crawl,,none
after,https://kujolang.ai/ecosystem/skills/kujo-scent-workflows/,https://github.com/kujolang/kujo-skills/blob/main/skills/kujo-scent-workflows/SKILL.md,Read the complete kujo-scent-workflows skill on GitHub,article,,https://github.com/kujolang/kujo-skills/blob/main/skills/kujo-scent-workflows/SKILL.md,0,not probed in crawl,,none
after,https://kujolang.ai/ecosystem/skills/kujo-scent-workflows/,https://github.com/kujolang/kujo-skills/blob/main/SKILLS_INDEX.md,Browse the released Kujo Skills Index,article,,https://github.com/kujolang/kujo-skills/blob/main/SKILLS_INDEX.md,0,not probed in crawl,,none
after,https://kujolang.ai/ecosystem/skills/kujo-scent-workflows/,https://github.com/kujolang/kujo-skills/blob/main/skills/kujo-scent-workflows/SKILL.md,GitHub,aside,,https://github.com/kujolang/kujo-skills/blob/main/skills/kujo-scent-workflows/SKILL.md,0,not probed in crawl,noopener,none
after,https://kujolang.ai/ecosystem/skills/kujo-scent-workflows/,https://x.com/kujolang,Kujo on X,nav,,https://x.com/kujolang,0,not probed in crawl,,none
after,https://kujolang.ai/ecosystem/skills/kujo-scent-workflows/,https://github.com/kujolang,Kujo on GitHub,nav,,https://github.com/kujolang,0,not probed in crawl,,none
after,https://kujolang.ai/ecosystem/skills/kujo-scent-workflows/,https://discord.gg/RqDgyb3BX,Kujo on Discord,nav,,https://discord.gg/RqDgyb3BX,0,not probed in crawl,,none
after,https://kujolang.ai/ecosystem/skills/kujo-scout-workflows/,https://agents.kujolang.ai,Agents (opens in a new tab),nav,,https://agents.kujolang.ai,0,not probed in crawl,noopener,none
after,https://kujolang.ai/ecosystem/skills/kujo-scout-workflows/,https://docs.kujolang.ai,Docs,nav,,https://docs.kujolang.ai,0,not probed in crawl,,none
after,https://kujolang.ai/ecosystem/skills/kujo-scout-workflows/,https://agents.kujolang.ai,Agents (opens in a new tab),nav,,https://agents.kujolang.ai,0,not probed in crawl,noopener,none
after,https://kujolang.ai/ecosystem/skills/kujo-scout-workflows/,https://docs.kujolang.ai,Docs,nav,,https://docs.kujolang.ai,0,not probed in crawl,,none
after,https://kujolang.ai/ecosystem/skills/kujo-scout-workflows/,https://github.com/kujolang/kujo-skills/blob/main/skills/kujo-scout-workflows/SKILL.md,Read the complete kujo-scout-workflows skill on GitHub,article,,https://github.com/kujolang/kujo-skills/blob/main/skills/kujo-scout-workflows/SKILL.md,0,not probed in crawl,,none
after,https://kujolang.ai/ecosystem/skills/kujo-scout-workflows/,https://github.com/kujolang/kujo-skills/blob/main/SKILLS_INDEX.md,Browse the released Kujo Skills Index,article,,https://github.com/kujolang/kujo-skills/blob/main/SKILLS_INDEX.md,0,not probed in crawl,,none
after,https://kujolang.ai/ecosystem/skills/kujo-scout-workflows/,https://github.com/kujolang/kujo-skills/blob/main/skills/kujo-scout-workflows/SKILL.md,GitHub,aside,,https://github.com/kujolang/kujo-skills/blob/main/skills/kujo-scout-workflows/SKILL.md,0,not probed in crawl,noopener,none
after,https://kujolang.ai/ecosystem/skills/kujo-scout-workflows/,https://x.com/kujolang,Kujo on X,nav,,https://x.com/kujolang,0,not probed in crawl,,none
after,https://kujolang.ai/ecosystem/skills/kujo-scout-workflows/,https://github.com/kujolang,Kujo on GitHub,nav,,https://github.com/kujolang,0,not probed in crawl,,none
after,https://kujolang.ai/ecosystem/skills/kujo-scout-workflows/,https://discord.gg/RqDgyb3BX,Kujo on Discord,nav,,https://discord.gg/RqDgyb3BX,0,not probed in crawl,,none
after,https://kujolang.ai/ecosystem/skills/kujo-searchbridge-workflows/,https://agents.kujolang.ai,Agents (opens in a new tab),nav,,https://agents.kujolang.ai,0,not probed in crawl,noopener,none
after,https://kujolang.ai/ecosystem/skills/kujo-searchbridge-workflows/,https://docs.kujolang.ai,Docs,nav,,https://docs.kujolang.ai,0,not probed in crawl,,none
after,https://kujolang.ai/ecosystem/skills/kujo-searchbridge-workflows/,https://agents.kujolang.ai,Agents (opens in a new tab),nav,,https://agents.kujolang.ai,0,not probed in crawl,noopener,none
after,https://kujolang.ai/ecosystem/skills/kujo-searchbridge-workflows/,https://docs.kujolang.ai,Docs,nav,,https://docs.kujolang.ai,0,not probed in crawl,,none
after,https://kujolang.ai/ecosystem/skills/kujo-searchbridge-workflows/,https://github.com/kujolang/kujo-skills/blob/main/skills/kujo-searchbridge-workflows/SKILL.md,Read the complete kujo-searchbridge-workflows skill on GitHub,article,,https://github.com/kujolang/kujo-skills/blob/main/skills/kujo-searchbridge-workflows/SKILL.md,0,not probed in crawl,,none
after,https://kujolang.ai/ecosystem/skills/kujo-searchbridge-workflows/,https://github.com/kujolang/kujo-skills/blob/main/SKILLS_INDEX.md,Browse the released Kujo Skills Index,article,,https://github.com/kujolang/kujo-skills/blob/main/SKILLS_INDEX.md,0,not probed in crawl,,none
after,https://kujolang.ai/ecosystem/skills/kujo-searchbridge-workflows/,https://github.com/kujolang/kujo-skills/blob/main/skills/kujo-searchbridge-workflows/SKILL.md,GitHub,aside,,https://github.com/kujolang/kujo-skills/blob/main/skills/kujo-searchbridge-workflows/SKILL.md,0,not probed in crawl,noopener,none
after,https://kujolang.ai/ecosystem/skills/kujo-searchbridge-workflows/,https://x.com/kujolang,Kujo on X,nav,,https://x.com/kujolang,0,not probed in crawl,,none
after,https://kujolang.ai/ecosystem/skills/kujo-searchbridge-workflows/,https://github.com/kujolang,Kujo on GitHub,nav,,https://github.com/kujolang,0,not probed in crawl,,none
after,https://kujolang.ai/ecosystem/skills/kujo-searchbridge-workflows/,https://discord.gg/RqDgyb3BX,Kujo on Discord,nav,,https://discord.gg/RqDgyb3BX,0,not probed in crawl,,none
after,https://kujolang.ai/ecosystem/skills/kujo-security-hardening/,https://agents.kujolang.ai,Agents (opens in a new tab),nav,,https://agents.kujolang.ai,0,not probed in crawl,noopener,none
after,https://kujolang.ai/ecosystem/skills/kujo-security-hardening/,https://docs.kujolang.ai,Docs,nav,,https://docs.kujolang.ai,0,not probed in crawl,,none
after,https://kujolang.ai/ecosystem/skills/kujo-security-hardening/,https://agents.kujolang.ai,Agents (opens in a new tab),nav,,https://agents.kujolang.ai,0,not probed in crawl,noopener,none
after,https://kujolang.ai/ecosystem/skills/kujo-security-hardening/,https://docs.kujolang.ai,Docs,nav,,https://docs.kujolang.ai,0,not probed in crawl,,none
after,https://kujolang.ai/ecosystem/skills/kujo-security-hardening/,https://github.com/kujolang/kujo-skills/blob/main/skills/kujo-security-hardening/SKILL.md,Read the complete kujo-security-hardening skill on GitHub,article,,https://github.com/kujolang/kujo-skills/blob/main/skills/kujo-security-hardening/SKILL.md,0,not probed in crawl,,none
after,https://kujolang.ai/ecosystem/skills/kujo-security-hardening/,https://github.com/kujolang/kujo-skills/blob/main/SKILLS_INDEX.md,Browse the released Kujo Skills Index,article,,https://github.com/kujolang/kujo-skills/blob/main/SKILLS_INDEX.md,0,not probed in crawl,,none
after,https://kujolang.ai/ecosystem/skills/kujo-security-hardening/,https://github.com/kujolang/kujo-skills/blob/main/skills/kujo-security-hardening/SKILL.md,GitHub,aside,,https://github.com/kujolang/kujo-skills/blob/main/skills/kujo-security-hardening/SKILL.md,0,not probed in crawl,noopener,none
after,https://kujolang.ai/ecosystem/skills/kujo-security-hardening/,https://x.com/kujolang,Kujo on X,nav,,https://x.com/kujolang,0,not probed in crawl,,none
after,https://kujolang.ai/ecosystem/skills/kujo-security-hardening/,https://github.com/kujolang,Kujo on GitHub,nav,,https://github.com/kujolang,0,not probed in crawl,,none
after,https://kujolang.ai/ecosystem/skills/kujo-security-hardening/,https://discord.gg/RqDgyb3BX,Kujo on Discord,nav,,https://discord.gg/RqDgyb3BX,0,not probed in crawl,,none
after,https://kujolang.ai/ecosystem/skills/kujo-shipcheck-workflows/,https://agents.kujolang.ai,Agents (opens in a new tab),nav,,https://agents.kujolang.ai,0,not probed in crawl,noopener,none
after,https://kujolang.ai/ecosystem/skills/kujo-shipcheck-workflows/,https://docs.kujolang.ai,Docs,nav,,https://docs.kujolang.ai,0,not probed in crawl,,none
after,https://kujolang.ai/ecosystem/skills/kujo-shipcheck-workflows/,https://agents.kujolang.ai,Agents (opens in a new tab),nav,,https://agents.kujolang.ai,0,not probed in crawl,noopener,none
after,https://kujolang.ai/ecosystem/skills/kujo-shipcheck-workflows/,https://docs.kujolang.ai,Docs,nav,,https://docs.kujolang.ai,0,not probed in crawl,,none
after,https://kujolang.ai/ecosystem/skills/kujo-shipcheck-workflows/,https://github.com/kujolang/kujo-skills/blob/main/skills/kujo-shipcheck-workflows/SKILL.md,Read the complete kujo-shipcheck-workflows skill on GitHub,article,,https://github.com/kujolang/kujo-skills/blob/main/skills/kujo-shipcheck-workflows/SKILL.md,0,not probed in crawl,,none
after,https://kujolang.ai/ecosystem/skills/kujo-shipcheck-workflows/,https://github.com/kujolang/kujo-skills/blob/main/SKILLS_INDEX.md,Browse the released Kujo Skills Index,article,,https://github.com/kujolang/kujo-skills/blob/main/SKILLS_INDEX.md,0,not probed in crawl,,none
after,https://kujolang.ai/ecosystem/skills/kujo-shipcheck-workflows/,https://github.com/kujolang/kujo-skills/blob/main/skills/kujo-shipcheck-workflows/SKILL.md,GitHub,aside,,https://github.com/kujolang/kujo-skills/blob/main/skills/kujo-shipcheck-workflows/SKILL.md,0,not probed in crawl,noopener,none
after,https://kujolang.ai/ecosystem/skills/kujo-shipcheck-workflows/,https://x.com/kujolang,Kujo on X,nav,,https://x.com/kujolang,0,not probed in crawl,,none
after,https://kujolang.ai/ecosystem/skills/kujo-shipcheck-workflows/,https://github.com/kujolang,Kujo on GitHub,nav,,https://github.com/kujolang,0,not probed in crawl,,none
after,https://kujolang.ai/ecosystem/skills/kujo-shipcheck-workflows/,https://discord.gg/RqDgyb3BX,Kujo on Discord,nav,,https://discord.gg/RqDgyb3BX,0,not probed in crawl,,none
after,https://kujolang.ai/ecosystem/skills/kujo-site-kit-workflows/,https://agents.kujolang.ai,Agents (opens in a new tab),nav,,https://agents.kujolang.ai,0,not probed in crawl,noopener,none
after,https://kujolang.ai/ecosystem/skills/kujo-site-kit-workflows/,https://docs.kujolang.ai,Docs,nav,,https://docs.kujolang.ai,0,not probed in crawl,,none
after,https://kujolang.ai/ecosystem/skills/kujo-site-kit-workflows/,https://agents.kujolang.ai,Agents (opens in a new tab),nav,,https://agents.kujolang.ai,0,not probed in crawl,noopener,none
after,https://kujolang.ai/ecosystem/skills/kujo-site-kit-workflows/,https://docs.kujolang.ai,Docs,nav,,https://docs.kujolang.ai,0,not probed in crawl,,none
after,https://kujolang.ai/ecosystem/skills/kujo-site-kit-workflows/,https://github.com/kujolang/kujo-skills/blob/main/skills/kujo-site-kit-workflows/SKILL.md,Read the complete kujo-site-kit-workflows skill on GitHub,article,,https://github.com/kujolang/kujo-skills/blob/main/skills/kujo-site-kit-workflows/SKILL.md,0,not probed in crawl,,none
after,https://kujolang.ai/ecosystem/skills/kujo-site-kit-workflows/,https://github.com/kujolang/kujo-skills/blob/main/SKILLS_INDEX.md,Browse the released Kujo Skills Index,article,,https://github.com/kujolang/kujo-skills/blob/main/SKILLS_INDEX.md,0,not probed in crawl,,none
after,https://kujolang.ai/ecosystem/skills/kujo-site-kit-workflows/,https://github.com/kujolang/kujo-skills/blob/main/skills/kujo-site-kit-workflows/SKILL.md,GitHub,aside,,https://github.com/kujolang/kujo-skills/blob/main/skills/kujo-site-kit-workflows/SKILL.md,0,not probed in crawl,noopener,none
after,https://kujolang.ai/ecosystem/skills/kujo-site-kit-workflows/,https://x.com/kujolang,Kujo on X,nav,,https://x.com/kujolang,0,not probed in crawl,,none
after,https://kujolang.ai/ecosystem/skills/kujo-site-kit-workflows/,https://github.com/kujolang,Kujo on GitHub,nav,,https://github.com/kujolang,0,not probed in crawl,,none
after,https://kujolang.ai/ecosystem/skills/kujo-site-kit-workflows/,https://discord.gg/RqDgyb3BX,Kujo on Discord,nav,,https://discord.gg/RqDgyb3BX,0,not probed in crawl,,none
after,https://kujolang.ai/ecosystem/skills/kujo-sitekit-workflows/,https://agents.kujolang.ai,Agents (opens in a new tab),nav,,https://agents.kujolang.ai,0,not probed in crawl,noopener,none
after,https://kujolang.ai/ecosystem/skills/kujo-sitekit-workflows/,https://docs.kujolang.ai,Docs,nav,,https://docs.kujolang.ai,0,not probed in crawl,,none
after,https://kujolang.ai/ecosystem/skills/kujo-sitekit-workflows/,https://agents.kujolang.ai,Agents (opens in a new tab),nav,,https://agents.kujolang.ai,0,not probed in crawl,noopener,none
after,https://kujolang.ai/ecosystem/skills/kujo-sitekit-workflows/,https://docs.kujolang.ai,Docs,nav,,https://docs.kujolang.ai,0,not probed in crawl,,none
after,https://kujolang.ai/ecosystem/skills/kujo-sitekit-workflows/,https://github.com/kujolang/kujo-skills/blob/main/skills/kujo-sitekit-workflows/SKILL.md,Read the complete kujo-sitekit-workflows skill on GitHub,article,,https://github.com/kujolang/kujo-skills/blob/main/skills/kujo-sitekit-workflows/SKILL.md,0,not probed in crawl,,none
after,https://kujolang.ai/ecosystem/skills/kujo-sitekit-workflows/,https://github.com/kujolang/kujo-skills/blob/main/SKILLS_INDEX.md,Browse the released Kujo Skills Index,article,,https://github.com/kujolang/kujo-skills/blob/main/SKILLS_INDEX.md,0,not probed in crawl,,none
after,https://kujolang.ai/ecosystem/skills/kujo-sitekit-workflows/,https://github.com/kujolang/kujo-skills/blob/main/skills/kujo-sitekit-workflows/SKILL.md,GitHub,aside,,https://github.com/kujolang/kujo-skills/blob/main/skills/kujo-sitekit-workflows/SKILL.md,0,not probed in crawl,noopener,none
after,https://kujolang.ai/ecosystem/skills/kujo-sitekit-workflows/,https://x.com/kujolang,Kujo on X,nav,,https://x.com/kujolang,0,not probed in crawl,,none
after,https://kujolang.ai/ecosystem/skills/kujo-sitekit-workflows/,https://github.com/kujolang,Kujo on GitHub,nav,,https://github.com/kujolang,0,not probed in crawl,,none
after,https://kujolang.ai/ecosystem/skills/kujo-sitekit-workflows/,https://discord.gg/RqDgyb3BX,Kujo on Discord,nav,,https://discord.gg/RqDgyb3BX,0,not probed in crawl,,none
after,https://kujolang.ai/ecosystem/skills/kujo-siteprobe-workflows/,https://agents.kujolang.ai,Agents (opens in a new tab),nav,,https://agents.kujolang.ai,0,not probed in crawl,noopener,none
after,https://kujolang.ai/ecosystem/skills/kujo-siteprobe-workflows/,https://docs.kujolang.ai,Docs,nav,,https://docs.kujolang.ai,0,not probed in crawl,,none
after,https://kujolang.ai/ecosystem/skills/kujo-siteprobe-workflows/,https://agents.kujolang.ai,Agents (opens in a new tab),nav,,https://agents.kujolang.ai,0,not probed in crawl,noopener,none
after,https://kujolang.ai/ecosystem/skills/kujo-siteprobe-workflows/,https://docs.kujolang.ai,Docs,nav,,https://docs.kujolang.ai,0,not probed in crawl,,none
after,https://kujolang.ai/ecosystem/skills/kujo-siteprobe-workflows/,https://github.com/kujolang/kujo-skills/blob/main/skills/kujo-siteprobe-workflows/SKILL.md,Read the complete kujo-siteprobe-workflows skill on GitHub,article,,https://github.com/kujolang/kujo-skills/blob/main/skills/kujo-siteprobe-workflows/SKILL.md,0,not probed in crawl,,none
after,https://kujolang.ai/ecosystem/skills/kujo-siteprobe-workflows/,https://github.com/kujolang/kujo-skills/blob/main/SKILLS_INDEX.md,Browse the released Kujo Skills Index,article,,https://github.com/kujolang/kujo-skills/blob/main/SKILLS_INDEX.md,0,not probed in crawl,,none
after,https://kujolang.ai/ecosystem/skills/kujo-siteprobe-workflows/,https://github.com/kujolang/kujo-skills/blob/main/skills/kujo-siteprobe-workflows/SKILL.md,GitHub,aside,,https://github.com/kujolang/kujo-skills/blob/main/skills/kujo-siteprobe-workflows/SKILL.md,0,not probed in crawl,noopener,none
after,https://kujolang.ai/ecosystem/skills/kujo-siteprobe-workflows/,https://x.com/kujolang,Kujo on X,nav,,https://x.com/kujolang,0,not probed in crawl,,none
after,https://kujolang.ai/ecosystem/skills/kujo-siteprobe-workflows/,https://github.com/kujolang,Kujo on GitHub,nav,,https://github.com/kujolang,0,not probed in crawl,,none
after,https://kujolang.ai/ecosystem/skills/kujo-siteprobe-workflows/,https://discord.gg/RqDgyb3BX,Kujo on Discord,nav,,https://discord.gg/RqDgyb3BX,0,not probed in crawl,,none
after,https://kujolang.ai/ecosystem/skills/kujo-skill-auditor/,https://agents.kujolang.ai,Agents (opens in a new tab),nav,,https://agents.kujolang.ai,0,not probed in crawl,noopener,none
after,https://kujolang.ai/ecosystem/skills/kujo-skill-auditor/,https://docs.kujolang.ai,Docs,nav,,https://docs.kujolang.ai,0,not probed in crawl,,none
after,https://kujolang.ai/ecosystem/skills/kujo-skill-auditor/,https://agents.kujolang.ai,Agents (opens in a new tab),nav,,https://agents.kujolang.ai,0,not probed in crawl,noopener,none
after,https://kujolang.ai/ecosystem/skills/kujo-skill-auditor/,https://docs.kujolang.ai,Docs,nav,,https://docs.kujolang.ai,0,not probed in crawl,,none
after,https://kujolang.ai/ecosystem/skills/kujo-skill-auditor/,https://github.com/kujolang/kujo-skills/blob/main/skills/kujo-skill-auditor/SKILL.md,Read the complete kujo-skill-auditor skill on GitHub,article,,https://github.com/kujolang/kujo-skills/blob/main/skills/kujo-skill-auditor/SKILL.md,0,not probed in crawl,,none
after,https://kujolang.ai/ecosystem/skills/kujo-skill-auditor/,https://github.com/kujolang/kujo-skills/blob/main/SKILLS_INDEX.md,Browse the released Kujo Skills Index,article,,https://github.com/kujolang/kujo-skills/blob/main/SKILLS_INDEX.md,0,not probed in crawl,,none
after,https://kujolang.ai/ecosystem/skills/kujo-skill-auditor/,https://github.com/kujolang/kujo-skills/blob/main/skills/kujo-skill-auditor/SKILL.md,GitHub,aside,,https://github.com/kujolang/kujo-skills/blob/main/skills/kujo-skill-auditor/SKILL.md,0,not probed in crawl,noopener,none
after,https://kujolang.ai/ecosystem/skills/kujo-skill-auditor/,https://x.com/kujolang,Kujo on X,nav,,https://x.com/kujolang,0,not probed in crawl,,none
after,https://kujolang.ai/ecosystem/skills/kujo-skill-auditor/,https://github.com/kujolang,Kujo on GitHub,nav,,https://github.com/kujolang,0,not probed in crawl,,none
after,https://kujolang.ai/ecosystem/skills/kujo-skill-auditor/,https://discord.gg/RqDgyb3BX,Kujo on Discord,nav,,https://discord.gg/RqDgyb3BX,0,not probed in crawl,,none
after,https://kujolang.ai/ecosystem/skills/kujo-spec-workflows/,https://agents.kujolang.ai,Agents (opens in a new tab),nav,,https://agents.kujolang.ai,0,not probed in crawl,noopener,none
after,https://kujolang.ai/ecosystem/skills/kujo-spec-workflows/,https://docs.kujolang.ai,Docs,nav,,https://docs.kujolang.ai,0,not probed in crawl,,none
after,https://kujolang.ai/ecosystem/skills/kujo-spec-workflows/,https://agents.kujolang.ai,Agents (opens in a new tab),nav,,https://agents.kujolang.ai,0,not probed in crawl,noopener,none
after,https://kujolang.ai/ecosystem/skills/kujo-spec-workflows/,https://docs.kujolang.ai,Docs,nav,,https://docs.kujolang.ai,0,not probed in crawl,,none
after,https://kujolang.ai/ecosystem/skills/kujo-spec-workflows/,https://github.com/kujolang/kujo-skills/blob/main/skills/kujo-spec-workflows/SKILL.md,Read the complete kujo-spec-workflows skill on GitHub,article,,https://github.com/kujolang/kujo-skills/blob/main/skills/kujo-spec-workflows/SKILL.md,0,not probed in crawl,,none
after,https://kujolang.ai/ecosystem/skills/kujo-spec-workflows/,https://github.com/kujolang/kujo-skills/blob/main/SKILLS_INDEX.md,Browse the released Kujo Skills Index,article,,https://github.com/kujolang/kujo-skills/blob/main/SKILLS_INDEX.md,0,not probed in crawl,,none
after,https://kujolang.ai/ecosystem/skills/kujo-spec-workflows/,https://github.com/kujolang/kujo-skills/blob/main/skills/kujo-spec-workflows/SKILL.md,GitHub,aside,,https://github.com/kujolang/kujo-skills/blob/main/skills/kujo-spec-workflows/SKILL.md,0,not probed in crawl,noopener,none
after,https://kujolang.ai/ecosystem/skills/kujo-spec-workflows/,https://x.com/kujolang,Kujo on X,nav,,https://x.com/kujolang,0,not probed in crawl,,none
after,https://kujolang.ai/ecosystem/skills/kujo-spec-workflows/,https://github.com/kujolang,Kujo on GitHub,nav,,https://github.com/kujolang,0,not probed in crawl,,none
after,https://kujolang.ai/ecosystem/skills/kujo-spec-workflows/,https://discord.gg/RqDgyb3BX,Kujo on Discord,nav,,https://discord.gg/RqDgyb3BX,0,not probed in crawl,,none
after,https://kujolang.ai/ecosystem/skills/kujo-ssg-workflows/,https://agents.kujolang.ai,Agents (opens in a new tab),nav,,https://agents.kujolang.ai,0,not probed in crawl,noopener,none
after,https://kujolang.ai/ecosystem/skills/kujo-ssg-workflows/,https://docs.kujolang.ai,Docs,nav,,https://docs.kujolang.ai,0,not probed in crawl,,none
after,https://kujolang.ai/ecosystem/skills/kujo-ssg-workflows/,https://agents.kujolang.ai,Agents (opens in a new tab),nav,,https://agents.kujolang.ai,0,not probed in crawl,noopener,none
after,https://kujolang.ai/ecosystem/skills/kujo-ssg-workflows/,https://docs.kujolang.ai,Docs,nav,,https://docs.kujolang.ai,0,not probed in crawl,,none
after,https://kujolang.ai/ecosystem/skills/kujo-ssg-workflows/,https://github.com/kujolang/kujo-skills/blob/main/skills/kujo-ssg-workflows/SKILL.md,Read the complete kujo-ssg-workflows skill on GitHub,article,,https://github.com/kujolang/kujo-skills/blob/main/skills/kujo-ssg-workflows/SKILL.md,0,not probed in crawl,,none
after,https://kujolang.ai/ecosystem/skills/kujo-ssg-workflows/,https://github.com/kujolang/kujo-skills/blob/main/SKILLS_INDEX.md,Browse the released Kujo Skills Index,article,,https://github.com/kujolang/kujo-skills/blob/main/SKILLS_INDEX.md,0,not probed in crawl,,none
after,https://kujolang.ai/ecosystem/skills/kujo-ssg-workflows/,https://github.com/kujolang/kujo-skills/blob/main/skills/kujo-ssg-workflows/SKILL.md,GitHub,aside,,https://github.com/kujolang/kujo-skills/blob/main/skills/kujo-ssg-workflows/SKILL.md,0,not probed in crawl,noopener,none
after,https://kujolang.ai/ecosystem/skills/kujo-ssg-workflows/,https://x.com/kujolang,Kujo on X,nav,,https://x.com/kujolang,0,not probed in crawl,,none
after,https://kujolang.ai/ecosystem/skills/kujo-ssg-workflows/,https://github.com/kujolang,Kujo on GitHub,nav,,https://github.com/kujolang,0,not probed in crawl,,none
after,https://kujolang.ai/ecosystem/skills/kujo-ssg-workflows/,https://discord.gg/RqDgyb3BX,Kujo on Discord,nav,,https://discord.gg/RqDgyb3BX,0,not probed in crawl,,none
after,https://kujolang.ai/ecosystem/skills/kujo-standard-library/,https://agents.kujolang.ai,Agents (opens in a new tab),nav,,https://agents.kujolang.ai,0,not probed in crawl,noopener,none
after,https://kujolang.ai/ecosystem/skills/kujo-standard-library/,https://docs.kujolang.ai,Docs,nav,,https://docs.kujolang.ai,0,not probed in crawl,,none
after,https://kujolang.ai/ecosystem/skills/kujo-standard-library/,https://agents.kujolang.ai,Agents (opens in a new tab),nav,,https://agents.kujolang.ai,0,not probed in crawl,noopener,none
after,https://kujolang.ai/ecosystem/skills/kujo-standard-library/,https://docs.kujolang.ai,Docs,nav,,https://docs.kujolang.ai,0,not probed in crawl,,none
after,https://kujolang.ai/ecosystem/skills/kujo-standard-library/,https://github.com/kujolang/kujo-skills/blob/main/skills/kujo-standard-library/SKILL.md,Read the complete kujo-standard-library skill on GitHub,article,,https://github.com/kujolang/kujo-skills/blob/main/skills/kujo-standard-library/SKILL.md,0,not probed in crawl,,none
after,https://kujolang.ai/ecosystem/skills/kujo-standard-library/,https://github.com/kujolang/kujo-skills/blob/main/SKILLS_INDEX.md,Browse the released Kujo Skills Index,article,,https://github.com/kujolang/kujo-skills/blob/main/SKILLS_INDEX.md,0,not probed in crawl,,none
after,https://kujolang.ai/ecosystem/skills/kujo-standard-library/,https://github.com/kujolang/kujo-skills/blob/main/skills/kujo-standard-library/SKILL.md,GitHub,aside,,https://github.com/kujolang/kujo-skills/blob/main/skills/kujo-standard-library/SKILL.md,0,not probed in crawl,noopener,none
after,https://kujolang.ai/ecosystem/skills/kujo-standard-library/,https://x.com/kujolang,Kujo on X,nav,,https://x.com/kujolang,0,not probed in crawl,,none
after,https://kujolang.ai/ecosystem/skills/kujo-standard-library/,https://github.com/kujolang,Kujo on GitHub,nav,,https://github.com/kujolang,0,not probed in crawl,,none
after,https://kujolang.ai/ecosystem/skills/kujo-standard-library/,https://discord.gg/RqDgyb3BX,Kujo on Discord,nav,,https://discord.gg/RqDgyb3BX,0,not probed in crawl,,none
after,https://kujolang.ai/ecosystem/skills/kujo-testing-release-gates/,https://agents.kujolang.ai,Agents (opens in a new tab),nav,,https://agents.kujolang.ai,0,not probed in crawl,noopener,none
after,https://kujolang.ai/ecosystem/skills/kujo-testing-release-gates/,https://docs.kujolang.ai,Docs,nav,,https://docs.kujolang.ai,0,not probed in crawl,,none
after,https://kujolang.ai/ecosystem/skills/kujo-testing-release-gates/,https://agents.kujolang.ai,Agents (opens in a new tab),nav,,https://agents.kujolang.ai,0,not probed in crawl,noopener,none
after,https://kujolang.ai/ecosystem/skills/kujo-testing-release-gates/,https://docs.kujolang.ai,Docs,nav,,https://docs.kujolang.ai,0,not probed in crawl,,none
after,https://kujolang.ai/ecosystem/skills/kujo-testing-release-gates/,https://github.com/kujolang/kujo-skills/blob/main/skills/kujo-testing-release-gates/SKILL.md,Read the complete kujo-testing-release-gates skill on GitHub,article,,https://github.com/kujolang/kujo-skills/blob/main/skills/kujo-testing-release-gates/SKILL.md,0,not probed in crawl,,none
after,https://kujolang.ai/ecosystem/skills/kujo-testing-release-gates/,https://github.com/kujolang/kujo-skills/blob/main/SKILLS_INDEX.md,Browse the released Kujo Skills Index,article,,https://github.com/kujolang/kujo-skills/blob/main/SKILLS_INDEX.md,0,not probed in crawl,,none
after,https://kujolang.ai/ecosystem/skills/kujo-testing-release-gates/,https://github.com/kujolang/kujo-skills/blob/main/skills/kujo-testing-release-gates/SKILL.md,GitHub,aside,,https://github.com/kujolang/kujo-skills/blob/main/skills/kujo-testing-release-gates/SKILL.md,0,not probed in crawl,noopener,none
after,https://kujolang.ai/ecosystem/skills/kujo-testing-release-gates/,https://x.com/kujolang,Kujo on X,nav,,https://x.com/kujolang,0,not probed in crawl,,none
after,https://kujolang.ai/ecosystem/skills/kujo-testing-release-gates/,https://github.com/kujolang,Kujo on GitHub,nav,,https://github.com/kujolang,0,not probed in crawl,,none
after,https://kujolang.ai/ecosystem/skills/kujo-testing-release-gates/,https://discord.gg/RqDgyb3BX,Kujo on Discord,nav,,https://discord.gg/RqDgyb3BX,0,not probed in crawl,,none
after,https://kujolang.ai/ecosystem/skills/kujo-tool-building/,https://agents.kujolang.ai,Agents (opens in a new tab),nav,,https://agents.kujolang.ai,0,not probed in crawl,noopener,none
after,https://kujolang.ai/ecosystem/skills/kujo-tool-building/,https://docs.kujolang.ai,Docs,nav,,https://docs.kujolang.ai,0,not probed in crawl,,none
after,https://kujolang.ai/ecosystem/skills/kujo-tool-building/,https://agents.kujolang.ai,Agents (opens in a new tab),nav,,https://agents.kujolang.ai,0,not probed in crawl,noopener,none
after,https://kujolang.ai/ecosystem/skills/kujo-tool-building/,https://docs.kujolang.ai,Docs,nav,,https://docs.kujolang.ai,0,not probed in crawl,,none
after,https://kujolang.ai/ecosystem/skills/kujo-tool-building/,https://github.com/kujolang/kujo-skills/blob/main/skills/kujo-tool-building/SKILL.md,Read the complete kujo-tool-building skill on GitHub,article,,https://github.com/kujolang/kujo-skills/blob/main/skills/kujo-tool-building/SKILL.md,0,not probed in crawl,,none
after,https://kujolang.ai/ecosystem/skills/kujo-tool-building/,https://github.com/kujolang/kujo-skills/blob/main/SKILLS_INDEX.md,Browse the released Kujo Skills Index,article,,https://github.com/kujolang/kujo-skills/blob/main/SKILLS_INDEX.md,0,not probed in crawl,,none
after,https://kujolang.ai/ecosystem/skills/kujo-tool-building/,https://github.com/kujolang/kujo-skills/blob/main/skills/kujo-tool-building/SKILL.md,GitHub,aside,,https://github.com/kujolang/kujo-skills/blob/main/skills/kujo-tool-building/SKILL.md,0,not probed in crawl,noopener,none
after,https://kujolang.ai/ecosystem/skills/kujo-tool-building/,https://x.com/kujolang,Kujo on X,nav,,https://x.com/kujolang,0,not probed in crawl,,none
after,https://kujolang.ai/ecosystem/skills/kujo-tool-building/,https://github.com/kujolang,Kujo on GitHub,nav,,https://github.com/kujolang,0,not probed in crawl,,none
after,https://kujolang.ai/ecosystem/skills/kujo-tool-building/,https://discord.gg/RqDgyb3BX,Kujo on Discord,nav,,https://discord.gg/RqDgyb3BX,0,not probed in crawl,,none
after,https://kujolang.ai/ecosystem/skills/kujo-tribunal-workflows/,https://agents.kujolang.ai,Agents (opens in a new tab),nav,,https://agents.kujolang.ai,0,not probed in crawl,noopener,none
after,https://kujolang.ai/ecosystem/skills/kujo-tribunal-workflows/,https://docs.kujolang.ai,Docs,nav,,https://docs.kujolang.ai,0,not probed in crawl,,none
after,https://kujolang.ai/ecosystem/skills/kujo-tribunal-workflows/,https://agents.kujolang.ai,Agents (opens in a new tab),nav,,https://agents.kujolang.ai,0,not probed in crawl,noopener,none
after,https://kujolang.ai/ecosystem/skills/kujo-tribunal-workflows/,https://docs.kujolang.ai,Docs,nav,,https://docs.kujolang.ai,0,not probed in crawl,,none
after,https://kujolang.ai/ecosystem/skills/kujo-tribunal-workflows/,https://github.com/kujolang/kujo-skills/blob/main/skills/kujo-tribunal-workflows/SKILL.md,Read the complete kujo-tribunal-workflows skill on GitHub,article,,https://github.com/kujolang/kujo-skills/blob/main/skills/kujo-tribunal-workflows/SKILL.md,0,not probed in crawl,,none
after,https://kujolang.ai/ecosystem/skills/kujo-tribunal-workflows/,https://github.com/kujolang/kujo-skills/blob/main/SKILLS_INDEX.md,Browse the released Kujo Skills Index,article,,https://github.com/kujolang/kujo-skills/blob/main/SKILLS_INDEX.md,0,not probed in crawl,,none
after,https://kujolang.ai/ecosystem/skills/kujo-tribunal-workflows/,https://github.com/kujolang/kujo-skills/blob/main/skills/kujo-tribunal-workflows/SKILL.md,GitHub,aside,,https://github.com/kujolang/kujo-skills/blob/main/skills/kujo-tribunal-workflows/SKILL.md,0,not probed in crawl,noopener,none
after,https://kujolang.ai/ecosystem/skills/kujo-tribunal-workflows/,https://x.com/kujolang,Kujo on X,nav,,https://x.com/kujolang,0,not probed in crawl,,none
after,https://kujolang.ai/ecosystem/skills/kujo-tribunal-workflows/,https://github.com/kujolang,Kujo on GitHub,nav,,https://github.com/kujolang,0,not probed in crawl,,none
after,https://kujolang.ai/ecosystem/skills/kujo-tribunal-workflows/,https://discord.gg/RqDgyb3BX,Kujo on Discord,nav,,https://discord.gg/RqDgyb3BX,0,not probed in crawl,,none
after,https://kujolang.ai/ecosystem/skills/kujo-watchdog-workflows/,https://agents.kujolang.ai,Agents (opens in a new tab),nav,,https://agents.kujolang.ai,0,not probed in crawl,noopener,none
after,https://kujolang.ai/ecosystem/skills/kujo-watchdog-workflows/,https://docs.kujolang.ai,Docs,nav,,https://docs.kujolang.ai,0,not probed in crawl,,none
after,https://kujolang.ai/ecosystem/skills/kujo-watchdog-workflows/,https://agents.kujolang.ai,Agents (opens in a new tab),nav,,https://agents.kujolang.ai,0,not probed in crawl,noopener,none
after,https://kujolang.ai/ecosystem/skills/kujo-watchdog-workflows/,https://docs.kujolang.ai,Docs,nav,,https://docs.kujolang.ai,0,not probed in crawl,,none
after,https://kujolang.ai/ecosystem/skills/kujo-watchdog-workflows/,https://github.com/kujolang/kujo-skills/blob/main/skills/kujo-watchdog-workflows/SKILL.md,Read the complete kujo-watchdog-workflows skill on GitHub,article,,https://github.com/kujolang/kujo-skills/blob/main/skills/kujo-watchdog-workflows/SKILL.md,0,not probed in crawl,,none
after,https://kujolang.ai/ecosystem/skills/kujo-watchdog-workflows/,https://github.com/kujolang/kujo-skills/blob/main/SKILLS_INDEX.md,Browse the released Kujo Skills Index,article,,https://github.com/kujolang/kujo-skills/blob/main/SKILLS_INDEX.md,0,not probed in crawl,,none
after,https://kujolang.ai/ecosystem/skills/kujo-watchdog-workflows/,https://github.com/kujolang/kujo-skills/blob/main/skills/kujo-watchdog-workflows/SKILL.md,GitHub,aside,,https://github.com/kujolang/kujo-skills/blob/main/skills/kujo-watchdog-workflows/SKILL.md,0,not probed in crawl,noopener,none
after,https://kujolang.ai/ecosystem/skills/kujo-watchdog-workflows/,https://x.com/kujolang,Kujo on X,nav,,https://x.com/kujolang,0,not probed in crawl,,none
after,https://kujolang.ai/ecosystem/skills/kujo-watchdog-workflows/,https://github.com/kujolang,Kujo on GitHub,nav,,https://github.com/kujolang,0,not probed in crawl,,none
after,https://kujolang.ai/ecosystem/skills/kujo-watchdog-workflows/,https://discord.gg/RqDgyb3BX,Kujo on Discord,nav,,https://discord.gg/RqDgyb3BX,0,not probed in crawl,,none
after,https://kujolang.ai/ecosystem/skills/kujo-workcell-workflows/,https://agents.kujolang.ai,Agents (opens in a new tab),nav,,https://agents.kujolang.ai,0,not probed in crawl,noopener,none
after,https://kujolang.ai/ecosystem/skills/kujo-workcell-workflows/,https://docs.kujolang.ai,Docs,nav,,https://docs.kujolang.ai,0,not probed in crawl,,none
after,https://kujolang.ai/ecosystem/skills/kujo-workcell-workflows/,https://agents.kujolang.ai,Agents (opens in a new tab),nav,,https://agents.kujolang.ai,0,not probed in crawl,noopener,none
after,https://kujolang.ai/ecosystem/skills/kujo-workcell-workflows/,https://docs.kujolang.ai,Docs,nav,,https://docs.kujolang.ai,0,not probed in crawl,,none
after,https://kujolang.ai/ecosystem/skills/kujo-workcell-workflows/,https://github.com/kujolang/kujo-skills/blob/main/skills/kujo-workcell-workflows/SKILL.md,Read the complete kujo-workcell-workflows skill on GitHub,article,,https://github.com/kujolang/kujo-skills/blob/main/skills/kujo-workcell-workflows/SKILL.md,0,not probed in crawl,,none
after,https://kujolang.ai/ecosystem/skills/kujo-workcell-workflows/,https://github.com/kujolang/kujo-skills/blob/main/SKILLS_INDEX.md,Browse the released Kujo Skills Index,article,,https://github.com/kujolang/kujo-skills/blob/main/SKILLS_INDEX.md,0,not probed in crawl,,none
after,https://kujolang.ai/ecosystem/skills/kujo-workcell-workflows/,https://github.com/kujolang/kujo-skills/blob/main/skills/kujo-workcell-workflows/SKILL.md,GitHub,aside,,https://github.com/kujolang/kujo-skills/blob/main/skills/kujo-workcell-workflows/SKILL.md,0,not probed in crawl,noopener,none
after,https://kujolang.ai/ecosystem/skills/kujo-workcell-workflows/,https://x.com/kujolang,Kujo on X,nav,,https://x.com/kujolang,0,not probed in crawl,,none
after,https://kujolang.ai/ecosystem/skills/kujo-workcell-workflows/,https://github.com/kujolang,Kujo on GitHub,nav,,https://github.com/kujolang,0,not probed in crawl,,none
after,https://kujolang.ai/ecosystem/skills/kujo-workcell-workflows/,https://discord.gg/RqDgyb3BX,Kujo on Discord,nav,,https://discord.gg/RqDgyb3BX,0,not probed in crawl,,none
after,https://kujolang.ai/ecosystem/skills/webops-accessibility-review/,https://agents.kujolang.ai,Agents (opens in a new tab),nav,,https://agents.kujolang.ai,0,not probed in crawl,noopener,none
after,https://kujolang.ai/ecosystem/skills/webops-accessibility-review/,https://docs.kujolang.ai,Docs,nav,,https://docs.kujolang.ai,0,not probed in crawl,,none
after,https://kujolang.ai/ecosystem/skills/webops-accessibility-review/,https://agents.kujolang.ai,Agents (opens in a new tab),nav,,https://agents.kujolang.ai,0,not probed in crawl,noopener,none
after,https://kujolang.ai/ecosystem/skills/webops-accessibility-review/,https://docs.kujolang.ai,Docs,nav,,https://docs.kujolang.ai,0,not probed in crawl,,none
after,https://kujolang.ai/ecosystem/skills/webops-accessibility-review/,https://github.com/kujolang/kujo-skills/blob/main/skills/webops-accessibility-review/SKILL.md,Read the complete webops-accessibility-review skill on GitHub,article,,https://github.com/kujolang/kujo-skills/blob/main/skills/webops-accessibility-review/SKILL.md,0,not probed in crawl,,none
after,https://kujolang.ai/ecosystem/skills/webops-accessibility-review/,https://github.com/kujolang/kujo-skills/blob/main/SKILLS_INDEX.md,Browse the released Kujo Skills Index,article,,https://github.com/kujolang/kujo-skills/blob/main/SKILLS_INDEX.md,0,not probed in crawl,,none
after,https://kujolang.ai/ecosystem/skills/webops-accessibility-review/,https://github.com/kujolang/kujo-skills/blob/main/skills/webops-accessibility-review/SKILL.md,GitHub,aside,,https://github.com/kujolang/kujo-skills/blob/main/skills/webops-accessibility-review/SKILL.md,0,not probed in crawl,noopener,none
after,https://kujolang.ai/ecosystem/skills/webops-accessibility-review/,https://x.com/kujolang,Kujo on X,nav,,https://x.com/kujolang,0,not probed in crawl,,none
after,https://kujolang.ai/ecosystem/skills/webops-accessibility-review/,https://github.com/kujolang,Kujo on GitHub,nav,,https://github.com/kujolang,0,not probed in crawl,,none
after,https://kujolang.ai/ecosystem/skills/webops-accessibility-review/,https://discord.gg/RqDgyb3BX,Kujo on Discord,nav,,https://discord.gg/RqDgyb3BX,0,not probed in crawl,,none
after,https://kujolang.ai/ecosystem/skills/webops-ai-search-visibility/,https://agents.kujolang.ai,Agents (opens in a new tab),nav,,https://agents.kujolang.ai,0,not probed in crawl,noopener,none
after,https://kujolang.ai/ecosystem/skills/webops-ai-search-visibility/,https://docs.kujolang.ai,Docs,nav,,https://docs.kujolang.ai,0,not probed in crawl,,none
after,https://kujolang.ai/ecosystem/skills/webops-ai-search-visibility/,https://agents.kujolang.ai,Agents (opens in a new tab),nav,,https://agents.kujolang.ai,0,not probed in crawl,noopener,none
after,https://kujolang.ai/ecosystem/skills/webops-ai-search-visibility/,https://docs.kujolang.ai,Docs,nav,,https://docs.kujolang.ai,0,not probed in crawl,,none
after,https://kujolang.ai/ecosystem/skills/webops-ai-search-visibility/,https://github.com/kujolang/kujo-skills/blob/main/skills/webops-ai-search-visibility/SKILL.md,Read the complete webops-ai-search-visibility skill on GitHub,article,,https://github.com/kujolang/kujo-skills/blob/main/skills/webops-ai-search-visibility/SKILL.md,0,not probed in crawl,,none
after,https://kujolang.ai/ecosystem/skills/webops-ai-search-visibility/,https://github.com/kujolang/kujo-skills/blob/main/SKILLS_INDEX.md,Browse the released Kujo Skills Index,article,,https://github.com/kujolang/kujo-skills/blob/main/SKILLS_INDEX.md,0,not probed in crawl,,none
after,https://kujolang.ai/ecosystem/skills/webops-ai-search-visibility/,https://github.com/kujolang/kujo-skills/blob/main/skills/webops-ai-search-visibility/SKILL.md,GitHub,aside,,https://github.com/kujolang/kujo-skills/blob/main/skills/webops-ai-search-visibility/SKILL.md,0,not probed in crawl,noopener,none
after,https://kujolang.ai/ecosystem/skills/webops-ai-search-visibility/,https://x.com/kujolang,Kujo on X,nav,,https://x.com/kujolang,0,not probed in crawl,,none
after,https://kujolang.ai/ecosystem/skills/webops-ai-search-visibility/,https://github.com/kujolang,Kujo on GitHub,nav,,https://github.com/kujolang,0,not probed in crawl,,none
after,https://kujolang.ai/ecosystem/skills/webops-ai-search-visibility/,https://discord.gg/RqDgyb3BX,Kujo on Discord,nav,,https://discord.gg/RqDgyb3BX,0,not probed in crawl,,none
after,https://kujolang.ai/ecosystem/skills/webops-analytics-analysis/,https://agents.kujolang.ai,Agents (opens in a new tab),nav,,https://agents.kujolang.ai,0,not probed in crawl,noopener,none
after,https://kujolang.ai/ecosystem/skills/webops-analytics-analysis/,https://docs.kujolang.ai,Docs,nav,,https://docs.kujolang.ai,0,not probed in crawl,,none
after,https://kujolang.ai/ecosystem/skills/webops-analytics-analysis/,https://agents.kujolang.ai,Agents (opens in a new tab),nav,,https://agents.kujolang.ai,0,not probed in crawl,noopener,none
after,https://kujolang.ai/ecosystem/skills/webops-analytics-analysis/,https://docs.kujolang.ai,Docs,nav,,https://docs.kujolang.ai,0,not probed in crawl,,none
after,https://kujolang.ai/ecosystem/skills/webops-analytics-analysis/,https://github.com/kujolang/kujo-skills/blob/main/skills/webops-analytics-analysis/SKILL.md,Read the complete webops-analytics-analysis skill on GitHub,article,,https://github.com/kujolang/kujo-skills/blob/main/skills/webops-analytics-analysis/SKILL.md,0,not probed in crawl,,none
after,https://kujolang.ai/ecosystem/skills/webops-analytics-analysis/,https://github.com/kujolang/kujo-skills/blob/main/SKILLS_INDEX.md,Browse the released Kujo Skills Index,article,,https://github.com/kujolang/kujo-skills/blob/main/SKILLS_INDEX.md,0,not probed in crawl,,none
after,https://kujolang.ai/ecosystem/skills/webops-analytics-analysis/,https://github.com/kujolang/kujo-skills/blob/main/skills/webops-analytics-analysis/SKILL.md,GitHub,aside,,https://github.com/kujolang/kujo-skills/blob/main/skills/webops-analytics-analysis/SKILL.md,0,not probed in crawl,noopener,none
after,https://kujolang.ai/ecosystem/skills/webops-analytics-analysis/,https://x.com/kujolang,Kujo on X,nav,,https://x.com/kujolang,0,not probed in crawl,,none
after,https://kujolang.ai/ecosystem/skills/webops-analytics-analysis/,https://github.com/kujolang,Kujo on GitHub,nav,,https://github.com/kujolang,0,not probed in crawl,,none
after,https://kujolang.ai/ecosystem/skills/webops-analytics-analysis/,https://discord.gg/RqDgyb3BX,Kujo on Discord,nav,,https://discord.gg/RqDgyb3BX,0,not probed in crawl,,none
after,https://kujolang.ai/ecosystem/skills/webops-backlink-and-mention-analysis/,https://agents.kujolang.ai,Agents (opens in a new tab),nav,,https://agents.kujolang.ai,0,not probed in crawl,noopener,none
after,https://kujolang.ai/ecosystem/skills/webops-backlink-and-mention-analysis/,https://docs.kujolang.ai,Docs,nav,,https://docs.kujolang.ai,0,not probed in crawl,,none
after,https://kujolang.ai/ecosystem/skills/webops-backlink-and-mention-analysis/,https://agents.kujolang.ai,Agents (opens in a new tab),nav,,https://agents.kujolang.ai,0,not probed in crawl,noopener,none
after,https://kujolang.ai/ecosystem/skills/webops-backlink-and-mention-analysis/,https://docs.kujolang.ai,Docs,nav,,https://docs.kujolang.ai,0,not probed in crawl,,none
after,https://kujolang.ai/ecosystem/skills/webops-backlink-and-mention-analysis/,https://github.com/kujolang/kujo-skills/blob/main/skills/webops-backlink-and-mention-analysis/SKILL.md,Read the complete webops-backlink-and-mention-analysis skill on GitHub,article,,https://github.com/kujolang/kujo-skills/blob/main/skills/webops-backlink-and-mention-analysis/SKILL.md,0,not probed in crawl,,none
after,https://kujolang.ai/ecosystem/skills/webops-backlink-and-mention-analysis/,https://github.com/kujolang/kujo-skills/blob/main/SKILLS_INDEX.md,Browse the released Kujo Skills Index,article,,https://github.com/kujolang/kujo-skills/blob/main/SKILLS_INDEX.md,0,not probed in crawl,,none
after,https://kujolang.ai/ecosystem/skills/webops-backlink-and-mention-analysis/,https://github.com/kujolang/kujo-skills/blob/main/skills/webops-backlink-and-mention-analysis/SKILL.md,GitHub,aside,,https://github.com/kujolang/kujo-skills/blob/main/skills/webops-backlink-and-mention-analysis/SKILL.md,0,not probed in crawl,noopener,none
after,https://kujolang.ai/ecosystem/skills/webops-backlink-and-mention-analysis/,https://x.com/kujolang,Kujo on X,nav,,https://x.com/kujolang,0,not probed in crawl,,none
after,https://kujolang.ai/ecosystem/skills/webops-backlink-and-mention-analysis/,https://github.com/kujolang,Kujo on GitHub,nav,,https://github.com/kujolang,0,not probed in crawl,,none
after,https://kujolang.ai/ecosystem/skills/webops-backlink-and-mention-analysis/,https://discord.gg/RqDgyb3BX,Kujo on Discord,nav,,https://discord.gg/RqDgyb3BX,0,not probed in crawl,,none
after,https://kujolang.ai/ecosystem/skills/webops-cannibalization/,https://agents.kujolang.ai,Agents (opens in a new tab),nav,,https://agents.kujolang.ai,0,not probed in crawl,noopener,none
after,https://kujolang.ai/ecosystem/skills/webops-cannibalization/,https://docs.kujolang.ai,Docs,nav,,https://docs.kujolang.ai,0,not probed in crawl,,none
after,https://kujolang.ai/ecosystem/skills/webops-cannibalization/,https://agents.kujolang.ai,Agents (opens in a new tab),nav,,https://agents.kujolang.ai,0,not probed in crawl,noopener,none
after,https://kujolang.ai/ecosystem/skills/webops-cannibalization/,https://docs.kujolang.ai,Docs,nav,,https://docs.kujolang.ai,0,not probed in crawl,,none
after,https://kujolang.ai/ecosystem/skills/webops-cannibalization/,https://github.com/kujolang/kujo-skills/blob/main/skills/webops-cannibalization/SKILL.md,Read the complete webops-cannibalization skill on GitHub,article,,https://github.com/kujolang/kujo-skills/blob/main/skills/webops-cannibalization/SKILL.md,0,not probed in crawl,,none
after,https://kujolang.ai/ecosystem/skills/webops-cannibalization/,https://github.com/kujolang/kujo-skills/blob/main/SKILLS_INDEX.md,Browse the released Kujo Skills Index,article,,https://github.com/kujolang/kujo-skills/blob/main/SKILLS_INDEX.md,0,not probed in crawl,,none
after,https://kujolang.ai/ecosystem/skills/webops-cannibalization/,https://github.com/kujolang/kujo-skills/blob/main/skills/webops-cannibalization/SKILL.md,GitHub,aside,,https://github.com/kujolang/kujo-skills/blob/main/skills/webops-cannibalization/SKILL.md,0,not probed in crawl,noopener,none
after,https://kujolang.ai/ecosystem/skills/webops-cannibalization/,https://x.com/kujolang,Kujo on X,nav,,https://x.com/kujolang,0,not probed in crawl,,none
after,https://kujolang.ai/ecosystem/skills/webops-cannibalization/,https://github.com/kujolang,Kujo on GitHub,nav,,https://github.com/kujolang,0,not probed in crawl,,none
after,https://kujolang.ai/ecosystem/skills/webops-cannibalization/,https://discord.gg/RqDgyb3BX,Kujo on Discord,nav,,https://discord.gg/RqDgyb3BX,0,not probed in crawl,,none
after,https://kujolang.ai/ecosystem/skills/webops-capability-preflight/,https://agents.kujolang.ai,Agents (opens in a new tab),nav,,https://agents.kujolang.ai,0,not probed in crawl,noopener,none
after,https://kujolang.ai/ecosystem/skills/webops-capability-preflight/,https://docs.kujolang.ai,Docs,nav,,https://docs.kujolang.ai,0,not probed in crawl,,none
after,https://kujolang.ai/ecosystem/skills/webops-capability-preflight/,https://agents.kujolang.ai,Agents (opens in a new tab),nav,,https://agents.kujolang.ai,0,not probed in crawl,noopener,none
after,https://kujolang.ai/ecosystem/skills/webops-capability-preflight/,https://docs.kujolang.ai,Docs,nav,,https://docs.kujolang.ai,0,not probed in crawl,,none
after,https://kujolang.ai/ecosystem/skills/webops-capability-preflight/,https://github.com/kujolang/kujo-skills/blob/main/skills/webops-capability-preflight/SKILL.md,Read the complete webops-capability-preflight skill on GitHub,article,,https://github.com/kujolang/kujo-skills/blob/main/skills/webops-capability-preflight/SKILL.md,0,not probed in crawl,,none
after,https://kujolang.ai/ecosystem/skills/webops-capability-preflight/,https://github.com/kujolang/kujo-skills/blob/main/SKILLS_INDEX.md,Browse the released Kujo Skills Index,article,,https://github.com/kujolang/kujo-skills/blob/main/SKILLS_INDEX.md,0,not probed in crawl,,none
after,https://kujolang.ai/ecosystem/skills/webops-capability-preflight/,https://github.com/kujolang/kujo-skills/blob/main/skills/webops-capability-preflight/SKILL.md,GitHub,aside,,https://github.com/kujolang/kujo-skills/blob/main/skills/webops-capability-preflight/SKILL.md,0,not probed in crawl,noopener,none
after,https://kujolang.ai/ecosystem/skills/webops-capability-preflight/,https://x.com/kujolang,Kujo on X,nav,,https://x.com/kujolang,0,not probed in crawl,,none
after,https://kujolang.ai/ecosystem/skills/webops-capability-preflight/,https://github.com/kujolang,Kujo on GitHub,nav,,https://github.com/kujolang,0,not probed in crawl,,none
after,https://kujolang.ai/ecosystem/skills/webops-capability-preflight/,https://discord.gg/RqDgyb3BX,Kujo on Discord,nav,,https://discord.gg/RqDgyb3BX,0,not probed in crawl,,none
after,https://kujolang.ai/ecosystem/skills/webops-competitor-intelligence/,https://agents.kujolang.ai,Agents (opens in a new tab),nav,,https://agents.kujolang.ai,0,not probed in crawl,noopener,none
after,https://kujolang.ai/ecosystem/skills/webops-competitor-intelligence/,https://docs.kujolang.ai,Docs,nav,,https://docs.kujolang.ai,0,not probed in crawl,,none
after,https://kujolang.ai/ecosystem/skills/webops-competitor-intelligence/,https://agents.kujolang.ai,Agents (opens in a new tab),nav,,https://agents.kujolang.ai,0,not probed in crawl,noopener,none
after,https://kujolang.ai/ecosystem/skills/webops-competitor-intelligence/,https://docs.kujolang.ai,Docs,nav,,https://docs.kujolang.ai,0,not probed in crawl,,none
after,https://kujolang.ai/ecosystem/skills/webops-competitor-intelligence/,https://github.com/kujolang/kujo-skills/blob/main/skills/webops-competitor-intelligence/SKILL.md,Read the complete webops-competitor-intelligence skill on GitHub,article,,https://github.com/kujolang/kujo-skills/blob/main/skills/webops-competitor-intelligence/SKILL.md,0,not probed in crawl,,none
after,https://kujolang.ai/ecosystem/skills/webops-competitor-intelligence/,https://github.com/kujolang/kujo-skills/blob/main/SKILLS_INDEX.md,Browse the released Kujo Skills Index,article,,https://github.com/kujolang/kujo-skills/blob/main/SKILLS_INDEX.md,0,not probed in crawl,,none
after,https://kujolang.ai/ecosystem/skills/webops-competitor-intelligence/,https://github.com/kujolang/kujo-skills/blob/main/skills/webops-competitor-intelligence/SKILL.md,GitHub,aside,,https://github.com/kujolang/kujo-skills/blob/main/skills/webops-competitor-intelligence/SKILL.md,0,not probed in crawl,noopener,none
after,https://kujolang.ai/ecosystem/skills/webops-competitor-intelligence/,https://x.com/kujolang,Kujo on X,nav,,https://x.com/kujolang,0,not probed in crawl,,none
after,https://kujolang.ai/ecosystem/skills/webops-competitor-intelligence/,https://github.com/kujolang,Kujo on GitHub,nav,,https://github.com/kujolang,0,not probed in crawl,,none
after,https://kujolang.ai/ecosystem/skills/webops-competitor-intelligence/,https://discord.gg/RqDgyb3BX,Kujo on Discord,nav,,https://discord.gg/RqDgyb3BX,0,not probed in crawl,,none
after,https://kujolang.ai/ecosystem/skills/webops-content-accuracy/,https://agents.kujolang.ai,Agents (opens in a new tab),nav,,https://agents.kujolang.ai,0,not probed in crawl,noopener,none
after,https://kujolang.ai/ecosystem/skills/webops-content-accuracy/,https://docs.kujolang.ai,Docs,nav,,https://docs.kujolang.ai,0,not probed in crawl,,none
after,https://kujolang.ai/ecosystem/skills/webops-content-accuracy/,https://agents.kujolang.ai,Agents (opens in a new tab),nav,,https://agents.kujolang.ai,0,not probed in crawl,noopener,none
after,https://kujolang.ai/ecosystem/skills/webops-content-accuracy/,https://docs.kujolang.ai,Docs,nav,,https://docs.kujolang.ai,0,not probed in crawl,,none
after,https://kujolang.ai/ecosystem/skills/webops-content-accuracy/,https://github.com/kujolang/kujo-skills/blob/main/skills/webops-content-accuracy/SKILL.md,Read the complete webops-content-accuracy skill on GitHub,article,,https://github.com/kujolang/kujo-skills/blob/main/skills/webops-content-accuracy/SKILL.md,0,not probed in crawl,,none
after,https://kujolang.ai/ecosystem/skills/webops-content-accuracy/,https://github.com/kujolang/kujo-skills/blob/main/SKILLS_INDEX.md,Browse the released Kujo Skills Index,article,,https://github.com/kujolang/kujo-skills/blob/main/SKILLS_INDEX.md,0,not probed in crawl,,none
after,https://kujolang.ai/ecosystem/skills/webops-content-accuracy/,https://github.com/kujolang/kujo-skills/blob/main/skills/webops-content-accuracy/SKILL.md,GitHub,aside,,https://github.com/kujolang/kujo-skills/blob/main/skills/webops-content-accuracy/SKILL.md,0,not probed in crawl,noopener,none
after,https://kujolang.ai/ecosystem/skills/webops-content-accuracy/,https://x.com/kujolang,Kujo on X,nav,,https://x.com/kujolang,0,not probed in crawl,,none
after,https://kujolang.ai/ecosystem/skills/webops-content-accuracy/,https://github.com/kujolang,Kujo on GitHub,nav,,https://github.com/kujolang,0,not probed in crawl,,none
after,https://kujolang.ai/ecosystem/skills/webops-content-accuracy/,https://discord.gg/RqDgyb3BX,Kujo on Discord,nav,,https://discord.gg/RqDgyb3BX,0,not probed in crawl,,none
after,https://kujolang.ai/ecosystem/skills/webops-content-decay/,https://agents.kujolang.ai,Agents (opens in a new tab),nav,,https://agents.kujolang.ai,0,not probed in crawl,noopener,none
after,https://kujolang.ai/ecosystem/skills/webops-content-decay/,https://docs.kujolang.ai,Docs,nav,,https://docs.kujolang.ai,0,not probed in crawl,,none
after,https://kujolang.ai/ecosystem/skills/webops-content-decay/,https://agents.kujolang.ai,Agents (opens in a new tab),nav,,https://agents.kujolang.ai,0,not probed in crawl,noopener,none
after,https://kujolang.ai/ecosystem/skills/webops-content-decay/,https://docs.kujolang.ai,Docs,nav,,https://docs.kujolang.ai,0,not probed in crawl,,none
after,https://kujolang.ai/ecosystem/skills/webops-content-decay/,https://github.com/kujolang/kujo-skills/blob/main/skills/webops-content-decay/SKILL.md,Read the complete webops-content-decay skill on GitHub,article,,https://github.com/kujolang/kujo-skills/blob/main/skills/webops-content-decay/SKILL.md,0,not probed in crawl,,none
after,https://kujolang.ai/ecosystem/skills/webops-content-decay/,https://github.com/kujolang/kujo-skills/blob/main/SKILLS_INDEX.md,Browse the released Kujo Skills Index,article,,https://github.com/kujolang/kujo-skills/blob/main/SKILLS_INDEX.md,0,not probed in crawl,,none
after,https://kujolang.ai/ecosystem/skills/webops-content-decay/,https://github.com/kujolang/kujo-skills/blob/main/skills/webops-content-decay/SKILL.md,GitHub,aside,,https://github.com/kujolang/kujo-skills/blob/main/skills/webops-content-decay/SKILL.md,0,not probed in crawl,noopener,none
after,https://kujolang.ai/ecosystem/skills/webops-content-decay/,https://x.com/kujolang,Kujo on X,nav,,https://x.com/kujolang,0,not probed in crawl,,none
after,https://kujolang.ai/ecosystem/skills/webops-content-decay/,https://github.com/kujolang,Kujo on GitHub,nav,,https://github.com/kujolang,0,not probed in crawl,,none
after,https://kujolang.ai/ecosystem/skills/webops-content-decay/,https://discord.gg/RqDgyb3BX,Kujo on Discord,nav,,https://discord.gg/RqDgyb3BX,0,not probed in crawl,,none
after,https://kujolang.ai/ecosystem/skills/webops-content-gap/,https://agents.kujolang.ai,Agents (opens in a new tab),nav,,https://agents.kujolang.ai,0,not probed in crawl,noopener,none
after,https://kujolang.ai/ecosystem/skills/webops-content-gap/,https://docs.kujolang.ai,Docs,nav,,https://docs.kujolang.ai,0,not probed in crawl,,none
after,https://kujolang.ai/ecosystem/skills/webops-content-gap/,https://agents.kujolang.ai,Agents (opens in a new tab),nav,,https://agents.kujolang.ai,0,not probed in crawl,noopener,none
after,https://kujolang.ai/ecosystem/skills/webops-content-gap/,https://docs.kujolang.ai,Docs,nav,,https://docs.kujolang.ai,0,not probed in crawl,,none
after,https://kujolang.ai/ecosystem/skills/webops-content-gap/,https://github.com/kujolang/kujo-skills/blob/main/skills/webops-content-gap/SKILL.md,Read the complete webops-content-gap skill on GitHub,article,,https://github.com/kujolang/kujo-skills/blob/main/skills/webops-content-gap/SKILL.md,0,not probed in crawl,,none
after,https://kujolang.ai/ecosystem/skills/webops-content-gap/,https://github.com/kujolang/kujo-skills/blob/main/SKILLS_INDEX.md,Browse the released Kujo Skills Index,article,,https://github.com/kujolang/kujo-skills/blob/main/SKILLS_INDEX.md,0,not probed in crawl,,none
after,https://kujolang.ai/ecosystem/skills/webops-content-gap/,https://github.com/kujolang/kujo-skills/blob/main/skills/webops-content-gap/SKILL.md,GitHub,aside,,https://github.com/kujolang/kujo-skills/blob/main/skills/webops-content-gap/SKILL.md,0,not probed in crawl,noopener,none
after,https://kujolang.ai/ecosystem/skills/webops-content-gap/,https://x.com/kujolang,Kujo on X,nav,,https://x.com/kujolang,0,not probed in crawl,,none
after,https://kujolang.ai/ecosystem/skills/webops-content-gap/,https://github.com/kujolang,Kujo on GitHub,nav,,https://github.com/kujolang,0,not probed in crawl,,none
after,https://kujolang.ai/ecosystem/skills/webops-content-gap/,https://discord.gg/RqDgyb3BX,Kujo on Discord,nav,,https://discord.gg/RqDgyb3BX,0,not probed in crawl,,none
after,https://kujolang.ai/ecosystem/skills/webops-content-portfolio/,https://agents.kujolang.ai,Agents (opens in a new tab),nav,,https://agents.kujolang.ai,0,not probed in crawl,noopener,none
after,https://kujolang.ai/ecosystem/skills/webops-content-portfolio/,https://docs.kujolang.ai,Docs,nav,,https://docs.kujolang.ai,0,not probed in crawl,,none
after,https://kujolang.ai/ecosystem/skills/webops-content-portfolio/,https://agents.kujolang.ai,Agents (opens in a new tab),nav,,https://agents.kujolang.ai,0,not probed in crawl,noopener,none
after,https://kujolang.ai/ecosystem/skills/webops-content-portfolio/,https://docs.kujolang.ai,Docs,nav,,https://docs.kujolang.ai,0,not probed in crawl,,none
after,https://kujolang.ai/ecosystem/skills/webops-content-portfolio/,https://github.com/kujolang/kujo-skills/blob/main/skills/webops-content-portfolio/SKILL.md,Read the complete webops-content-portfolio skill on GitHub,article,,https://github.com/kujolang/kujo-skills/blob/main/skills/webops-content-portfolio/SKILL.md,0,not probed in crawl,,none
after,https://kujolang.ai/ecosystem/skills/webops-content-portfolio/,https://github.com/kujolang/kujo-skills/blob/main/SKILLS_INDEX.md,Browse the released Kujo Skills Index,article,,https://github.com/kujolang/kujo-skills/blob/main/SKILLS_INDEX.md,0,not probed in crawl,,none
after,https://kujolang.ai/ecosystem/skills/webops-content-portfolio/,https://github.com/kujolang/kujo-skills/blob/main/skills/webops-content-portfolio/SKILL.md,GitHub,aside,,https://github.com/kujolang/kujo-skills/blob/main/skills/webops-content-portfolio/SKILL.md,0,not probed in crawl,noopener,none
after,https://kujolang.ai/ecosystem/skills/webops-content-portfolio/,https://x.com/kujolang,Kujo on X,nav,,https://x.com/kujolang,0,not probed in crawl,,none
after,https://kujolang.ai/ecosystem/skills/webops-content-portfolio/,https://github.com/kujolang,Kujo on GitHub,nav,,https://github.com/kujolang,0,not probed in crawl,,none
after,https://kujolang.ai/ecosystem/skills/webops-content-portfolio/,https://discord.gg/RqDgyb3BX,Kujo on Discord,nav,,https://discord.gg/RqDgyb3BX,0,not probed in crawl,,none
after,https://kujolang.ai/ecosystem/skills/webops-content-pruning/,https://agents.kujolang.ai,Agents (opens in a new tab),nav,,https://agents.kujolang.ai,0,not probed in crawl,noopener,none
after,https://kujolang.ai/ecosystem/skills/webops-content-pruning/,https://docs.kujolang.ai,Docs,nav,,https://docs.kujolang.ai,0,not probed in crawl,,none
after,https://kujolang.ai/ecosystem/skills/webops-content-pruning/,https://agents.kujolang.ai,Agents (opens in a new tab),nav,,https://agents.kujolang.ai,0,not probed in crawl,noopener,none
after,https://kujolang.ai/ecosystem/skills/webops-content-pruning/,https://docs.kujolang.ai,Docs,nav,,https://docs.kujolang.ai,0,not probed in crawl,,none
after,https://kujolang.ai/ecosystem/skills/webops-content-pruning/,https://github.com/kujolang/kujo-skills/blob/main/skills/webops-content-pruning/SKILL.md,Read the complete webops-content-pruning skill on GitHub,article,,https://github.com/kujolang/kujo-skills/blob/main/skills/webops-content-pruning/SKILL.md,0,not probed in crawl,,none
after,https://kujolang.ai/ecosystem/skills/webops-content-pruning/,https://github.com/kujolang/kujo-skills/blob/main/SKILLS_INDEX.md,Browse the released Kujo Skills Index,article,,https://github.com/kujolang/kujo-skills/blob/main/SKILLS_INDEX.md,0,not probed in crawl,,none
after,https://kujolang.ai/ecosystem/skills/webops-content-pruning/,https://github.com/kujolang/kujo-skills/blob/main/skills/webops-content-pruning/SKILL.md,GitHub,aside,,https://github.com/kujolang/kujo-skills/blob/main/skills/webops-content-pruning/SKILL.md,0,not probed in crawl,noopener,none
after,https://kujolang.ai/ecosystem/skills/webops-content-pruning/,https://x.com/kujolang,Kujo on X,nav,,https://x.com/kujolang,0,not probed in crawl,,none
after,https://kujolang.ai/ecosystem/skills/webops-content-pruning/,https://github.com/kujolang,Kujo on GitHub,nav,,https://github.com/kujolang,0,not probed in crawl,,none
after,https://kujolang.ai/ecosystem/skills/webops-content-pruning/,https://discord.gg/RqDgyb3BX,Kujo on Discord,nav,,https://discord.gg/RqDgyb3BX,0,not probed in crawl,,none
after,https://kujolang.ai/ecosystem/skills/webops-distribution/,https://agents.kujolang.ai,Agents (opens in a new tab),nav,,https://agents.kujolang.ai,0,not probed in crawl,noopener,none
after,https://kujolang.ai/ecosystem/skills/webops-distribution/,https://docs.kujolang.ai,Docs,nav,,https://docs.kujolang.ai,0,not probed in crawl,,none
after,https://kujolang.ai/ecosystem/skills/webops-distribution/,https://agents.kujolang.ai,Agents (opens in a new tab),nav,,https://agents.kujolang.ai,0,not probed in crawl,noopener,none
after,https://kujolang.ai/ecosystem/skills/webops-distribution/,https://docs.kujolang.ai,Docs,nav,,https://docs.kujolang.ai,0,not probed in crawl,,none
after,https://kujolang.ai/ecosystem/skills/webops-distribution/,https://github.com/kujolang/kujo-skills/blob/main/skills/webops-distribution/SKILL.md,Read the complete webops-distribution skill on GitHub,article,,https://github.com/kujolang/kujo-skills/blob/main/skills/webops-distribution/SKILL.md,0,not probed in crawl,,none
after,https://kujolang.ai/ecosystem/skills/webops-distribution/,https://github.com/kujolang/kujo-skills/blob/main/SKILLS_INDEX.md,Browse the released Kujo Skills Index,article,,https://github.com/kujolang/kujo-skills/blob/main/SKILLS_INDEX.md,0,not probed in crawl,,none
after,https://kujolang.ai/ecosystem/skills/webops-distribution/,https://github.com/kujolang/kujo-skills/blob/main/skills/webops-distribution/SKILL.md,GitHub,aside,,https://github.com/kujolang/kujo-skills/blob/main/skills/webops-distribution/SKILL.md,0,not probed in crawl,noopener,none
after,https://kujolang.ai/ecosystem/skills/webops-distribution/,https://x.com/kujolang,Kujo on X,nav,,https://x.com/kujolang,0,not probed in crawl,,none
after,https://kujolang.ai/ecosystem/skills/webops-distribution/,https://github.com/kujolang,Kujo on GitHub,nav,,https://github.com/kujolang,0,not probed in crawl,,none
after,https://kujolang.ai/ecosystem/skills/webops-distribution/,https://discord.gg/RqDgyb3BX,Kujo on Discord,nav,,https://discord.gg/RqDgyb3BX,0,not probed in crawl,,none
after,https://kujolang.ai/ecosystem/skills/webops-indexation/,https://agents.kujolang.ai,Agents (opens in a new tab),nav,,https://agents.kujolang.ai,0,not probed in crawl,noopener,none
after,https://kujolang.ai/ecosystem/skills/webops-indexation/,https://docs.kujolang.ai,Docs,nav,,https://docs.kujolang.ai,0,not probed in crawl,,none
after,https://kujolang.ai/ecosystem/skills/webops-indexation/,https://agents.kujolang.ai,Agents (opens in a new tab),nav,,https://agents.kujolang.ai,0,not probed in crawl,noopener,none
after,https://kujolang.ai/ecosystem/skills/webops-indexation/,https://docs.kujolang.ai,Docs,nav,,https://docs.kujolang.ai,0,not probed in crawl,,none
after,https://kujolang.ai/ecosystem/skills/webops-indexation/,https://github.com/kujolang/kujo-skills/blob/main/skills/webops-indexation/SKILL.md,Read the complete webops-indexation skill on GitHub,article,,https://github.com/kujolang/kujo-skills/blob/main/skills/webops-indexation/SKILL.md,0,not probed in crawl,,none
after,https://kujolang.ai/ecosystem/skills/webops-indexation/,https://github.com/kujolang/kujo-skills/blob/main/SKILLS_INDEX.md,Browse the released Kujo Skills Index,article,,https://github.com/kujolang/kujo-skills/blob/main/SKILLS_INDEX.md,0,not probed in crawl,,none
after,https://kujolang.ai/ecosystem/skills/webops-indexation/,https://github.com/kujolang/kujo-skills/blob/main/skills/webops-indexation/SKILL.md,GitHub,aside,,https://github.com/kujolang/kujo-skills/blob/main/skills/webops-indexation/SKILL.md,0,not probed in crawl,noopener,none
after,https://kujolang.ai/ecosystem/skills/webops-indexation/,https://x.com/kujolang,Kujo on X,nav,,https://x.com/kujolang,0,not probed in crawl,,none
after,https://kujolang.ai/ecosystem/skills/webops-indexation/,https://github.com/kujolang,Kujo on GitHub,nav,,https://github.com/kujolang,0,not probed in crawl,,none
after,https://kujolang.ai/ecosystem/skills/webops-indexation/,https://discord.gg/RqDgyb3BX,Kujo on Discord,nav,,https://discord.gg/RqDgyb3BX,0,not probed in crawl,,none
after,https://kujolang.ai/ecosystem/skills/webops-information-architecture/,https://agents.kujolang.ai,Agents (opens in a new tab),nav,,https://agents.kujolang.ai,0,not probed in crawl,noopener,none
after,https://kujolang.ai/ecosystem/skills/webops-information-architecture/,https://docs.kujolang.ai,Docs,nav,,https://docs.kujolang.ai,0,not probed in crawl,,none
after,https://kujolang.ai/ecosystem/skills/webops-information-architecture/,https://agents.kujolang.ai,Agents (opens in a new tab),nav,,https://agents.kujolang.ai,0,not probed in crawl,noopener,none
after,https://kujolang.ai/ecosystem/skills/webops-information-architecture/,https://docs.kujolang.ai,Docs,nav,,https://docs.kujolang.ai,0,not probed in crawl,,none
after,https://kujolang.ai/ecosystem/skills/webops-information-architecture/,https://github.com/kujolang/kujo-skills/blob/main/skills/webops-information-architecture/SKILL.md,Read the complete webops-information-architecture skill on GitHub,article,,https://github.com/kujolang/kujo-skills/blob/main/skills/webops-information-architecture/SKILL.md,0,not probed in crawl,,none
after,https://kujolang.ai/ecosystem/skills/webops-information-architecture/,https://github.com/kujolang/kujo-skills/blob/main/SKILLS_INDEX.md,Browse the released Kujo Skills Index,article,,https://github.com/kujolang/kujo-skills/blob/main/SKILLS_INDEX.md,0,not probed in crawl,,none
after,https://kujolang.ai/ecosystem/skills/webops-information-architecture/,https://github.com/kujolang/kujo-skills/blob/main/skills/webops-information-architecture/SKILL.md,GitHub,aside,,https://github.com/kujolang/kujo-skills/blob/main/skills/webops-information-architecture/SKILL.md,0,not probed in crawl,noopener,none
after,https://kujolang.ai/ecosystem/skills/webops-information-architecture/,https://x.com/kujolang,Kujo on X,nav,,https://x.com/kujolang,0,not probed in crawl,,none
after,https://kujolang.ai/ecosystem/skills/webops-information-architecture/,https://github.com/kujolang,Kujo on GitHub,nav,,https://github.com/kujolang,0,not probed in crawl,,none
after,https://kujolang.ai/ecosystem/skills/webops-information-architecture/,https://discord.gg/RqDgyb3BX,Kujo on Discord,nav,,https://discord.gg/RqDgyb3BX,0,not probed in crawl,,none
after,https://kujolang.ai/ecosystem/skills/webops-internal-linking/,https://agents.kujolang.ai,Agents (opens in a new tab),nav,,https://agents.kujolang.ai,0,not probed in crawl,noopener,none
after,https://kujolang.ai/ecosystem/skills/webops-internal-linking/,https://docs.kujolang.ai,Docs,nav,,https://docs.kujolang.ai,0,not probed in crawl,,none
after,https://kujolang.ai/ecosystem/skills/webops-internal-linking/,https://agents.kujolang.ai,Agents (opens in a new tab),nav,,https://agents.kujolang.ai,0,not probed in crawl,noopener,none
after,https://kujolang.ai/ecosystem/skills/webops-internal-linking/,https://docs.kujolang.ai,Docs,nav,,https://docs.kujolang.ai,0,not probed in crawl,,none
after,https://kujolang.ai/ecosystem/skills/webops-internal-linking/,https://github.com/kujolang/kujo-skills/blob/main/skills/webops-internal-linking/SKILL.md,Read the complete webops-internal-linking skill on GitHub,article,,https://github.com/kujolang/kujo-skills/blob/main/skills/webops-internal-linking/SKILL.md,0,not probed in crawl,,none
after,https://kujolang.ai/ecosystem/skills/webops-internal-linking/,https://github.com/kujolang/kujo-skills/blob/main/SKILLS_INDEX.md,Browse the released Kujo Skills Index,article,,https://github.com/kujolang/kujo-skills/blob/main/SKILLS_INDEX.md,0,not probed in crawl,,none
after,https://kujolang.ai/ecosystem/skills/webops-internal-linking/,https://github.com/kujolang/kujo-skills/blob/main/skills/webops-internal-linking/SKILL.md,GitHub,aside,,https://github.com/kujolang/kujo-skills/blob/main/skills/webops-internal-linking/SKILL.md,0,not probed in crawl,noopener,none
after,https://kujolang.ai/ecosystem/skills/webops-internal-linking/,https://x.com/kujolang,Kujo on X,nav,,https://x.com/kujolang,0,not probed in crawl,,none
after,https://kujolang.ai/ecosystem/skills/webops-internal-linking/,https://github.com/kujolang,Kujo on GitHub,nav,,https://github.com/kujolang,0,not probed in crawl,,none
after,https://kujolang.ai/ecosystem/skills/webops-internal-linking/,https://discord.gg/RqDgyb3BX,Kujo on Discord,nav,,https://discord.gg/RqDgyb3BX,0,not probed in crawl,,none
after,https://kujolang.ai/ecosystem/skills/webops-keyword-opportunity/,https://agents.kujolang.ai,Agents (opens in a new tab),nav,,https://agents.kujolang.ai,0,not probed in crawl,noopener,none
after,https://kujolang.ai/ecosystem/skills/webops-keyword-opportunity/,https://docs.kujolang.ai,Docs,nav,,https://docs.kujolang.ai,0,not probed in crawl,,none
after,https://kujolang.ai/ecosystem/skills/webops-keyword-opportunity/,https://agents.kujolang.ai,Agents (opens in a new tab),nav,,https://agents.kujolang.ai,0,not probed in crawl,noopener,none
after,https://kujolang.ai/ecosystem/skills/webops-keyword-opportunity/,https://docs.kujolang.ai,Docs,nav,,https://docs.kujolang.ai,0,not probed in crawl,,none
after,https://kujolang.ai/ecosystem/skills/webops-keyword-opportunity/,https://github.com/kujolang/kujo-skills/blob/main/skills/webops-keyword-opportunity/SKILL.md,Read the complete webops-keyword-opportunity skill on GitHub,article,,https://github.com/kujolang/kujo-skills/blob/main/skills/webops-keyword-opportunity/SKILL.md,0,not probed in crawl,,none
after,https://kujolang.ai/ecosystem/skills/webops-keyword-opportunity/,https://github.com/kujolang/kujo-skills/blob/main/SKILLS_INDEX.md,Browse the released Kujo Skills Index,article,,https://github.com/kujolang/kujo-skills/blob/main/SKILLS_INDEX.md,0,not probed in crawl,,none
after,https://kujolang.ai/ecosystem/skills/webops-keyword-opportunity/,https://github.com/kujolang/kujo-skills/blob/main/skills/webops-keyword-opportunity/SKILL.md,GitHub,aside,,https://github.com/kujolang/kujo-skills/blob/main/skills/webops-keyword-opportunity/SKILL.md,0,not probed in crawl,noopener,none
after,https://kujolang.ai/ecosystem/skills/webops-keyword-opportunity/,https://x.com/kujolang,Kujo on X,nav,,https://x.com/kujolang,0,not probed in crawl,,none
after,https://kujolang.ai/ecosystem/skills/webops-keyword-opportunity/,https://github.com/kujolang,Kujo on GitHub,nav,,https://github.com/kujolang,0,not probed in crawl,,none
after,https://kujolang.ai/ecosystem/skills/webops-keyword-opportunity/,https://discord.gg/RqDgyb3BX,Kujo on Discord,nav,,https://discord.gg/RqDgyb3BX,0,not probed in crawl,,none
after,https://kujolang.ai/ecosystem/skills/webops-link-health/,https://agents.kujolang.ai,Agents (opens in a new tab),nav,,https://agents.kujolang.ai,0,not probed in crawl,noopener,none
after,https://kujolang.ai/ecosystem/skills/webops-link-health/,https://docs.kujolang.ai,Docs,nav,,https://docs.kujolang.ai,0,not probed in crawl,,none
after,https://kujolang.ai/ecosystem/skills/webops-link-health/,https://agents.kujolang.ai,Agents (opens in a new tab),nav,,https://agents.kujolang.ai,0,not probed in crawl,noopener,none
after,https://kujolang.ai/ecosystem/skills/webops-link-health/,https://docs.kujolang.ai,Docs,nav,,https://docs.kujolang.ai,0,not probed in crawl,,none
after,https://kujolang.ai/ecosystem/skills/webops-link-health/,https://github.com/kujolang/kujo-skills/blob/main/skills/webops-link-health/SKILL.md,Read the complete webops-link-health skill on GitHub,article,,https://github.com/kujolang/kujo-skills/blob/main/skills/webops-link-health/SKILL.md,0,not probed in crawl,,none
after,https://kujolang.ai/ecosystem/skills/webops-link-health/,https://github.com/kujolang/kujo-skills/blob/main/SKILLS_INDEX.md,Browse the released Kujo Skills Index,article,,https://github.com/kujolang/kujo-skills/blob/main/SKILLS_INDEX.md,0,not probed in crawl,,none
after,https://kujolang.ai/ecosystem/skills/webops-link-health/,https://github.com/kujolang/kujo-skills/blob/main/skills/webops-link-health/SKILL.md,GitHub,aside,,https://github.com/kujolang/kujo-skills/blob/main/skills/webops-link-health/SKILL.md,0,not probed in crawl,noopener,none
after,https://kujolang.ai/ecosystem/skills/webops-link-health/,https://x.com/kujolang,Kujo on X,nav,,https://x.com/kujolang,0,not probed in crawl,,none
after,https://kujolang.ai/ecosystem/skills/webops-link-health/,https://github.com/kujolang,Kujo on GitHub,nav,,https://github.com/kujolang,0,not probed in crawl,,none
after,https://kujolang.ai/ecosystem/skills/webops-link-health/,https://discord.gg/RqDgyb3BX,Kujo on Discord,nav,,https://discord.gg/RqDgyb3BX,0,not probed in crawl,,none
after,https://kujolang.ai/ecosystem/skills/webops-longitudinal-findings/,https://agents.kujolang.ai,Agents (opens in a new tab),nav,,https://agents.kujolang.ai,0,not probed in crawl,noopener,none
after,https://kujolang.ai/ecosystem/skills/webops-longitudinal-findings/,https://docs.kujolang.ai,Docs,nav,,https://docs.kujolang.ai,0,not probed in crawl,,none
after,https://kujolang.ai/ecosystem/skills/webops-longitudinal-findings/,https://agents.kujolang.ai,Agents (opens in a new tab),nav,,https://agents.kujolang.ai,0,not probed in crawl,noopener,none
after,https://kujolang.ai/ecosystem/skills/webops-longitudinal-findings/,https://docs.kujolang.ai,Docs,nav,,https://docs.kujolang.ai,0,not probed in crawl,,none
after,https://kujolang.ai/ecosystem/skills/webops-longitudinal-findings/,https://github.com/kujolang/kujo-skills/blob/main/skills/webops-longitudinal-findings/SKILL.md,Read the complete webops-longitudinal-findings skill on GitHub,article,,https://github.com/kujolang/kujo-skills/blob/main/skills/webops-longitudinal-findings/SKILL.md,0,not probed in crawl,,none
after,https://kujolang.ai/ecosystem/skills/webops-longitudinal-findings/,https://github.com/kujolang/kujo-skills/blob/main/SKILLS_INDEX.md,Browse the released Kujo Skills Index,article,,https://github.com/kujolang/kujo-skills/blob/main/SKILLS_INDEX.md,0,not probed in crawl,,none
after,https://kujolang.ai/ecosystem/skills/webops-longitudinal-findings/,https://github.com/kujolang/kujo-skills/blob/main/skills/webops-longitudinal-findings/SKILL.md,GitHub,aside,,https://github.com/kujolang/kujo-skills/blob/main/skills/webops-longitudinal-findings/SKILL.md,0,not probed in crawl,noopener,none
after,https://kujolang.ai/ecosystem/skills/webops-longitudinal-findings/,https://x.com/kujolang,Kujo on X,nav,,https://x.com/kujolang,0,not probed in crawl,,none
after,https://kujolang.ai/ecosystem/skills/webops-longitudinal-findings/,https://github.com/kujolang,Kujo on GitHub,nav,,https://github.com/kujolang,0,not probed in crawl,,none
after,https://kujolang.ai/ecosystem/skills/webops-longitudinal-findings/,https://discord.gg/RqDgyb3BX,Kujo on Discord,nav,,https://discord.gg/RqDgyb3BX,0,not probed in crawl,,none
after,https://kujolang.ai/ecosystem/skills/webops-reporting/,https://agents.kujolang.ai,Agents (opens in a new tab),nav,,https://agents.kujolang.ai,0,not probed in crawl,noopener,none
after,https://kujolang.ai/ecosystem/skills/webops-reporting/,https://docs.kujolang.ai,Docs,nav,,https://docs.kujolang.ai,0,not probed in crawl,,none
after,https://kujolang.ai/ecosystem/skills/webops-reporting/,https://agents.kujolang.ai,Agents (opens in a new tab),nav,,https://agents.kujolang.ai,0,not probed in crawl,noopener,none
after,https://kujolang.ai/ecosystem/skills/webops-reporting/,https://docs.kujolang.ai,Docs,nav,,https://docs.kujolang.ai,0,not probed in crawl,,none
after,https://kujolang.ai/ecosystem/skills/webops-reporting/,https://github.com/kujolang/kujo-skills/blob/main/skills/webops-reporting/SKILL.md,Read the complete webops-reporting skill on GitHub,article,,https://github.com/kujolang/kujo-skills/blob/main/skills/webops-reporting/SKILL.md,0,not probed in crawl,,none
after,https://kujolang.ai/ecosystem/skills/webops-reporting/,https://github.com/kujolang/kujo-skills/blob/main/SKILLS_INDEX.md,Browse the released Kujo Skills Index,article,,https://github.com/kujolang/kujo-skills/blob/main/SKILLS_INDEX.md,0,not probed in crawl,,none
after,https://kujolang.ai/ecosystem/skills/webops-reporting/,https://github.com/kujolang/kujo-skills/blob/main/skills/webops-reporting/SKILL.md,GitHub,aside,,https://github.com/kujolang/kujo-skills/blob/main/skills/webops-reporting/SKILL.md,0,not probed in crawl,noopener,none
after,https://kujolang.ai/ecosystem/skills/webops-reporting/,https://x.com/kujolang,Kujo on X,nav,,https://x.com/kujolang,0,not probed in crawl,,none
after,https://kujolang.ai/ecosystem/skills/webops-reporting/,https://github.com/kujolang,Kujo on GitHub,nav,,https://github.com/kujolang,0,not probed in crawl,,none
after,https://kujolang.ai/ecosystem/skills/webops-reporting/,https://discord.gg/RqDgyb3BX,Kujo on Discord,nav,,https://discord.gg/RqDgyb3BX,0,not probed in crawl,,none
after,https://kujolang.ai/ecosystem/skills/webops-schema-and-metadata/,https://agents.kujolang.ai,Agents (opens in a new tab),nav,,https://agents.kujolang.ai,0,not probed in crawl,noopener,none
after,https://kujolang.ai/ecosystem/skills/webops-schema-and-metadata/,https://docs.kujolang.ai,Docs,nav,,https://docs.kujolang.ai,0,not probed in crawl,,none
after,https://kujolang.ai/ecosystem/skills/webops-schema-and-metadata/,https://agents.kujolang.ai,Agents (opens in a new tab),nav,,https://agents.kujolang.ai,0,not probed in crawl,noopener,none
after,https://kujolang.ai/ecosystem/skills/webops-schema-and-metadata/,https://docs.kujolang.ai,Docs,nav,,https://docs.kujolang.ai,0,not probed in crawl,,none
after,https://kujolang.ai/ecosystem/skills/webops-schema-and-metadata/,https://github.com/kujolang/kujo-skills/blob/main/skills/webops-schema-and-metadata/SKILL.md,Read the complete webops-schema-and-metadata skill on GitHub,article,,https://github.com/kujolang/kujo-skills/blob/main/skills/webops-schema-and-metadata/SKILL.md,0,not probed in crawl,,none
after,https://kujolang.ai/ecosystem/skills/webops-schema-and-metadata/,https://github.com/kujolang/kujo-skills/blob/main/SKILLS_INDEX.md,Browse the released Kujo Skills Index,article,,https://github.com/kujolang/kujo-skills/blob/main/SKILLS_INDEX.md,0,not probed in crawl,,none
after,https://kujolang.ai/ecosystem/skills/webops-schema-and-metadata/,https://github.com/kujolang/kujo-skills/blob/main/skills/webops-schema-and-metadata/SKILL.md,GitHub,aside,,https://github.com/kujolang/kujo-skills/blob/main/skills/webops-schema-and-metadata/SKILL.md,0,not probed in crawl,noopener,none
after,https://kujolang.ai/ecosystem/skills/webops-schema-and-metadata/,https://x.com/kujolang,Kujo on X,nav,,https://x.com/kujolang,0,not probed in crawl,,none
after,https://kujolang.ai/ecosystem/skills/webops-schema-and-metadata/,https://github.com/kujolang,Kujo on GitHub,nav,,https://github.com/kujolang,0,not probed in crawl,,none
after,https://kujolang.ai/ecosystem/skills/webops-schema-and-metadata/,https://discord.gg/RqDgyb3BX,Kujo on Discord,nav,,https://discord.gg/RqDgyb3BX,0,not probed in crawl,,none
after,https://kujolang.ai/ecosystem/skills/webops-search-performance/,https://agents.kujolang.ai,Agents (opens in a new tab),nav,,https://agents.kujolang.ai,0,not probed in crawl,noopener,none
after,https://kujolang.ai/ecosystem/skills/webops-search-performance/,https://docs.kujolang.ai,Docs,nav,,https://docs.kujolang.ai,0,not probed in crawl,,none
after,https://kujolang.ai/ecosystem/skills/webops-search-performance/,https://agents.kujolang.ai,Agents (opens in a new tab),nav,,https://agents.kujolang.ai,0,not probed in crawl,noopener,none
after,https://kujolang.ai/ecosystem/skills/webops-search-performance/,https://docs.kujolang.ai,Docs,nav,,https://docs.kujolang.ai,0,not probed in crawl,,none
after,https://kujolang.ai/ecosystem/skills/webops-search-performance/,https://github.com/kujolang/kujo-skills/blob/main/skills/webops-search-performance/SKILL.md,Read the complete webops-search-performance skill on GitHub,article,,https://github.com/kujolang/kujo-skills/blob/main/skills/webops-search-performance/SKILL.md,0,not probed in crawl,,none
after,https://kujolang.ai/ecosystem/skills/webops-search-performance/,https://github.com/kujolang/kujo-skills/blob/main/SKILLS_INDEX.md,Browse the released Kujo Skills Index,article,,https://github.com/kujolang/kujo-skills/blob/main/SKILLS_INDEX.md,0,not probed in crawl,,none
after,https://kujolang.ai/ecosystem/skills/webops-search-performance/,https://github.com/kujolang/kujo-skills/blob/main/skills/webops-search-performance/SKILL.md,GitHub,aside,,https://github.com/kujolang/kujo-skills/blob/main/skills/webops-search-performance/SKILL.md,0,not probed in crawl,noopener,none
after,https://kujolang.ai/ecosystem/skills/webops-search-performance/,https://x.com/kujolang,Kujo on X,nav,,https://x.com/kujolang,0,not probed in crawl,,none
after,https://kujolang.ai/ecosystem/skills/webops-search-performance/,https://github.com/kujolang,Kujo on GitHub,nav,,https://github.com/kujolang,0,not probed in crawl,,none
after,https://kujolang.ai/ecosystem/skills/webops-search-performance/,https://discord.gg/RqDgyb3BX,Kujo on Discord,nav,,https://discord.gg/RqDgyb3BX,0,not probed in crawl,,none
after,https://kujolang.ai/ecosystem/skills/webops-search-standards-watch/,https://agents.kujolang.ai,Agents (opens in a new tab),nav,,https://agents.kujolang.ai,0,not probed in crawl,noopener,none
after,https://kujolang.ai/ecosystem/skills/webops-search-standards-watch/,https://docs.kujolang.ai,Docs,nav,,https://docs.kujolang.ai,0,not probed in crawl,,none
after,https://kujolang.ai/ecosystem/skills/webops-search-standards-watch/,https://agents.kujolang.ai,Agents (opens in a new tab),nav,,https://agents.kujolang.ai,0,not probed in crawl,noopener,none
after,https://kujolang.ai/ecosystem/skills/webops-search-standards-watch/,https://docs.kujolang.ai,Docs,nav,,https://docs.kujolang.ai,0,not probed in crawl,,none
after,https://kujolang.ai/ecosystem/skills/webops-search-standards-watch/,https://github.com/kujolang/kujo-skills/blob/main/skills/webops-search-standards-watch/SKILL.md,Read the complete webops-search-standards-watch skill on GitHub,article,,https://github.com/kujolang/kujo-skills/blob/main/skills/webops-search-standards-watch/SKILL.md,0,not probed in crawl,,none
after,https://kujolang.ai/ecosystem/skills/webops-search-standards-watch/,https://github.com/kujolang/kujo-skills/blob/main/SKILLS_INDEX.md,Browse the released Kujo Skills Index,article,,https://github.com/kujolang/kujo-skills/blob/main/SKILLS_INDEX.md,0,not probed in crawl,,none
after,https://kujolang.ai/ecosystem/skills/webops-search-standards-watch/,https://github.com/kujolang/kujo-skills/blob/main/skills/webops-search-standards-watch/SKILL.md,GitHub,aside,,https://github.com/kujolang/kujo-skills/blob/main/skills/webops-search-standards-watch/SKILL.md,0,not probed in crawl,noopener,none
after,https://kujolang.ai/ecosystem/skills/webops-search-standards-watch/,https://x.com/kujolang,Kujo on X,nav,,https://x.com/kujolang,0,not probed in crawl,,none
after,https://kujolang.ai/ecosystem/skills/webops-search-standards-watch/,https://github.com/kujolang,Kujo on GitHub,nav,,https://github.com/kujolang,0,not probed in crawl,,none
after,https://kujolang.ai/ecosystem/skills/webops-search-standards-watch/,https://discord.gg/RqDgyb3BX,Kujo on Discord,nav,,https://discord.gg/RqDgyb3BX,0,not probed in crawl,,none
after,https://kujolang.ai/ecosystem/skills/webops-search-submission/,https://agents.kujolang.ai,Agents (opens in a new tab),nav,,https://agents.kujolang.ai,0,not probed in crawl,noopener,none
after,https://kujolang.ai/ecosystem/skills/webops-search-submission/,https://docs.kujolang.ai,Docs,nav,,https://docs.kujolang.ai,0,not probed in crawl,,none
after,https://kujolang.ai/ecosystem/skills/webops-search-submission/,https://agents.kujolang.ai,Agents (opens in a new tab),nav,,https://agents.kujolang.ai,0,not probed in crawl,noopener,none
after,https://kujolang.ai/ecosystem/skills/webops-search-submission/,https://docs.kujolang.ai,Docs,nav,,https://docs.kujolang.ai,0,not probed in crawl,,none
after,https://kujolang.ai/ecosystem/skills/webops-search-submission/,https://github.com/kujolang/kujo-skills/blob/main/skills/webops-search-submission/SKILL.md,Read the complete webops-search-submission skill on GitHub,article,,https://github.com/kujolang/kujo-skills/blob/main/skills/webops-search-submission/SKILL.md,0,not probed in crawl,,none
after,https://kujolang.ai/ecosystem/skills/webops-search-submission/,https://github.com/kujolang/kujo-skills/blob/main/SKILLS_INDEX.md,Browse the released Kujo Skills Index,article,,https://github.com/kujolang/kujo-skills/blob/main/SKILLS_INDEX.md,0,not probed in crawl,,none
after,https://kujolang.ai/ecosystem/skills/webops-search-submission/,https://github.com/kujolang/kujo-skills/blob/main/skills/webops-search-submission/SKILL.md,GitHub,aside,,https://github.com/kujolang/kujo-skills/blob/main/skills/webops-search-submission/SKILL.md,0,not probed in crawl,noopener,none
after,https://kujolang.ai/ecosystem/skills/webops-search-submission/,https://x.com/kujolang,Kujo on X,nav,,https://x.com/kujolang,0,not probed in crawl,,none
after,https://kujolang.ai/ecosystem/skills/webops-search-submission/,https://github.com/kujolang,Kujo on GitHub,nav,,https://github.com/kujolang,0,not probed in crawl,,none
after,https://kujolang.ai/ecosystem/skills/webops-search-submission/,https://discord.gg/RqDgyb3BX,Kujo on Discord,nav,,https://discord.gg/RqDgyb3BX,0,not probed in crawl,,none
after,https://kujolang.ai/ecosystem/skills/webops-site-profile/,https://agents.kujolang.ai,Agents (opens in a new tab),nav,,https://agents.kujolang.ai,0,not probed in crawl,noopener,none
after,https://kujolang.ai/ecosystem/skills/webops-site-profile/,https://docs.kujolang.ai,Docs,nav,,https://docs.kujolang.ai,0,not probed in crawl,,none
after,https://kujolang.ai/ecosystem/skills/webops-site-profile/,https://agents.kujolang.ai,Agents (opens in a new tab),nav,,https://agents.kujolang.ai,0,not probed in crawl,noopener,none
after,https://kujolang.ai/ecosystem/skills/webops-site-profile/,https://docs.kujolang.ai,Docs,nav,,https://docs.kujolang.ai,0,not probed in crawl,,none
after,https://kujolang.ai/ecosystem/skills/webops-site-profile/,https://github.com/kujolang/kujo-skills/blob/main/skills/webops-site-profile/SKILL.md,Read the complete webops-site-profile skill on GitHub,article,,https://github.com/kujolang/kujo-skills/blob/main/skills/webops-site-profile/SKILL.md,0,not probed in crawl,,none
after,https://kujolang.ai/ecosystem/skills/webops-site-profile/,https://github.com/kujolang/kujo-skills/blob/main/SKILLS_INDEX.md,Browse the released Kujo Skills Index,article,,https://github.com/kujolang/kujo-skills/blob/main/SKILLS_INDEX.md,0,not probed in crawl,,none
after,https://kujolang.ai/ecosystem/skills/webops-site-profile/,https://github.com/kujolang/kujo-skills/blob/main/skills/webops-site-profile/SKILL.md,GitHub,aside,,https://github.com/kujolang/kujo-skills/blob/main/skills/webops-site-profile/SKILL.md,0,not probed in crawl,noopener,none
after,https://kujolang.ai/ecosystem/skills/webops-site-profile/,https://x.com/kujolang,Kujo on X,nav,,https://x.com/kujolang,0,not probed in crawl,,none
after,https://kujolang.ai/ecosystem/skills/webops-site-profile/,https://github.com/kujolang,Kujo on GitHub,nav,,https://github.com/kujolang,0,not probed in crawl,,none
after,https://kujolang.ai/ecosystem/skills/webops-site-profile/,https://discord.gg/RqDgyb3BX,Kujo on Discord,nav,,https://discord.gg/RqDgyb3BX,0,not probed in crawl,,none
after,https://kujolang.ai/ecosystem/skills/webops-technical-seo/,https://agents.kujolang.ai,Agents (opens in a new tab),nav,,https://agents.kujolang.ai,0,not probed in crawl,noopener,none
after,https://kujolang.ai/ecosystem/skills/webops-technical-seo/,https://docs.kujolang.ai,Docs,nav,,https://docs.kujolang.ai,0,not probed in crawl,,none
after,https://kujolang.ai/ecosystem/skills/webops-technical-seo/,https://agents.kujolang.ai,Agents (opens in a new tab),nav,,https://agents.kujolang.ai,0,not probed in crawl,noopener,none
after,https://kujolang.ai/ecosystem/skills/webops-technical-seo/,https://docs.kujolang.ai,Docs,nav,,https://docs.kujolang.ai,0,not probed in crawl,,none
after,https://kujolang.ai/ecosystem/skills/webops-technical-seo/,https://github.com/kujolang/kujo-skills/blob/main/skills/webops-technical-seo/SKILL.md,Read the complete webops-technical-seo skill on GitHub,article,,https://github.com/kujolang/kujo-skills/blob/main/skills/webops-technical-seo/SKILL.md,0,not probed in crawl,,none
after,https://kujolang.ai/ecosystem/skills/webops-technical-seo/,https://github.com/kujolang/kujo-skills/blob/main/SKILLS_INDEX.md,Browse the released Kujo Skills Index,article,,https://github.com/kujolang/kujo-skills/blob/main/SKILLS_INDEX.md,0,not probed in crawl,,none
after,https://kujolang.ai/ecosystem/skills/webops-technical-seo/,https://github.com/kujolang/kujo-skills/blob/main/skills/webops-technical-seo/SKILL.md,GitHub,aside,,https://github.com/kujolang/kujo-skills/blob/main/skills/webops-technical-seo/SKILL.md,0,not probed in crawl,noopener,none
after,https://kujolang.ai/ecosystem/skills/webops-technical-seo/,https://x.com/kujolang,Kujo on X,nav,,https://x.com/kujolang,0,not probed in crawl,,none
after,https://kujolang.ai/ecosystem/skills/webops-technical-seo/,https://github.com/kujolang,Kujo on GitHub,nav,,https://github.com/kujolang,0,not probed in crawl,,none
after,https://kujolang.ai/ecosystem/skills/webops-technical-seo/,https://discord.gg/RqDgyb3BX,Kujo on Discord,nav,,https://discord.gg/RqDgyb3BX,0,not probed in crawl,,none
after,https://kujolang.ai/ecosystem/skills/webops-web-performance/,https://agents.kujolang.ai,Agents (opens in a new tab),nav,,https://agents.kujolang.ai,0,not probed in crawl,noopener,none
after,https://kujolang.ai/ecosystem/skills/webops-web-performance/,https://docs.kujolang.ai,Docs,nav,,https://docs.kujolang.ai,0,not probed in crawl,,none
after,https://kujolang.ai/ecosystem/skills/webops-web-performance/,https://agents.kujolang.ai,Agents (opens in a new tab),nav,,https://agents.kujolang.ai,0,not probed in crawl,noopener,none
after,https://kujolang.ai/ecosystem/skills/webops-web-performance/,https://docs.kujolang.ai,Docs,nav,,https://docs.kujolang.ai,0,not probed in crawl,,none
after,https://kujolang.ai/ecosystem/skills/webops-web-performance/,https://github.com/kujolang/kujo-skills/blob/main/skills/webops-web-performance/SKILL.md,Read the complete webops-web-performance skill on GitHub,article,,https://github.com/kujolang/kujo-skills/blob/main/skills/webops-web-performance/SKILL.md,0,not probed in crawl,,none
after,https://kujolang.ai/ecosystem/skills/webops-web-performance/,https://github.com/kujolang/kujo-skills/blob/main/SKILLS_INDEX.md,Browse the released Kujo Skills Index,article,,https://github.com/kujolang/kujo-skills/blob/main/SKILLS_INDEX.md,0,not probed in crawl,,none
after,https://kujolang.ai/ecosystem/skills/webops-web-performance/,https://github.com/kujolang/kujo-skills/blob/main/skills/webops-web-performance/SKILL.md,GitHub,aside,,https://github.com/kujolang/kujo-skills/blob/main/skills/webops-web-performance/SKILL.md,0,not probed in crawl,noopener,none
after,https://kujolang.ai/ecosystem/skills/webops-web-performance/,https://x.com/kujolang,Kujo on X,nav,,https://x.com/kujolang,0,not probed in crawl,,none
after,https://kujolang.ai/ecosystem/skills/webops-web-performance/,https://github.com/kujolang,Kujo on GitHub,nav,,https://github.com/kujolang,0,not probed in crawl,,none
after,https://kujolang.ai/ecosystem/skills/webops-web-performance/,https://discord.gg/RqDgyb3BX,Kujo on Discord,nav,,https://discord.gg/RqDgyb3BX,0,not probed in crawl,,none
after,https://kujolang.ai/ecosystem/spec/,https://agents.kujolang.ai,Agents (opens in a new tab),nav,,https://agents.kujolang.ai,0,not probed in crawl,noopener,none
after,https://kujolang.ai/ecosystem/spec/,https://docs.kujolang.ai,Docs,nav,,https://docs.kujolang.ai,0,not probed in crawl,,none
after,https://kujolang.ai/ecosystem/spec/,https://agents.kujolang.ai,Agents (opens in a new tab),nav,,https://agents.kujolang.ai,0,not probed in crawl,noopener,none
after,https://kujolang.ai/ecosystem/spec/,https://docs.kujolang.ai,Docs,nav,,https://docs.kujolang.ai,0,not probed in crawl,,none
after,https://kujolang.ai/ecosystem/spec/,https://github.com/kujolang/spec,GitHub,aside,,https://github.com/kujolang/spec,0,not probed in crawl,noopener,none
after,https://kujolang.ai/ecosystem/spec/,https://x.com/kujolang,Kujo on X,nav,,https://x.com/kujolang,0,not probed in crawl,,none
after,https://kujolang.ai/ecosystem/spec/,https://github.com/kujolang,Kujo on GitHub,nav,,https://github.com/kujolang,0,not probed in crawl,,none
after,https://kujolang.ai/ecosystem/spec/,https://discord.gg/RqDgyb3BX,Kujo on Discord,nav,,https://discord.gg/RqDgyb3BX,0,not probed in crawl,,none
after,https://kujolang.ai/ecosystem/ssg/,https://agents.kujolang.ai,Agents (opens in a new tab),nav,,https://agents.kujolang.ai,0,not probed in crawl,noopener,none
after,https://kujolang.ai/ecosystem/ssg/,https://docs.kujolang.ai,Docs,nav,,https://docs.kujolang.ai,0,not probed in crawl,,none
after,https://kujolang.ai/ecosystem/ssg/,https://agents.kujolang.ai,Agents (opens in a new tab),nav,,https://agents.kujolang.ai,0,not probed in crawl,noopener,none
after,https://kujolang.ai/ecosystem/ssg/,https://docs.kujolang.ai,Docs,nav,,https://docs.kujolang.ai,0,not probed in crawl,,none
after,https://kujolang.ai/ecosystem/ssg/,https://github.com/kujolang/ssg,GitHub,aside,,https://github.com/kujolang/ssg,0,not probed in crawl,noopener,none
after,https://kujolang.ai/ecosystem/ssg/,https://x.com/kujolang,Kujo on X,nav,,https://x.com/kujolang,0,not probed in crawl,,none
after,https://kujolang.ai/ecosystem/ssg/,https://github.com/kujolang,Kujo on GitHub,nav,,https://github.com/kujolang,0,not probed in crawl,,none
after,https://kujolang.ai/ecosystem/ssg/,https://discord.gg/RqDgyb3BX,Kujo on Discord,nav,,https://discord.gg/RqDgyb3BX,0,not probed in crawl,,none
after,https://kujolang.ai/ecosystem/tooling/,https://agents.kujolang.ai,Agents (opens in a new tab),nav,,https://agents.kujolang.ai,0,not probed in crawl,noopener,none
after,https://kujolang.ai/ecosystem/tooling/,https://docs.kujolang.ai,Docs,nav,,https://docs.kujolang.ai,0,not probed in crawl,,none
after,https://kujolang.ai/ecosystem/tooling/,https://agents.kujolang.ai,Agents (opens in a new tab),nav,,https://agents.kujolang.ai,0,not probed in crawl,noopener,none
after,https://kujolang.ai/ecosystem/tooling/,https://docs.kujolang.ai,Docs,nav,,https://docs.kujolang.ai,0,not probed in crawl,,none
after,https://kujolang.ai/ecosystem/tooling/,https://x.com/kujolang,Kujo on X,nav,,https://x.com/kujolang,0,not probed in crawl,,none
after,https://kujolang.ai/ecosystem/tooling/,https://github.com/kujolang,Kujo on GitHub,nav,,https://github.com/kujolang,0,not probed in crawl,,none
after,https://kujolang.ai/ecosystem/tooling/,https://discord.gg/RqDgyb3BX,Kujo on Discord,nav,,https://discord.gg/RqDgyb3BX,0,not probed in crawl,,none
after,https://kujolang.ai/ecosystem/totalrecall/,https://agents.kujolang.ai,Agents (opens in a new tab),nav,,https://agents.kujolang.ai,0,not probed in crawl,noopener,none
after,https://kujolang.ai/ecosystem/totalrecall/,https://docs.kujolang.ai,Docs,nav,,https://docs.kujolang.ai,0,not probed in crawl,,none
after,https://kujolang.ai/ecosystem/totalrecall/,https://agents.kujolang.ai,Agents (opens in a new tab),nav,,https://agents.kujolang.ai,0,not probed in crawl,noopener,none
after,https://kujolang.ai/ecosystem/totalrecall/,https://docs.kujolang.ai,Docs,nav,,https://docs.kujolang.ai,0,not probed in crawl,,none
after,https://kujolang.ai/ecosystem/totalrecall/,https://github.com/robertdevore/totalrecall,GitHub,aside,,https://github.com/robertdevore/totalrecall,0,not probed in crawl,noopener,none
after,https://kujolang.ai/ecosystem/totalrecall/,https://x.com/kujolang,Kujo on X,nav,,https://x.com/kujolang,0,not probed in crawl,,none
after,https://kujolang.ai/ecosystem/totalrecall/,https://github.com/kujolang,Kujo on GitHub,nav,,https://github.com/kujolang,0,not probed in crawl,,none
after,https://kujolang.ai/ecosystem/totalrecall/,https://discord.gg/RqDgyb3BX,Kujo on Discord,nav,,https://discord.gg/RqDgyb3BX,0,not probed in crawl,,none
after,https://kujolang.ai/ecosystem/tribunal/,https://agents.kujolang.ai,Agents (opens in a new tab),nav,,https://agents.kujolang.ai,0,not probed in crawl,noopener,none
after,https://kujolang.ai/ecosystem/tribunal/,https://docs.kujolang.ai,Docs,nav,,https://docs.kujolang.ai,0,not probed in crawl,,none
after,https://kujolang.ai/ecosystem/tribunal/,https://agents.kujolang.ai,Agents (opens in a new tab),nav,,https://agents.kujolang.ai,0,not probed in crawl,noopener,none
after,https://kujolang.ai/ecosystem/tribunal/,https://docs.kujolang.ai,Docs,nav,,https://docs.kujolang.ai,0,not probed in crawl,,none
after,https://kujolang.ai/ecosystem/tribunal/,https://github.com/kujolang/tribunal,GitHub,aside,,https://github.com/kujolang/tribunal,0,not probed in crawl,noopener,none
after,https://kujolang.ai/ecosystem/tribunal/,https://x.com/kujolang,Kujo on X,nav,,https://x.com/kujolang,0,not probed in crawl,,none
after,https://kujolang.ai/ecosystem/tribunal/,https://github.com/kujolang,Kujo on GitHub,nav,,https://github.com/kujolang,0,not probed in crawl,,none
after,https://kujolang.ai/ecosystem/tribunal/,https://discord.gg/RqDgyb3BX,Kujo on Discord,nav,,https://discord.gg/RqDgyb3BX,0,not probed in crawl,,none
after,https://kujolang.ai/ecosystem/ward/,https://agents.kujolang.ai,Agents (opens in a new tab),nav,,https://agents.kujolang.ai,0,not probed in crawl,noopener,none
after,https://kujolang.ai/ecosystem/ward/,https://docs.kujolang.ai,Docs,nav,,https://docs.kujolang.ai,0,not probed in crawl,,none
after,https://kujolang.ai/ecosystem/ward/,https://agents.kujolang.ai,Agents (opens in a new tab),nav,,https://agents.kujolang.ai,0,not probed in crawl,noopener,none
after,https://kujolang.ai/ecosystem/ward/,https://docs.kujolang.ai,Docs,nav,,https://docs.kujolang.ai,0,not probed in crawl,,none
after,https://kujolang.ai/ecosystem/ward/,https://github.com/robertdevore/ward,GitHub,aside,,https://github.com/robertdevore/ward,0,not probed in crawl,noopener,none
after,https://kujolang.ai/ecosystem/ward/,https://x.com/kujolang,Kujo on X,nav,,https://x.com/kujolang,0,not probed in crawl,,none
after,https://kujolang.ai/ecosystem/ward/,https://github.com/kujolang,Kujo on GitHub,nav,,https://github.com/kujolang,0,not probed in crawl,,none
after,https://kujolang.ai/ecosystem/ward/,https://discord.gg/RqDgyb3BX,Kujo on Discord,nav,,https://discord.gg/RqDgyb3BX,0,not probed in crawl,,none
after,https://kujolang.ai/ecosystem/watchdog/,https://agents.kujolang.ai,Agents (opens in a new tab),nav,,https://agents.kujolang.ai,0,not probed in crawl,noopener,none
after,https://kujolang.ai/ecosystem/watchdog/,https://docs.kujolang.ai,Docs,nav,,https://docs.kujolang.ai,0,not probed in crawl,,none
after,https://kujolang.ai/ecosystem/watchdog/,https://agents.kujolang.ai,Agents (opens in a new tab),nav,,https://agents.kujolang.ai,0,not probed in crawl,noopener,none
after,https://kujolang.ai/ecosystem/watchdog/,https://docs.kujolang.ai,Docs,nav,,https://docs.kujolang.ai,0,not probed in crawl,,none
after,https://kujolang.ai/ecosystem/watchdog/,https://github.com/kujolang/watchdog,GitHub,aside,,https://github.com/kujolang/watchdog,0,not probed in crawl,noopener,none
after,https://kujolang.ai/ecosystem/watchdog/,https://x.com/kujolang,Kujo on X,nav,,https://x.com/kujolang,0,not probed in crawl,,none
after,https://kujolang.ai/ecosystem/watchdog/,https://github.com/kujolang,Kujo on GitHub,nav,,https://github.com/kujolang,0,not probed in crawl,,none
after,https://kujolang.ai/ecosystem/watchdog/,https://discord.gg/RqDgyb3BX,Kujo on Discord,nav,,https://discord.gg/RqDgyb3BX,0,not probed in crawl,,none
after,https://kujolang.ai/ecosystem/workcell/,https://agents.kujolang.ai,Agents (opens in a new tab),nav,,https://agents.kujolang.ai,0,not probed in crawl,noopener,none
after,https://kujolang.ai/ecosystem/workcell/,https://docs.kujolang.ai,Docs,nav,,https://docs.kujolang.ai,0,not probed in crawl,,none
after,https://kujolang.ai/ecosystem/workcell/,https://agents.kujolang.ai,Agents (opens in a new tab),nav,,https://agents.kujolang.ai,0,not probed in crawl,noopener,none
after,https://kujolang.ai/ecosystem/workcell/,https://docs.kujolang.ai,Docs,nav,,https://docs.kujolang.ai,0,not probed in crawl,,none
after,https://kujolang.ai/ecosystem/workcell/,https://github.com/kujolang/workcell,GitHub,aside,,https://github.com/kujolang/workcell,0,not probed in crawl,noopener,none
after,https://kujolang.ai/ecosystem/workcell/,https://x.com/kujolang,Kujo on X,nav,,https://x.com/kujolang,0,not probed in crawl,,none
after,https://kujolang.ai/ecosystem/workcell/,https://github.com/kujolang,Kujo on GitHub,nav,,https://github.com/kujolang,0,not probed in crawl,,none
after,https://kujolang.ai/ecosystem/workcell/,https://discord.gg/RqDgyb3BX,Kujo on Discord,nav,,https://discord.gg/RqDgyb3BX,0,not probed in crawl,,none
after,https://kujolang.ai/ecosystem/workflows/agency-runner/,https://agents.kujolang.ai,Agents (opens in a new tab),nav,,https://agents.kujolang.ai,0,not probed in crawl,noopener,none
after,https://kujolang.ai/ecosystem/workflows/agency-runner/,https://docs.kujolang.ai,Docs,nav,,https://docs.kujolang.ai,0,not probed in crawl,,none
after,https://kujolang.ai/ecosystem/workflows/agency-runner/,https://agents.kujolang.ai,Agents (opens in a new tab),nav,,https://agents.kujolang.ai,0,not probed in crawl,noopener,none
after,https://kujolang.ai/ecosystem/workflows/agency-runner/,https://docs.kujolang.ai,Docs,nav,,https://docs.kujolang.ai,0,not probed in crawl,,none
after,https://kujolang.ai/ecosystem/workflows/agency-runner/,https://github.com/kujolang/kujo-workflows/tree/main/agency-runner,Open the complete agency-runner workflow kit on GitHub,article,,https://github.com/kujolang/kujo-workflows/tree/main/agency-runner,0,not probed in crawl,,none
after,https://kujolang.ai/ecosystem/workflows/agency-runner/,https://github.com/kujolang/kujo-workflows/blob/main/docs/audit/workflow-catalog.json,Browse the released workflow catalog,article,,https://github.com/kujolang/kujo-workflows/blob/main/docs/audit/workflow-catalog.json,0,not probed in crawl,,none
after,https://kujolang.ai/ecosystem/workflows/agency-runner/,https://github.com/kujolang/kujo-workflows/tree/main/agency-runner,GitHub,aside,,https://github.com/kujolang/kujo-workflows/tree/main/agency-runner,0,not probed in crawl,noopener,none
after,https://kujolang.ai/ecosystem/workflows/agency-runner/,https://x.com/kujolang,Kujo on X,nav,,https://x.com/kujolang,0,not probed in crawl,,none
after,https://kujolang.ai/ecosystem/workflows/agency-runner/,https://github.com/kujolang,Kujo on GitHub,nav,,https://github.com/kujolang,0,not probed in crawl,,none
after,https://kujolang.ai/ecosystem/workflows/agency-runner/,https://discord.gg/RqDgyb3BX,Kujo on Discord,nav,,https://discord.gg/RqDgyb3BX,0,not probed in crawl,,none
after,https://kujolang.ai/ecosystem/workflows/agency-verified-fix-loop/,https://agents.kujolang.ai,Agents (opens in a new tab),nav,,https://agents.kujolang.ai,0,not probed in crawl,noopener,none
after,https://kujolang.ai/ecosystem/workflows/agency-verified-fix-loop/,https://docs.kujolang.ai,Docs,nav,,https://docs.kujolang.ai,0,not probed in crawl,,none
after,https://kujolang.ai/ecosystem/workflows/agency-verified-fix-loop/,https://agents.kujolang.ai,Agents (opens in a new tab),nav,,https://agents.kujolang.ai,0,not probed in crawl,noopener,none
after,https://kujolang.ai/ecosystem/workflows/agency-verified-fix-loop/,https://docs.kujolang.ai,Docs,nav,,https://docs.kujolang.ai,0,not probed in crawl,,none
after,https://kujolang.ai/ecosystem/workflows/agency-verified-fix-loop/,https://github.com/kujolang/kujo-workflows/tree/main/agency-verified-fix-loop,Open the complete agency-verified-fix-loop workflow kit on GitHub,article,,https://github.com/kujolang/kujo-workflows/tree/main/agency-verified-fix-loop,0,not probed in crawl,,none
after,https://kujolang.ai/ecosystem/workflows/agency-verified-fix-loop/,https://github.com/kujolang/kujo-workflows/blob/main/docs/audit/workflow-catalog.json,Browse the released workflow catalog,article,,https://github.com/kujolang/kujo-workflows/blob/main/docs/audit/workflow-catalog.json,0,not probed in crawl,,none
after,https://kujolang.ai/ecosystem/workflows/agency-verified-fix-loop/,https://github.com/kujolang/kujo-workflows/tree/main/agency-verified-fix-loop,GitHub,aside,,https://github.com/kujolang/kujo-workflows/tree/main/agency-verified-fix-loop,0,not probed in crawl,noopener,none
after,https://kujolang.ai/ecosystem/workflows/agency-verified-fix-loop/,https://x.com/kujolang,Kujo on X,nav,,https://x.com/kujolang,0,not probed in crawl,,none
after,https://kujolang.ai/ecosystem/workflows/agency-verified-fix-loop/,https://github.com/kujolang,Kujo on GitHub,nav,,https://github.com/kujolang,0,not probed in crawl,,none
after,https://kujolang.ai/ecosystem/workflows/agency-verified-fix-loop/,https://discord.gg/RqDgyb3BX,Kujo on Discord,nav,,https://discord.gg/RqDgyb3BX,0,not probed in crawl,,none
after,https://kujolang.ai/ecosystem/workflows/ai-sdk-muzzle-benchmark/,https://agents.kujolang.ai,Agents (opens in a new tab),nav,,https://agents.kujolang.ai,0,not probed in crawl,noopener,none
after,https://kujolang.ai/ecosystem/workflows/ai-sdk-muzzle-benchmark/,https://docs.kujolang.ai,Docs,nav,,https://docs.kujolang.ai,0,not probed in crawl,,none
after,https://kujolang.ai/ecosystem/workflows/ai-sdk-muzzle-benchmark/,https://agents.kujolang.ai,Agents (opens in a new tab),nav,,https://agents.kujolang.ai,0,not probed in crawl,noopener,none
after,https://kujolang.ai/ecosystem/workflows/ai-sdk-muzzle-benchmark/,https://docs.kujolang.ai,Docs,nav,,https://docs.kujolang.ai,0,not probed in crawl,,none
after,https://kujolang.ai/ecosystem/workflows/ai-sdk-muzzle-benchmark/,https://github.com/kujolang/kujo-workflows/tree/main/ai-sdk-muzzle-benchmark,Open the complete ai-sdk-muzzle-benchmark workflow kit on GitHub,article,,https://github.com/kujolang/kujo-workflows/tree/main/ai-sdk-muzzle-benchmark,0,not probed in crawl,,none
after,https://kujolang.ai/ecosystem/workflows/ai-sdk-muzzle-benchmark/,https://github.com/kujolang/kujo-workflows/blob/main/docs/audit/workflow-catalog.json,Browse the released workflow catalog,article,,https://github.com/kujolang/kujo-workflows/blob/main/docs/audit/workflow-catalog.json,0,not probed in crawl,,none
after,https://kujolang.ai/ecosystem/workflows/ai-sdk-muzzle-benchmark/,https://github.com/kujolang/kujo-workflows/tree/main/ai-sdk-muzzle-benchmark,GitHub,aside,,https://github.com/kujolang/kujo-workflows/tree/main/ai-sdk-muzzle-benchmark,0,not probed in crawl,noopener,none
after,https://kujolang.ai/ecosystem/workflows/ai-sdk-muzzle-benchmark/,https://x.com/kujolang,Kujo on X,nav,,https://x.com/kujolang,0,not probed in crawl,,none
after,https://kujolang.ai/ecosystem/workflows/ai-sdk-muzzle-benchmark/,https://github.com/kujolang,Kujo on GitHub,nav,,https://github.com/kujolang,0,not probed in crawl,,none
after,https://kujolang.ai/ecosystem/workflows/ai-sdk-muzzle-benchmark/,https://discord.gg/RqDgyb3BX,Kujo on Discord,nav,,https://discord.gg/RqDgyb3BX,0,not probed in crawl,,none
after,https://kujolang.ai/ecosystem/workflows/ai-sdk-watchdog-showcase/,https://agents.kujolang.ai,Agents (opens in a new tab),nav,,https://agents.kujolang.ai,0,not probed in crawl,noopener,none
after,https://kujolang.ai/ecosystem/workflows/ai-sdk-watchdog-showcase/,https://docs.kujolang.ai,Docs,nav,,https://docs.kujolang.ai,0,not probed in crawl,,none
after,https://kujolang.ai/ecosystem/workflows/ai-sdk-watchdog-showcase/,https://agents.kujolang.ai,Agents (opens in a new tab),nav,,https://agents.kujolang.ai,0,not probed in crawl,noopener,none
after,https://kujolang.ai/ecosystem/workflows/ai-sdk-watchdog-showcase/,https://docs.kujolang.ai,Docs,nav,,https://docs.kujolang.ai,0,not probed in crawl,,none
after,https://kujolang.ai/ecosystem/workflows/ai-sdk-watchdog-showcase/,https://github.com/kujolang/kujo-workflows/tree/main/ai-sdk-watchdog-showcase,Open the complete ai-sdk-watchdog-showcase workflow kit on GitHub,article,,https://github.com/kujolang/kujo-workflows/tree/main/ai-sdk-watchdog-showcase,0,not probed in crawl,,none
after,https://kujolang.ai/ecosystem/workflows/ai-sdk-watchdog-showcase/,https://github.com/kujolang/kujo-workflows/blob/main/docs/audit/workflow-catalog.json,Browse the released workflow catalog,article,,https://github.com/kujolang/kujo-workflows/blob/main/docs/audit/workflow-catalog.json,0,not probed in crawl,,none
after,https://kujolang.ai/ecosystem/workflows/ai-sdk-watchdog-showcase/,https://github.com/kujolang/kujo-workflows/tree/main/ai-sdk-watchdog-showcase,GitHub,aside,,https://github.com/kujolang/kujo-workflows/tree/main/ai-sdk-watchdog-showcase,0,not probed in crawl,noopener,none
after,https://kujolang.ai/ecosystem/workflows/ai-sdk-watchdog-showcase/,https://x.com/kujolang,Kujo on X,nav,,https://x.com/kujolang,0,not probed in crawl,,none
after,https://kujolang.ai/ecosystem/workflows/ai-sdk-watchdog-showcase/,https://github.com/kujolang,Kujo on GitHub,nav,,https://github.com/kujolang,0,not probed in crawl,,none
after,https://kujolang.ai/ecosystem/workflows/ai-sdk-watchdog-showcase/,https://discord.gg/RqDgyb3BX,Kujo on Discord,nav,,https://discord.gg/RqDgyb3BX,0,not probed in crawl,,none
after,https://kujolang.ai/ecosystem/workflows/casefile-incident-evidence-packet/,https://agents.kujolang.ai,Agents (opens in a new tab),nav,,https://agents.kujolang.ai,0,not probed in crawl,noopener,none
after,https://kujolang.ai/ecosystem/workflows/casefile-incident-evidence-packet/,https://docs.kujolang.ai,Docs,nav,,https://docs.kujolang.ai,0,not probed in crawl,,none
after,https://kujolang.ai/ecosystem/workflows/casefile-incident-evidence-packet/,https://agents.kujolang.ai,Agents (opens in a new tab),nav,,https://agents.kujolang.ai,0,not probed in crawl,noopener,none
after,https://kujolang.ai/ecosystem/workflows/casefile-incident-evidence-packet/,https://docs.kujolang.ai,Docs,nav,,https://docs.kujolang.ai,0,not probed in crawl,,none
after,https://kujolang.ai/ecosystem/workflows/casefile-incident-evidence-packet/,https://github.com/kujolang/kujo-workflows/tree/main/casefile-incident-evidence-packet,Open the complete casefile-incident-evidence-packet workflow kit on GitHub,article,,https://github.com/kujolang/kujo-workflows/tree/main/casefile-incident-evidence-packet,0,not probed in crawl,,none
after,https://kujolang.ai/ecosystem/workflows/casefile-incident-evidence-packet/,https://github.com/kujolang/kujo-workflows/blob/main/docs/audit/workflow-catalog.json,Browse the released workflow catalog,article,,https://github.com/kujolang/kujo-workflows/blob/main/docs/audit/workflow-catalog.json,0,not probed in crawl,,none
after,https://kujolang.ai/ecosystem/workflows/casefile-incident-evidence-packet/,https://github.com/kujolang/kujo-workflows/tree/main/casefile-incident-evidence-packet,GitHub,aside,,https://github.com/kujolang/kujo-workflows/tree/main/casefile-incident-evidence-packet,0,not probed in crawl,noopener,none
after,https://kujolang.ai/ecosystem/workflows/casefile-incident-evidence-packet/,https://x.com/kujolang,Kujo on X,nav,,https://x.com/kujolang,0,not probed in crawl,,none
after,https://kujolang.ai/ecosystem/workflows/casefile-incident-evidence-packet/,https://github.com/kujolang,Kujo on GitHub,nav,,https://github.com/kujolang,0,not probed in crawl,,none
after,https://kujolang.ai/ecosystem/workflows/casefile-incident-evidence-packet/,https://discord.gg/RqDgyb3BX,Kujo on Discord,nav,,https://discord.gg/RqDgyb3BX,0,not probed in crawl,,none
after,https://kujolang.ai/ecosystem/workflows/codebase-cleanup/,https://agents.kujolang.ai,Agents (opens in a new tab),nav,,https://agents.kujolang.ai,0,not probed in crawl,noopener,none
after,https://kujolang.ai/ecosystem/workflows/codebase-cleanup/,https://docs.kujolang.ai,Docs,nav,,https://docs.kujolang.ai,0,not probed in crawl,,none
after,https://kujolang.ai/ecosystem/workflows/codebase-cleanup/,https://agents.kujolang.ai,Agents (opens in a new tab),nav,,https://agents.kujolang.ai,0,not probed in crawl,noopener,none
after,https://kujolang.ai/ecosystem/workflows/codebase-cleanup/,https://docs.kujolang.ai,Docs,nav,,https://docs.kujolang.ai,0,not probed in crawl,,none
after,https://kujolang.ai/ecosystem/workflows/codebase-cleanup/,https://github.com/kujolang/kujo-workflows/tree/main/codebase-cleanup,Open the complete codebase-cleanup workflow kit on GitHub,article,,https://github.com/kujolang/kujo-workflows/tree/main/codebase-cleanup,0,not probed in crawl,,none
after,https://kujolang.ai/ecosystem/workflows/codebase-cleanup/,https://github.com/kujolang/kujo-workflows/blob/main/docs/audit/workflow-catalog.json,Browse the released workflow catalog,article,,https://github.com/kujolang/kujo-workflows/blob/main/docs/audit/workflow-catalog.json,0,not probed in crawl,,none
after,https://kujolang.ai/ecosystem/workflows/codebase-cleanup/,https://github.com/kujolang/kujo-workflows/tree/main/codebase-cleanup,GitHub,aside,,https://github.com/kujolang/kujo-workflows/tree/main/codebase-cleanup,0,not probed in crawl,noopener,none
after,https://kujolang.ai/ecosystem/workflows/codebase-cleanup/,https://x.com/kujolang,Kujo on X,nav,,https://x.com/kujolang,0,not probed in crawl,,none
after,https://kujolang.ai/ecosystem/workflows/codebase-cleanup/,https://github.com/kujolang,Kujo on GitHub,nav,,https://github.com/kujolang,0,not probed in crawl,,none
after,https://kujolang.ai/ecosystem/workflows/codebase-cleanup/,https://discord.gg/RqDgyb3BX,Kujo on Discord,nav,,https://discord.gg/RqDgyb3BX,0,not probed in crawl,,none
after,https://kujolang.ai/ecosystem/workflows/docsgen-repo-contract-runner/,https://agents.kujolang.ai,Agents (opens in a new tab),nav,,https://agents.kujolang.ai,0,not probed in crawl,noopener,none
after,https://kujolang.ai/ecosystem/workflows/docsgen-repo-contract-runner/,https://docs.kujolang.ai,Docs,nav,,https://docs.kujolang.ai,0,not probed in crawl,,none
after,https://kujolang.ai/ecosystem/workflows/docsgen-repo-contract-runner/,https://agents.kujolang.ai,Agents (opens in a new tab),nav,,https://agents.kujolang.ai,0,not probed in crawl,noopener,none
after,https://kujolang.ai/ecosystem/workflows/docsgen-repo-contract-runner/,https://docs.kujolang.ai,Docs,nav,,https://docs.kujolang.ai,0,not probed in crawl,,none
after,https://kujolang.ai/ecosystem/workflows/docsgen-repo-contract-runner/,https://github.com/kujolang/kujo-workflows/tree/main/docsgen-repo-contract-runner,Open the complete docsgen-repo-contract-runner workflow kit on GitHub,article,,https://github.com/kujolang/kujo-workflows/tree/main/docsgen-repo-contract-runner,0,not probed in crawl,,none
after,https://kujolang.ai/ecosystem/workflows/docsgen-repo-contract-runner/,https://github.com/kujolang/kujo-workflows/blob/main/docs/audit/workflow-catalog.json,Browse the released workflow catalog,article,,https://github.com/kujolang/kujo-workflows/blob/main/docs/audit/workflow-catalog.json,0,not probed in crawl,,none
after,https://kujolang.ai/ecosystem/workflows/docsgen-repo-contract-runner/,https://github.com/kujolang/kujo-workflows/tree/main/docsgen-repo-contract-runner,GitHub,aside,,https://github.com/kujolang/kujo-workflows/tree/main/docsgen-repo-contract-runner,0,not probed in crawl,noopener,none
after,https://kujolang.ai/ecosystem/workflows/docsgen-repo-contract-runner/,https://x.com/kujolang,Kujo on X,nav,,https://x.com/kujolang,0,not probed in crawl,,none
after,https://kujolang.ai/ecosystem/workflows/docsgen-repo-contract-runner/,https://github.com/kujolang,Kujo on GitHub,nav,,https://github.com/kujolang,0,not probed in crawl,,none
after,https://kujolang.ai/ecosystem/workflows/docsgen-repo-contract-runner/,https://discord.gg/RqDgyb3BX,Kujo on Discord,nav,,https://discord.gg/RqDgyb3BX,0,not probed in crawl,,none
after,https://kujolang.ai/ecosystem/workflows/enterprise-dispatch-approval-router/,https://agents.kujolang.ai,Agents (opens in a new tab),nav,,https://agents.kujolang.ai,0,not probed in crawl,noopener,none
after,https://kujolang.ai/ecosystem/workflows/enterprise-dispatch-approval-router/,https://docs.kujolang.ai,Docs,nav,,https://docs.kujolang.ai,0,not probed in crawl,,none
after,https://kujolang.ai/ecosystem/workflows/enterprise-dispatch-approval-router/,https://agents.kujolang.ai,Agents (opens in a new tab),nav,,https://agents.kujolang.ai,0,not probed in crawl,noopener,none
after,https://kujolang.ai/ecosystem/workflows/enterprise-dispatch-approval-router/,https://docs.kujolang.ai,Docs,nav,,https://docs.kujolang.ai,0,not probed in crawl,,none
after,https://kujolang.ai/ecosystem/workflows/enterprise-dispatch-approval-router/,https://github.com/kujolang/kujo-workflows/tree/main/enterprise-dispatch-approval-router,Open the complete enterprise-dispatch-approval-router workflow kit on GitHub,article,,https://github.com/kujolang/kujo-workflows/tree/main/enterprise-dispatch-approval-router,0,not probed in crawl,,none
after,https://kujolang.ai/ecosystem/workflows/enterprise-dispatch-approval-router/,https://github.com/kujolang/kujo-workflows/blob/main/docs/audit/workflow-catalog.json,Browse the released workflow catalog,article,,https://github.com/kujolang/kujo-workflows/blob/main/docs/audit/workflow-catalog.json,0,not probed in crawl,,none
after,https://kujolang.ai/ecosystem/workflows/enterprise-dispatch-approval-router/,https://github.com/kujolang/kujo-workflows/tree/main/enterprise-dispatch-approval-router,GitHub,aside,,https://github.com/kujolang/kujo-workflows/tree/main/enterprise-dispatch-approval-router,0,not probed in crawl,noopener,none
after,https://kujolang.ai/ecosystem/workflows/enterprise-dispatch-approval-router/,https://x.com/kujolang,Kujo on X,nav,,https://x.com/kujolang,0,not probed in crawl,,none
after,https://kujolang.ai/ecosystem/workflows/enterprise-dispatch-approval-router/,https://github.com/kujolang,Kujo on GitHub,nav,,https://github.com/kujolang,0,not probed in crawl,,none
after,https://kujolang.ai/ecosystem/workflows/enterprise-dispatch-approval-router/,https://discord.gg/RqDgyb3BX,Kujo on Discord,nav,,https://discord.gg/RqDgyb3BX,0,not probed in crawl,,none
after,https://kujolang.ai/ecosystem/workflows/feature-card-workflow/,https://agents.kujolang.ai,Agents (opens in a new tab),nav,,https://agents.kujolang.ai,0,not probed in crawl,noopener,none
after,https://kujolang.ai/ecosystem/workflows/feature-card-workflow/,https://docs.kujolang.ai,Docs,nav,,https://docs.kujolang.ai,0,not probed in crawl,,none
after,https://kujolang.ai/ecosystem/workflows/feature-card-workflow/,https://agents.kujolang.ai,Agents (opens in a new tab),nav,,https://agents.kujolang.ai,0,not probed in crawl,noopener,none
after,https://kujolang.ai/ecosystem/workflows/feature-card-workflow/,https://docs.kujolang.ai,Docs,nav,,https://docs.kujolang.ai,0,not probed in crawl,,none
after,https://kujolang.ai/ecosystem/workflows/feature-card-workflow/,https://github.com/kujolang/kujo-workflows/tree/main/feature-card-workflow,Open the complete feature-card-workflow workflow kit on GitHub,article,,https://github.com/kujolang/kujo-workflows/tree/main/feature-card-workflow,0,not probed in crawl,,none
after,https://kujolang.ai/ecosystem/workflows/feature-card-workflow/,https://github.com/kujolang/kujo-workflows/blob/main/docs/audit/workflow-catalog.json,Browse the released workflow catalog,article,,https://github.com/kujolang/kujo-workflows/blob/main/docs/audit/workflow-catalog.json,0,not probed in crawl,,none
after,https://kujolang.ai/ecosystem/workflows/feature-card-workflow/,https://github.com/kujolang/kujo-workflows/tree/main/feature-card-workflow,GitHub,aside,,https://github.com/kujolang/kujo-workflows/tree/main/feature-card-workflow,0,not probed in crawl,noopener,none
after,https://kujolang.ai/ecosystem/workflows/feature-card-workflow/,https://x.com/kujolang,Kujo on X,nav,,https://x.com/kujolang,0,not probed in crawl,,none
after,https://kujolang.ai/ecosystem/workflows/feature-card-workflow/,https://github.com/kujolang,Kujo on GitHub,nav,,https://github.com/kujolang,0,not probed in crawl,,none
after,https://kujolang.ai/ecosystem/workflows/feature-card-workflow/,https://discord.gg/RqDgyb3BX,Kujo on Discord,nav,,https://discord.gg/RqDgyb3BX,0,not probed in crawl,,none
after,https://kujolang.ai/ecosystem/workflows/howl-content-factory/,https://agents.kujolang.ai,Agents (opens in a new tab),nav,,https://agents.kujolang.ai,0,not probed in crawl,noopener,none
after,https://kujolang.ai/ecosystem/workflows/howl-content-factory/,https://docs.kujolang.ai,Docs,nav,,https://docs.kujolang.ai,0,not probed in crawl,,none
after,https://kujolang.ai/ecosystem/workflows/howl-content-factory/,https://agents.kujolang.ai,Agents (opens in a new tab),nav,,https://agents.kujolang.ai,0,not probed in crawl,noopener,none
after,https://kujolang.ai/ecosystem/workflows/howl-content-factory/,https://docs.kujolang.ai,Docs,nav,,https://docs.kujolang.ai,0,not probed in crawl,,none
after,https://kujolang.ai/ecosystem/workflows/howl-content-factory/,https://github.com/kujolang/kujo-workflows/tree/main/howl-content-factory,Open the complete howl-content-factory workflow kit on GitHub,article,,https://github.com/kujolang/kujo-workflows/tree/main/howl-content-factory,0,not probed in crawl,,none
after,https://kujolang.ai/ecosystem/workflows/howl-content-factory/,https://github.com/kujolang/kujo-workflows/blob/main/docs/audit/workflow-catalog.json,Browse the released workflow catalog,article,,https://github.com/kujolang/kujo-workflows/blob/main/docs/audit/workflow-catalog.json,0,not probed in crawl,,none
after,https://kujolang.ai/ecosystem/workflows/howl-content-factory/,https://github.com/kujolang/kujo-workflows/tree/main/howl-content-factory,GitHub,aside,,https://github.com/kujolang/kujo-workflows/tree/main/howl-content-factory,0,not probed in crawl,noopener,none
after,https://kujolang.ai/ecosystem/workflows/howl-content-factory/,https://x.com/kujolang,Kujo on X,nav,,https://x.com/kujolang,0,not probed in crawl,,none
after,https://kujolang.ai/ecosystem/workflows/howl-content-factory/,https://github.com/kujolang,Kujo on GitHub,nav,,https://github.com/kujolang,0,not probed in crawl,,none
after,https://kujolang.ai/ecosystem/workflows/howl-content-factory/,https://discord.gg/RqDgyb3BX,Kujo on Discord,nav,,https://discord.gg/RqDgyb3BX,0,not probed in crawl,,none
after,https://kujolang.ai/ecosystem/workflows/,https://agents.kujolang.ai,Agents (opens in a new tab),nav,,https://agents.kujolang.ai,0,not probed in crawl,noopener,none
after,https://kujolang.ai/ecosystem/workflows/,https://docs.kujolang.ai,Docs,nav,,https://docs.kujolang.ai,0,not probed in crawl,,none
after,https://kujolang.ai/ecosystem/workflows/,https://agents.kujolang.ai,Agents (opens in a new tab),nav,,https://agents.kujolang.ai,0,not probed in crawl,noopener,none
after,https://kujolang.ai/ecosystem/workflows/,https://docs.kujolang.ai,Docs,nav,,https://docs.kujolang.ai,0,not probed in crawl,,none
after,https://kujolang.ai/ecosystem/workflows/,https://github.com/kujolang/kujo-workflows,View repository,header,,https://github.com/kujolang/kujo-workflows,0,not probed in crawl,noopener,none
after,https://kujolang.ai/ecosystem/workflows/,https://x.com/kujolang,Kujo on X,nav,,https://x.com/kujolang,0,not probed in crawl,,none
after,https://kujolang.ai/ecosystem/workflows/,https://github.com/kujolang,Kujo on GitHub,nav,,https://github.com/kujolang,0,not probed in crawl,,none
after,https://kujolang.ai/ecosystem/workflows/,https://discord.gg/RqDgyb3BX,Kujo on Discord,nav,,https://discord.gg/RqDgyb3BX,0,not probed in crawl,,none
after,https://kujolang.ai/ecosystem/workflows/loop-engineering/,https://agents.kujolang.ai,Agents (opens in a new tab),nav,,https://agents.kujolang.ai,0,not probed in crawl,noopener,none
after,https://kujolang.ai/ecosystem/workflows/loop-engineering/,https://docs.kujolang.ai,Docs,nav,,https://docs.kujolang.ai,0,not probed in crawl,,none
after,https://kujolang.ai/ecosystem/workflows/loop-engineering/,https://agents.kujolang.ai,Agents (opens in a new tab),nav,,https://agents.kujolang.ai,0,not probed in crawl,noopener,none
after,https://kujolang.ai/ecosystem/workflows/loop-engineering/,https://docs.kujolang.ai,Docs,nav,,https://docs.kujolang.ai,0,not probed in crawl,,none
after,https://kujolang.ai/ecosystem/workflows/loop-engineering/,https://github.com/kujolang/kujo-workflows/tree/main/loop-engineering,Open the complete loop-engineering workflow kit on GitHub,article,,https://github.com/kujolang/kujo-workflows/tree/main/loop-engineering,0,not probed in crawl,,none
after,https://kujolang.ai/ecosystem/workflows/loop-engineering/,https://github.com/kujolang/kujo-workflows/blob/main/docs/audit/workflow-catalog.json,Browse the released workflow catalog,article,,https://github.com/kujolang/kujo-workflows/blob/main/docs/audit/workflow-catalog.json,0,not probed in crawl,,none
after,https://kujolang.ai/ecosystem/workflows/loop-engineering/,https://github.com/kujolang/kujo-workflows/tree/main/loop-engineering,GitHub,aside,,https://github.com/kujolang/kujo-workflows/tree/main/loop-engineering,0,not probed in crawl,noopener,none
after,https://kujolang.ai/ecosystem/workflows/loop-engineering/,https://x.com/kujolang,Kujo on X,nav,,https://x.com/kujolang,0,not probed in crawl,,none
after,https://kujolang.ai/ecosystem/workflows/loop-engineering/,https://github.com/kujolang,Kujo on GitHub,nav,,https://github.com/kujolang,0,not probed in crawl,,none
after,https://kujolang.ai/ecosystem/workflows/loop-engineering/,https://discord.gg/RqDgyb3BX,Kujo on Discord,nav,,https://discord.gg/RqDgyb3BX,0,not probed in crawl,,none
after,https://kujolang.ai/ecosystem/workflows/mcp-agent-gateway-review/,https://agents.kujolang.ai,Agents (opens in a new tab),nav,,https://agents.kujolang.ai,0,not probed in crawl,noopener,none
after,https://kujolang.ai/ecosystem/workflows/mcp-agent-gateway-review/,https://docs.kujolang.ai,Docs,nav,,https://docs.kujolang.ai,0,not probed in crawl,,none
after,https://kujolang.ai/ecosystem/workflows/mcp-agent-gateway-review/,https://agents.kujolang.ai,Agents (opens in a new tab),nav,,https://agents.kujolang.ai,0,not probed in crawl,noopener,none
after,https://kujolang.ai/ecosystem/workflows/mcp-agent-gateway-review/,https://docs.kujolang.ai,Docs,nav,,https://docs.kujolang.ai,0,not probed in crawl,,none
after,https://kujolang.ai/ecosystem/workflows/mcp-agent-gateway-review/,https://github.com/kujolang/kujo-workflows/tree/main/mcp-agent-gateway-review,Open the complete mcp-agent-gateway-review workflow kit on GitHub,article,,https://github.com/kujolang/kujo-workflows/tree/main/mcp-agent-gateway-review,0,not probed in crawl,,none
after,https://kujolang.ai/ecosystem/workflows/mcp-agent-gateway-review/,https://github.com/kujolang/kujo-workflows/blob/main/docs/audit/workflow-catalog.json,Browse the released workflow catalog,article,,https://github.com/kujolang/kujo-workflows/blob/main/docs/audit/workflow-catalog.json,0,not probed in crawl,,none
after,https://kujolang.ai/ecosystem/workflows/mcp-agent-gateway-review/,https://github.com/kujolang/kujo-workflows/tree/main/mcp-agent-gateway-review,GitHub,aside,,https://github.com/kujolang/kujo-workflows/tree/main/mcp-agent-gateway-review,0,not probed in crawl,noopener,none
after,https://kujolang.ai/ecosystem/workflows/mcp-agent-gateway-review/,https://x.com/kujolang,Kujo on X,nav,,https://x.com/kujolang,0,not probed in crawl,,none
after,https://kujolang.ai/ecosystem/workflows/mcp-agent-gateway-review/,https://github.com/kujolang,Kujo on GitHub,nav,,https://github.com/kujolang,0,not probed in crawl,,none
after,https://kujolang.ai/ecosystem/workflows/mcp-agent-gateway-review/,https://discord.gg/RqDgyb3BX,Kujo on Discord,nav,,https://discord.gg/RqDgyb3BX,0,not probed in crawl,,none
after,https://kujolang.ai/ecosystem/workflows/rag-enterprise-knowledge-gate/,https://agents.kujolang.ai,Agents (opens in a new tab),nav,,https://agents.kujolang.ai,0,not probed in crawl,noopener,none
after,https://kujolang.ai/ecosystem/workflows/rag-enterprise-knowledge-gate/,https://docs.kujolang.ai,Docs,nav,,https://docs.kujolang.ai,0,not probed in crawl,,none
after,https://kujolang.ai/ecosystem/workflows/rag-enterprise-knowledge-gate/,https://agents.kujolang.ai,Agents (opens in a new tab),nav,,https://agents.kujolang.ai,0,not probed in crawl,noopener,none
after,https://kujolang.ai/ecosystem/workflows/rag-enterprise-knowledge-gate/,https://docs.kujolang.ai,Docs,nav,,https://docs.kujolang.ai,0,not probed in crawl,,none
after,https://kujolang.ai/ecosystem/workflows/rag-enterprise-knowledge-gate/,https://github.com/kujolang/kujo-workflows/tree/main/rag-enterprise-knowledge-gate,Open the complete rag-enterprise-knowledge-gate workflow kit on GitHub,article,,https://github.com/kujolang/kujo-workflows/tree/main/rag-enterprise-knowledge-gate,0,not probed in crawl,,none
after,https://kujolang.ai/ecosystem/workflows/rag-enterprise-knowledge-gate/,https://github.com/kujolang/kujo-workflows/blob/main/docs/audit/workflow-catalog.json,Browse the released workflow catalog,article,,https://github.com/kujolang/kujo-workflows/blob/main/docs/audit/workflow-catalog.json,0,not probed in crawl,,none
after,https://kujolang.ai/ecosystem/workflows/rag-enterprise-knowledge-gate/,https://github.com/kujolang/kujo-workflows/tree/main/rag-enterprise-knowledge-gate,GitHub,aside,,https://github.com/kujolang/kujo-workflows/tree/main/rag-enterprise-knowledge-gate,0,not probed in crawl,noopener,none
after,https://kujolang.ai/ecosystem/workflows/rag-enterprise-knowledge-gate/,https://x.com/kujolang,Kujo on X,nav,,https://x.com/kujolang,0,not probed in crawl,,none
after,https://kujolang.ai/ecosystem/workflows/rag-enterprise-knowledge-gate/,https://github.com/kujolang,Kujo on GitHub,nav,,https://github.com/kujolang,0,not probed in crawl,,none
after,https://kujolang.ai/ecosystem/workflows/rag-enterprise-knowledge-gate/,https://discord.gg/RqDgyb3BX,Kujo on Discord,nav,,https://discord.gg/RqDgyb3BX,0,not probed in crawl,,none
after,https://kujolang.ai/ecosystem/workflows/relay-lifecycle-handoff/,https://agents.kujolang.ai,Agents (opens in a new tab),nav,,https://agents.kujolang.ai,0,not probed in crawl,noopener,none
after,https://kujolang.ai/ecosystem/workflows/relay-lifecycle-handoff/,https://docs.kujolang.ai,Docs,nav,,https://docs.kujolang.ai,0,not probed in crawl,,none
after,https://kujolang.ai/ecosystem/workflows/relay-lifecycle-handoff/,https://agents.kujolang.ai,Agents (opens in a new tab),nav,,https://agents.kujolang.ai,0,not probed in crawl,noopener,none
after,https://kujolang.ai/ecosystem/workflows/relay-lifecycle-handoff/,https://docs.kujolang.ai,Docs,nav,,https://docs.kujolang.ai,0,not probed in crawl,,none
after,https://kujolang.ai/ecosystem/workflows/relay-lifecycle-handoff/,https://github.com/kujolang/kujo-workflows/tree/main/relay-lifecycle-handoff,Open the complete relay-lifecycle-handoff workflow kit on GitHub,article,,https://github.com/kujolang/kujo-workflows/tree/main/relay-lifecycle-handoff,0,not probed in crawl,,none
after,https://kujolang.ai/ecosystem/workflows/relay-lifecycle-handoff/,https://github.com/kujolang/kujo-workflows/blob/main/docs/audit/workflow-catalog.json,Browse the released workflow catalog,article,,https://github.com/kujolang/kujo-workflows/blob/main/docs/audit/workflow-catalog.json,0,not probed in crawl,,none
after,https://kujolang.ai/ecosystem/workflows/relay-lifecycle-handoff/,https://github.com/kujolang/kujo-workflows/tree/main/relay-lifecycle-handoff,GitHub,aside,,https://github.com/kujolang/kujo-workflows/tree/main/relay-lifecycle-handoff,0,not probed in crawl,noopener,none
after,https://kujolang.ai/ecosystem/workflows/relay-lifecycle-handoff/,https://x.com/kujolang,Kujo on X,nav,,https://x.com/kujolang,0,not probed in crawl,,none
after,https://kujolang.ai/ecosystem/workflows/relay-lifecycle-handoff/,https://github.com/kujolang,Kujo on GitHub,nav,,https://github.com/kujolang,0,not probed in crawl,,none
after,https://kujolang.ai/ecosystem/workflows/relay-lifecycle-handoff/,https://discord.gg/RqDgyb3BX,Kujo on Discord,nav,,https://discord.gg/RqDgyb3BX,0,not probed in crawl,,none
after,https://kujolang.ai/ecosystem/workflows/tribunal-decision-gate/,https://agents.kujolang.ai,Agents (opens in a new tab),nav,,https://agents.kujolang.ai,0,not probed in crawl,noopener,none
after,https://kujolang.ai/ecosystem/workflows/tribunal-decision-gate/,https://docs.kujolang.ai,Docs,nav,,https://docs.kujolang.ai,0,not probed in crawl,,none
after,https://kujolang.ai/ecosystem/workflows/tribunal-decision-gate/,https://agents.kujolang.ai,Agents (opens in a new tab),nav,,https://agents.kujolang.ai,0,not probed in crawl,noopener,none
after,https://kujolang.ai/ecosystem/workflows/tribunal-decision-gate/,https://docs.kujolang.ai,Docs,nav,,https://docs.kujolang.ai,0,not probed in crawl,,none
after,https://kujolang.ai/ecosystem/workflows/tribunal-decision-gate/,https://github.com/kujolang/kujo-workflows/tree/main/tribunal-decision-gate,Open the complete tribunal-decision-gate workflow kit on GitHub,article,,https://github.com/kujolang/kujo-workflows/tree/main/tribunal-decision-gate,0,not probed in crawl,,none
after,https://kujolang.ai/ecosystem/workflows/tribunal-decision-gate/,https://github.com/kujolang/kujo-workflows/blob/main/docs/audit/workflow-catalog.json,Browse the released workflow catalog,article,,https://github.com/kujolang/kujo-workflows/blob/main/docs/audit/workflow-catalog.json,0,not probed in crawl,,none
after,https://kujolang.ai/ecosystem/workflows/tribunal-decision-gate/,https://github.com/kujolang/kujo-workflows/tree/main/tribunal-decision-gate,GitHub,aside,,https://github.com/kujolang/kujo-workflows/tree/main/tribunal-decision-gate,0,not probed in crawl,noopener,none
after,https://kujolang.ai/ecosystem/workflows/tribunal-decision-gate/,https://x.com/kujolang,Kujo on X,nav,,https://x.com/kujolang,0,not probed in crawl,,none
after,https://kujolang.ai/ecosystem/workflows/tribunal-decision-gate/,https://github.com/kujolang,Kujo on GitHub,nav,,https://github.com/kujolang,0,not probed in crawl,,none
after,https://kujolang.ai/ecosystem/workflows/tribunal-decision-gate/,https://discord.gg/RqDgyb3BX,Kujo on Discord,nav,,https://discord.gg/RqDgyb3BX,0,not probed in crawl,,none
after,https://kujolang.ai/ecosystem/workflows/webops-ai-visibility-benchmark/,https://agents.kujolang.ai,Agents (opens in a new tab),nav,,https://agents.kujolang.ai,0,not probed in crawl,noopener,none
after,https://kujolang.ai/ecosystem/workflows/webops-ai-visibility-benchmark/,https://docs.kujolang.ai,Docs,nav,,https://docs.kujolang.ai,0,not probed in crawl,,none
after,https://kujolang.ai/ecosystem/workflows/webops-ai-visibility-benchmark/,https://agents.kujolang.ai,Agents (opens in a new tab),nav,,https://agents.kujolang.ai,0,not probed in crawl,noopener,none
after,https://kujolang.ai/ecosystem/workflows/webops-ai-visibility-benchmark/,https://docs.kujolang.ai,Docs,nav,,https://docs.kujolang.ai,0,not probed in crawl,,none
after,https://kujolang.ai/ecosystem/workflows/webops-ai-visibility-benchmark/,https://github.com/kujolang/kujo-workflows/tree/main/webops-ai-visibility-benchmark,Open the complete webops-ai-visibility-benchmark workflow kit on GitHub,article,,https://github.com/kujolang/kujo-workflows/tree/main/webops-ai-visibility-benchmark,0,not probed in crawl,,none
after,https://kujolang.ai/ecosystem/workflows/webops-ai-visibility-benchmark/,https://github.com/kujolang/kujo-workflows/blob/main/docs/audit/workflow-catalog.json,Browse the released workflow catalog,article,,https://github.com/kujolang/kujo-workflows/blob/main/docs/audit/workflow-catalog.json,0,not probed in crawl,,none
after,https://kujolang.ai/ecosystem/workflows/webops-ai-visibility-benchmark/,https://github.com/kujolang/kujo-workflows/tree/main/webops-ai-visibility-benchmark,GitHub,aside,,https://github.com/kujolang/kujo-workflows/tree/main/webops-ai-visibility-benchmark,0,not probed in crawl,noopener,none
after,https://kujolang.ai/ecosystem/workflows/webops-ai-visibility-benchmark/,https://x.com/kujolang,Kujo on X,nav,,https://x.com/kujolang,0,not probed in crawl,,none
after,https://kujolang.ai/ecosystem/workflows/webops-ai-visibility-benchmark/,https://github.com/kujolang,Kujo on GitHub,nav,,https://github.com/kujolang,0,not probed in crawl,,none
after,https://kujolang.ai/ecosystem/workflows/webops-ai-visibility-benchmark/,https://discord.gg/RqDgyb3BX,Kujo on Discord,nav,,https://discord.gg/RqDgyb3BX,0,not probed in crawl,,none
after,https://kujolang.ai/ecosystem/workflows/webops-content-refresh/,https://agents.kujolang.ai,Agents (opens in a new tab),nav,,https://agents.kujolang.ai,0,not probed in crawl,noopener,none
after,https://kujolang.ai/ecosystem/workflows/webops-content-refresh/,https://docs.kujolang.ai,Docs,nav,,https://docs.kujolang.ai,0,not probed in crawl,,none
after,https://kujolang.ai/ecosystem/workflows/webops-content-refresh/,https://agents.kujolang.ai,Agents (opens in a new tab),nav,,https://agents.kujolang.ai,0,not probed in crawl,noopener,none
after,https://kujolang.ai/ecosystem/workflows/webops-content-refresh/,https://docs.kujolang.ai,Docs,nav,,https://docs.kujolang.ai,0,not probed in crawl,,none
after,https://kujolang.ai/ecosystem/workflows/webops-content-refresh/,https://github.com/kujolang/kujo-workflows/tree/main/webops-content-refresh,Open the complete webops-content-refresh workflow kit on GitHub,article,,https://github.com/kujolang/kujo-workflows/tree/main/webops-content-refresh,0,not probed in crawl,,none
after,https://kujolang.ai/ecosystem/workflows/webops-content-refresh/,https://github.com/kujolang/kujo-workflows/blob/main/docs/audit/workflow-catalog.json,Browse the released workflow catalog,article,,https://github.com/kujolang/kujo-workflows/blob/main/docs/audit/workflow-catalog.json,0,not probed in crawl,,none
after,https://kujolang.ai/ecosystem/workflows/webops-content-refresh/,https://github.com/kujolang/kujo-workflows/tree/main/webops-content-refresh,GitHub,aside,,https://github.com/kujolang/kujo-workflows/tree/main/webops-content-refresh,0,not probed in crawl,noopener,none
after,https://kujolang.ai/ecosystem/workflows/webops-content-refresh/,https://x.com/kujolang,Kujo on X,nav,,https://x.com/kujolang,0,not probed in crawl,,none
after,https://kujolang.ai/ecosystem/workflows/webops-content-refresh/,https://github.com/kujolang,Kujo on GitHub,nav,,https://github.com/kujolang,0,not probed in crawl,,none
after,https://kujolang.ai/ecosystem/workflows/webops-content-refresh/,https://discord.gg/RqDgyb3BX,Kujo on Discord,nav,,https://discord.gg/RqDgyb3BX,0,not probed in crawl,,none
after,https://kujolang.ai/ecosystem/workflows/webops-finding-to-fix/,https://agents.kujolang.ai,Agents (opens in a new tab),nav,,https://agents.kujolang.ai,0,not probed in crawl,noopener,none
after,https://kujolang.ai/ecosystem/workflows/webops-finding-to-fix/,https://docs.kujolang.ai,Docs,nav,,https://docs.kujolang.ai,0,not probed in crawl,,none
after,https://kujolang.ai/ecosystem/workflows/webops-finding-to-fix/,https://agents.kujolang.ai,Agents (opens in a new tab),nav,,https://agents.kujolang.ai,0,not probed in crawl,noopener,none
after,https://kujolang.ai/ecosystem/workflows/webops-finding-to-fix/,https://docs.kujolang.ai,Docs,nav,,https://docs.kujolang.ai,0,not probed in crawl,,none
after,https://kujolang.ai/ecosystem/workflows/webops-finding-to-fix/,https://github.com/kujolang/kujo-workflows/tree/main/webops-finding-to-fix,Open the complete webops-finding-to-fix workflow kit on GitHub,article,,https://github.com/kujolang/kujo-workflows/tree/main/webops-finding-to-fix,0,not probed in crawl,,none
after,https://kujolang.ai/ecosystem/workflows/webops-finding-to-fix/,https://github.com/kujolang/kujo-workflows/blob/main/docs/audit/workflow-catalog.json,Browse the released workflow catalog,article,,https://github.com/kujolang/kujo-workflows/blob/main/docs/audit/workflow-catalog.json,0,not probed in crawl,,none
after,https://kujolang.ai/ecosystem/workflows/webops-finding-to-fix/,https://github.com/kujolang/kujo-workflows/tree/main/webops-finding-to-fix,GitHub,aside,,https://github.com/kujolang/kujo-workflows/tree/main/webops-finding-to-fix,0,not probed in crawl,noopener,none
after,https://kujolang.ai/ecosystem/workflows/webops-finding-to-fix/,https://x.com/kujolang,Kujo on X,nav,,https://x.com/kujolang,0,not probed in crawl,,none
after,https://kujolang.ai/ecosystem/workflows/webops-finding-to-fix/,https://github.com/kujolang,Kujo on GitHub,nav,,https://github.com/kujolang,0,not probed in crawl,,none
after,https://kujolang.ai/ecosystem/workflows/webops-finding-to-fix/,https://discord.gg/RqDgyb3BX,Kujo on Discord,nav,,https://discord.gg/RqDgyb3BX,0,not probed in crawl,,none
after,https://kujolang.ai/ecosystem/workflows/webops-monthly-seo-review/,https://agents.kujolang.ai,Agents (opens in a new tab),nav,,https://agents.kujolang.ai,0,not probed in crawl,noopener,none
after,https://kujolang.ai/ecosystem/workflows/webops-monthly-seo-review/,https://docs.kujolang.ai,Docs,nav,,https://docs.kujolang.ai,0,not probed in crawl,,none
after,https://kujolang.ai/ecosystem/workflows/webops-monthly-seo-review/,https://agents.kujolang.ai,Agents (opens in a new tab),nav,,https://agents.kujolang.ai,0,not probed in crawl,noopener,none
after,https://kujolang.ai/ecosystem/workflows/webops-monthly-seo-review/,https://docs.kujolang.ai,Docs,nav,,https://docs.kujolang.ai,0,not probed in crawl,,none
after,https://kujolang.ai/ecosystem/workflows/webops-monthly-seo-review/,https://github.com/kujolang/kujo-workflows/tree/main/webops-monthly-seo-review,Open the complete webops-monthly-seo-review workflow kit on GitHub,article,,https://github.com/kujolang/kujo-workflows/tree/main/webops-monthly-seo-review,0,not probed in crawl,,none
after,https://kujolang.ai/ecosystem/workflows/webops-monthly-seo-review/,https://github.com/kujolang/kujo-workflows/blob/main/docs/audit/workflow-catalog.json,Browse the released workflow catalog,article,,https://github.com/kujolang/kujo-workflows/blob/main/docs/audit/workflow-catalog.json,0,not probed in crawl,,none
after,https://kujolang.ai/ecosystem/workflows/webops-monthly-seo-review/,https://github.com/kujolang/kujo-workflows/tree/main/webops-monthly-seo-review,GitHub,aside,,https://github.com/kujolang/kujo-workflows/tree/main/webops-monthly-seo-review,0,not probed in crawl,noopener,none
after,https://kujolang.ai/ecosystem/workflows/webops-monthly-seo-review/,https://x.com/kujolang,Kujo on X,nav,,https://x.com/kujolang,0,not probed in crawl,,none
after,https://kujolang.ai/ecosystem/workflows/webops-monthly-seo-review/,https://github.com/kujolang,Kujo on GitHub,nav,,https://github.com/kujolang,0,not probed in crawl,,none
after,https://kujolang.ai/ecosystem/workflows/webops-monthly-seo-review/,https://discord.gg/RqDgyb3BX,Kujo on Discord,nav,,https://discord.gg/RqDgyb3BX,0,not probed in crawl,,none
after,https://kujolang.ai/ecosystem/workflows/webops-post-publish/,https://agents.kujolang.ai,Agents (opens in a new tab),nav,,https://agents.kujolang.ai,0,not probed in crawl,noopener,none
after,https://kujolang.ai/ecosystem/workflows/webops-post-publish/,https://docs.kujolang.ai,Docs,nav,,https://docs.kujolang.ai,0,not probed in crawl,,none
after,https://kujolang.ai/ecosystem/workflows/webops-post-publish/,https://agents.kujolang.ai,Agents (opens in a new tab),nav,,https://agents.kujolang.ai,0,not probed in crawl,noopener,none
after,https://kujolang.ai/ecosystem/workflows/webops-post-publish/,https://docs.kujolang.ai,Docs,nav,,https://docs.kujolang.ai,0,not probed in crawl,,none
after,https://kujolang.ai/ecosystem/workflows/webops-post-publish/,https://github.com/kujolang/kujo-workflows/tree/main/webops-post-publish,Open the complete webops-post-publish workflow kit on GitHub,article,,https://github.com/kujolang/kujo-workflows/tree/main/webops-post-publish,0,not probed in crawl,,none
after,https://kujolang.ai/ecosystem/workflows/webops-post-publish/,https://github.com/kujolang/kujo-workflows/blob/main/docs/audit/workflow-catalog.json,Browse the released workflow catalog,article,,https://github.com/kujolang/kujo-workflows/blob/main/docs/audit/workflow-catalog.json,0,not probed in crawl,,none
after,https://kujolang.ai/ecosystem/workflows/webops-post-publish/,https://github.com/kujolang/kujo-workflows/tree/main/webops-post-publish,GitHub,aside,,https://github.com/kujolang/kujo-workflows/tree/main/webops-post-publish,0,not probed in crawl,noopener,none
after,https://kujolang.ai/ecosystem/workflows/webops-post-publish/,https://x.com/kujolang,Kujo on X,nav,,https://x.com/kujolang,0,not probed in crawl,,none
after,https://kujolang.ai/ecosystem/workflows/webops-post-publish/,https://github.com/kujolang,Kujo on GitHub,nav,,https://github.com/kujolang,0,not probed in crawl,,none
after,https://kujolang.ai/ecosystem/workflows/webops-post-publish/,https://discord.gg/RqDgyb3BX,Kujo on Discord,nav,,https://discord.gg/RqDgyb3BX,0,not probed in crawl,,none
after,https://kujolang.ai/ecosystem/workflows/webops-quarterly-content-portfolio/,https://agents.kujolang.ai,Agents (opens in a new tab),nav,,https://agents.kujolang.ai,0,not probed in crawl,noopener,none
after,https://kujolang.ai/ecosystem/workflows/webops-quarterly-content-portfolio/,https://docs.kujolang.ai,Docs,nav,,https://docs.kujolang.ai,0,not probed in crawl,,none
after,https://kujolang.ai/ecosystem/workflows/webops-quarterly-content-portfolio/,https://agents.kujolang.ai,Agents (opens in a new tab),nav,,https://agents.kujolang.ai,0,not probed in crawl,noopener,none
after,https://kujolang.ai/ecosystem/workflows/webops-quarterly-content-portfolio/,https://docs.kujolang.ai,Docs,nav,,https://docs.kujolang.ai,0,not probed in crawl,,none
after,https://kujolang.ai/ecosystem/workflows/webops-quarterly-content-portfolio/,https://github.com/kujolang/kujo-workflows/tree/main/webops-quarterly-content-portfolio,Open the complete webops-quarterly-content-portfolio workflow kit on GitHub,article,,https://github.com/kujolang/kujo-workflows/tree/main/webops-quarterly-content-portfolio,0,not probed in crawl,,none
after,https://kujolang.ai/ecosystem/workflows/webops-quarterly-content-portfolio/,https://github.com/kujolang/kujo-workflows/blob/main/docs/audit/workflow-catalog.json,Browse the released workflow catalog,article,,https://github.com/kujolang/kujo-workflows/blob/main/docs/audit/workflow-catalog.json,0,not probed in crawl,,none
after,https://kujolang.ai/ecosystem/workflows/webops-quarterly-content-portfolio/,https://github.com/kujolang/kujo-workflows/tree/main/webops-quarterly-content-portfolio,GitHub,aside,,https://github.com/kujolang/kujo-workflows/tree/main/webops-quarterly-content-portfolio,0,not probed in crawl,noopener,none
after,https://kujolang.ai/ecosystem/workflows/webops-quarterly-content-portfolio/,https://x.com/kujolang,Kujo on X,nav,,https://x.com/kujolang,0,not probed in crawl,,none
after,https://kujolang.ai/ecosystem/workflows/webops-quarterly-content-portfolio/,https://github.com/kujolang,Kujo on GitHub,nav,,https://github.com/kujolang,0,not probed in crawl,,none
after,https://kujolang.ai/ecosystem/workflows/webops-quarterly-content-portfolio/,https://discord.gg/RqDgyb3BX,Kujo on Discord,nav,,https://discord.gg/RqDgyb3BX,0,not probed in crawl,,none
after,https://kujolang.ai/ecosystem/workflows/webops-site-bootstrap/,https://agents.kujolang.ai,Agents (opens in a new tab),nav,,https://agents.kujolang.ai,0,not probed in crawl,noopener,none
after,https://kujolang.ai/ecosystem/workflows/webops-site-bootstrap/,https://docs.kujolang.ai,Docs,nav,,https://docs.kujolang.ai,0,not probed in crawl,,none
after,https://kujolang.ai/ecosystem/workflows/webops-site-bootstrap/,https://agents.kujolang.ai,Agents (opens in a new tab),nav,,https://agents.kujolang.ai,0,not probed in crawl,noopener,none
after,https://kujolang.ai/ecosystem/workflows/webops-site-bootstrap/,https://docs.kujolang.ai,Docs,nav,,https://docs.kujolang.ai,0,not probed in crawl,,none
after,https://kujolang.ai/ecosystem/workflows/webops-site-bootstrap/,https://github.com/kujolang/kujo-workflows/tree/main/webops-site-bootstrap,Open the complete webops-site-bootstrap workflow kit on GitHub,article,,https://github.com/kujolang/kujo-workflows/tree/main/webops-site-bootstrap,0,not probed in crawl,,none
after,https://kujolang.ai/ecosystem/workflows/webops-site-bootstrap/,https://github.com/kujolang/kujo-workflows/blob/main/docs/audit/workflow-catalog.json,Browse the released workflow catalog,article,,https://github.com/kujolang/kujo-workflows/blob/main/docs/audit/workflow-catalog.json,0,not probed in crawl,,none
after,https://kujolang.ai/ecosystem/workflows/webops-site-bootstrap/,https://github.com/kujolang/kujo-workflows/tree/main/webops-site-bootstrap,GitHub,aside,,https://github.com/kujolang/kujo-workflows/tree/main/webops-site-bootstrap,0,not probed in crawl,noopener,none
after,https://kujolang.ai/ecosystem/workflows/webops-site-bootstrap/,https://x.com/kujolang,Kujo on X,nav,,https://x.com/kujolang,0,not probed in crawl,,none
after,https://kujolang.ai/ecosystem/workflows/webops-site-bootstrap/,https://github.com/kujolang,Kujo on GitHub,nav,,https://github.com/kujolang,0,not probed in crawl,,none
after,https://kujolang.ai/ecosystem/workflows/webops-site-bootstrap/,https://discord.gg/RqDgyb3BX,Kujo on Discord,nav,,https://discord.gg/RqDgyb3BX,0,not probed in crawl,,none
after,https://kujolang.ai/ecosystem/workflows/webops-weekly-content-intelligence/,https://agents.kujolang.ai,Agents (opens in a new tab),nav,,https://agents.kujolang.ai,0,not probed in crawl,noopener,none
after,https://kujolang.ai/ecosystem/workflows/webops-weekly-content-intelligence/,https://docs.kujolang.ai,Docs,nav,,https://docs.kujolang.ai,0,not probed in crawl,,none
after,https://kujolang.ai/ecosystem/workflows/webops-weekly-content-intelligence/,https://agents.kujolang.ai,Agents (opens in a new tab),nav,,https://agents.kujolang.ai,0,not probed in crawl,noopener,none
after,https://kujolang.ai/ecosystem/workflows/webops-weekly-content-intelligence/,https://docs.kujolang.ai,Docs,nav,,https://docs.kujolang.ai,0,not probed in crawl,,none
after,https://kujolang.ai/ecosystem/workflows/webops-weekly-content-intelligence/,https://github.com/kujolang/kujo-workflows/tree/main/webops-weekly-content-intelligence,Open the complete webops-weekly-content-intelligence workflow kit on GitHub,article,,https://github.com/kujolang/kujo-workflows/tree/main/webops-weekly-content-intelligence,0,not probed in crawl,,none
after,https://kujolang.ai/ecosystem/workflows/webops-weekly-content-intelligence/,https://github.com/kujolang/kujo-workflows/blob/main/docs/audit/workflow-catalog.json,Browse the released workflow catalog,article,,https://github.com/kujolang/kujo-workflows/blob/main/docs/audit/workflow-catalog.json,0,not probed in crawl,,none
after,https://kujolang.ai/ecosystem/workflows/webops-weekly-content-intelligence/,https://github.com/kujolang/kujo-workflows/tree/main/webops-weekly-content-intelligence,GitHub,aside,,https://github.com/kujolang/kujo-workflows/tree/main/webops-weekly-content-intelligence,0,not probed in crawl,noopener,none
after,https://kujolang.ai/ecosystem/workflows/webops-weekly-content-intelligence/,https://x.com/kujolang,Kujo on X,nav,,https://x.com/kujolang,0,not probed in crawl,,none
after,https://kujolang.ai/ecosystem/workflows/webops-weekly-content-intelligence/,https://github.com/kujolang,Kujo on GitHub,nav,,https://github.com/kujolang,0,not probed in crawl,,none
after,https://kujolang.ai/ecosystem/workflows/webops-weekly-content-intelligence/,https://discord.gg/RqDgyb3BX,Kujo on Discord,nav,,https://discord.gg/RqDgyb3BX,0,not probed in crawl,,none
after,https://kujolang.ai/ecosystem/workflows/webops-weekly-search-intelligence/,https://agents.kujolang.ai,Agents (opens in a new tab),nav,,https://agents.kujolang.ai,0,not probed in crawl,noopener,none
after,https://kujolang.ai/ecosystem/workflows/webops-weekly-search-intelligence/,https://docs.kujolang.ai,Docs,nav,,https://docs.kujolang.ai,0,not probed in crawl,,none
after,https://kujolang.ai/ecosystem/workflows/webops-weekly-search-intelligence/,https://agents.kujolang.ai,Agents (opens in a new tab),nav,,https://agents.kujolang.ai,0,not probed in crawl,noopener,none
after,https://kujolang.ai/ecosystem/workflows/webops-weekly-search-intelligence/,https://docs.kujolang.ai,Docs,nav,,https://docs.kujolang.ai,0,not probed in crawl,,none
after,https://kujolang.ai/ecosystem/workflows/webops-weekly-search-intelligence/,https://github.com/kujolang/kujo-workflows/tree/main/webops-weekly-search-intelligence,Open the complete webops-weekly-search-intelligence workflow kit on GitHub,article,,https://github.com/kujolang/kujo-workflows/tree/main/webops-weekly-search-intelligence,0,not probed in crawl,,none
after,https://kujolang.ai/ecosystem/workflows/webops-weekly-search-intelligence/,https://github.com/kujolang/kujo-workflows/blob/main/docs/audit/workflow-catalog.json,Browse the released workflow catalog,article,,https://github.com/kujolang/kujo-workflows/blob/main/docs/audit/workflow-catalog.json,0,not probed in crawl,,none
after,https://kujolang.ai/ecosystem/workflows/webops-weekly-search-intelligence/,https://github.com/kujolang/kujo-workflows/tree/main/webops-weekly-search-intelligence,GitHub,aside,,https://github.com/kujolang/kujo-workflows/tree/main/webops-weekly-search-intelligence,0,not probed in crawl,noopener,none
after,https://kujolang.ai/ecosystem/workflows/webops-weekly-search-intelligence/,https://x.com/kujolang,Kujo on X,nav,,https://x.com/kujolang,0,not probed in crawl,,none
after,https://kujolang.ai/ecosystem/workflows/webops-weekly-search-intelligence/,https://github.com/kujolang,Kujo on GitHub,nav,,https://github.com/kujolang,0,not probed in crawl,,none
after,https://kujolang.ai/ecosystem/workflows/webops-weekly-search-intelligence/,https://discord.gg/RqDgyb3BX,Kujo on Discord,nav,,https://discord.gg/RqDgyb3BX,0,not probed in crawl,,none
after,https://kujolang.ai/ecosystem/workflows/webops-weekly-site-health/,https://agents.kujolang.ai,Agents (opens in a new tab),nav,,https://agents.kujolang.ai,0,not probed in crawl,noopener,none
after,https://kujolang.ai/ecosystem/workflows/webops-weekly-site-health/,https://docs.kujolang.ai,Docs,nav,,https://docs.kujolang.ai,0,not probed in crawl,,none
after,https://kujolang.ai/ecosystem/workflows/webops-weekly-site-health/,https://agents.kujolang.ai,Agents (opens in a new tab),nav,,https://agents.kujolang.ai,0,not probed in crawl,noopener,none
after,https://kujolang.ai/ecosystem/workflows/webops-weekly-site-health/,https://docs.kujolang.ai,Docs,nav,,https://docs.kujolang.ai,0,not probed in crawl,,none
after,https://kujolang.ai/ecosystem/workflows/webops-weekly-site-health/,https://github.com/kujolang/kujo-workflows/tree/main/webops-weekly-site-health,Open the complete webops-weekly-site-health workflow kit on GitHub,article,,https://github.com/kujolang/kujo-workflows/tree/main/webops-weekly-site-health,0,not probed in crawl,,none
after,https://kujolang.ai/ecosystem/workflows/webops-weekly-site-health/,https://github.com/kujolang/kujo-workflows/blob/main/docs/audit/workflow-catalog.json,Browse the released workflow catalog,article,,https://github.com/kujolang/kujo-workflows/blob/main/docs/audit/workflow-catalog.json,0,not probed in crawl,,none
after,https://kujolang.ai/ecosystem/workflows/webops-weekly-site-health/,https://github.com/kujolang/kujo-workflows/tree/main/webops-weekly-site-health,GitHub,aside,,https://github.com/kujolang/kujo-workflows/tree/main/webops-weekly-site-health,0,not probed in crawl,noopener,none
after,https://kujolang.ai/ecosystem/workflows/webops-weekly-site-health/,https://x.com/kujolang,Kujo on X,nav,,https://x.com/kujolang,0,not probed in crawl,,none
after,https://kujolang.ai/ecosystem/workflows/webops-weekly-site-health/,https://github.com/kujolang,Kujo on GitHub,nav,,https://github.com/kujolang,0,not probed in crawl,,none
after,https://kujolang.ai/ecosystem/workflows/webops-weekly-site-health/,https://discord.gg/RqDgyb3BX,Kujo on Discord,nav,,https://discord.gg/RqDgyb3BX,0,not probed in crawl,,none
after,https://kujolang.ai/ecosystem/workflows/workcell-execution-gate/,https://agents.kujolang.ai,Agents (opens in a new tab),nav,,https://agents.kujolang.ai,0,not probed in crawl,noopener,none
after,https://kujolang.ai/ecosystem/workflows/workcell-execution-gate/,https://docs.kujolang.ai,Docs,nav,,https://docs.kujolang.ai,0,not probed in crawl,,none
after,https://kujolang.ai/ecosystem/workflows/workcell-execution-gate/,https://agents.kujolang.ai,Agents (opens in a new tab),nav,,https://agents.kujolang.ai,0,not probed in crawl,noopener,none
after,https://kujolang.ai/ecosystem/workflows/workcell-execution-gate/,https://docs.kujolang.ai,Docs,nav,,https://docs.kujolang.ai,0,not probed in crawl,,none
after,https://kujolang.ai/ecosystem/workflows/workcell-execution-gate/,https://github.com/kujolang/kujo-workflows/tree/main/workcell-execution-gate,Open the complete workcell-execution-gate workflow kit on GitHub,article,,https://github.com/kujolang/kujo-workflows/tree/main/workcell-execution-gate,0,not probed in crawl,,none
after,https://kujolang.ai/ecosystem/workflows/workcell-execution-gate/,https://github.com/kujolang/kujo-workflows/blob/main/docs/audit/workflow-catalog.json,Browse the released workflow catalog,article,,https://github.com/kujolang/kujo-workflows/blob/main/docs/audit/workflow-catalog.json,0,not probed in crawl,,none
after,https://kujolang.ai/ecosystem/workflows/workcell-execution-gate/,https://github.com/kujolang/kujo-workflows/tree/main/workcell-execution-gate,GitHub,aside,,https://github.com/kujolang/kujo-workflows/tree/main/workcell-execution-gate,0,not probed in crawl,noopener,none
after,https://kujolang.ai/ecosystem/workflows/workcell-execution-gate/,https://x.com/kujolang,Kujo on X,nav,,https://x.com/kujolang,0,not probed in crawl,,none
after,https://kujolang.ai/ecosystem/workflows/workcell-execution-gate/,https://github.com/kujolang,Kujo on GitHub,nav,,https://github.com/kujolang,0,not probed in crawl,,none
after,https://kujolang.ai/ecosystem/workflows/workcell-execution-gate/,https://discord.gg/RqDgyb3BX,Kujo on Discord,nav,,https://discord.gg/RqDgyb3BX,0,not probed in crawl,,none
after,https://kujolang.ai/ethos/,https://agents.kujolang.ai,Agents (opens in a new tab),nav,,https://agents.kujolang.ai,0,not probed in crawl,noopener,none
after,https://kujolang.ai/ethos/,https://docs.kujolang.ai,Docs,nav,,https://docs.kujolang.ai,0,not probed in crawl,,none
after,https://kujolang.ai/ethos/,https://agents.kujolang.ai,Agents (opens in a new tab),nav,,https://agents.kujolang.ai,0,not probed in crawl,noopener,none
after,https://kujolang.ai/ethos/,https://docs.kujolang.ai,Docs,nav,,https://docs.kujolang.ai,0,not probed in crawl,,none
after,https://kujolang.ai/ethos/,https://x.com/kujolang,Kujo on X,nav,,https://x.com/kujolang,0,not probed in crawl,,none
after,https://kujolang.ai/ethos/,https://github.com/kujolang,Kujo on GitHub,nav,,https://github.com/kujolang,0,not probed in crawl,,none
after,https://kujolang.ai/ethos/,https://discord.gg/RqDgyb3BX,Kujo on Discord,nav,,https://discord.gg/RqDgyb3BX,0,not probed in crawl,,none
after,https://kujolang.ai/writing/,https://agents.kujolang.ai,Agents (opens in a new tab),nav,,https://agents.kujolang.ai,0,not probed in crawl,noopener,none
after,https://kujolang.ai/writing/,https://docs.kujolang.ai,Docs,nav,,https://docs.kujolang.ai,0,not probed in crawl,,none
after,https://kujolang.ai/writing/,https://agents.kujolang.ai,Agents (opens in a new tab),nav,,https://agents.kujolang.ai,0,not probed in crawl,noopener,none
after,https://kujolang.ai/writing/,https://docs.kujolang.ai,Docs,nav,,https://docs.kujolang.ai,0,not probed in crawl,,none
after,https://kujolang.ai/writing/,https://x.com/kujolang,X,main,,https://x.com/kujolang,0,not probed in crawl,,none
after,https://kujolang.ai/writing/,https://x.com/kujolang,Kujo on X,nav,,https://x.com/kujolang,0,not probed in crawl,,none
after,https://kujolang.ai/writing/,https://github.com/kujolang,Kujo on GitHub,nav,,https://github.com/kujolang,0,not probed in crawl,,none
after,https://kujolang.ai/writing/,https://discord.gg/RqDgyb3BX,Kujo on Discord,nav,,https://discord.gg/RqDgyb3BX,0,not probed in crawl,,none
