phase,source_url,image_url,source_file,alt,width,height,loading,format,bytes,exists,issues
baseline,https://kujolang.ai/,https://kujolang.ai/assets/images/kujo-logomark.svg,assets/images/kujo-logomark.svg,,28,28,,svg,895,True,
baseline,https://kujolang.ai/,https://kujolang.ai/assets/images/home-agent-workflow.webp,assets/images/home-agent-workflow.webp,,1672,941,,webp,241446,True,
baseline,https://kujolang.ai/,https://kujolang.ai/assets/images/kujo-logomark.svg,assets/images/kujo-logomark.svg,,24,24,,svg,895,True,
baseline,https://kujolang.ai/contact/,https://kujolang.ai/assets/images/kujo-logomark.svg,assets/images/kujo-logomark.svg,,28,28,,svg,895,True,
baseline,https://kujolang.ai/contact/,https://kujolang.ai/images/contact-conversation-2073c0354259.webp,images/contact-conversation-2073c0354259.webp,Featured image for Contact,1672,941,eager,webp,231888,True,
baseline,https://kujolang.ai/contact/,https://kujolang.ai/assets/images/kujo-logomark.svg,assets/images/kujo-logomark.svg,,24,24,,svg,895,True,
baseline,https://kujolang.ai/ecosystem/ability/,https://kujolang.ai/assets/images/kujo-logomark.svg,assets/images/kujo-logomark.svg,,28,28,,svg,895,True,
baseline,https://kujolang.ai/ecosystem/ability/,https://kujolang.ai/images/ability-portable-operation-contracts-aac323bd9b20.webp,images/ability-portable-operation-contracts-aac323bd9b20.webp,Featured image for Ability,1916,821,eager,webp,31166,True,
baseline,https://kujolang.ai/ecosystem/ability/,https://kujolang.ai/assets/images/kujo-logomark.svg,assets/images/kujo-logomark.svg,,24,24,,svg,895,True,
baseline,https://kujolang.ai/ecosystem/agents-sdk/,https://kujolang.ai/assets/images/kujo-logomark.svg,assets/images/kujo-logomark.svg,,28,28,,svg,895,True,
baseline,https://kujolang.ai/ecosystem/agents-sdk/,https://kujolang.ai/images/agents-sdk-human-handoff-7c6891528adb.webp,images/agents-sdk-human-handoff-7c6891528adb.webp,Featured image for Agents SDK,1672,941,eager,webp,277112,True,
baseline,https://kujolang.ai/ecosystem/agents-sdk/,https://kujolang.ai/assets/images/kujo-logomark.svg,assets/images/kujo-logomark.svg,,24,24,,svg,895,True,
baseline,https://kujolang.ai/ecosystem/ai-chat/,https://kujolang.ai/assets/images/kujo-logomark.svg,assets/images/kujo-logomark.svg,,28,28,,svg,895,True,
baseline,https://kujolang.ai/ecosystem/ai-chat/,https://kujolang.ai/images/ai-chat-conversation-9b03c2fa574c.webp,images/ai-chat-conversation-9b03c2fa574c.webp,Featured image for AI Chat,1672,941,eager,webp,231888,True,
baseline,https://kujolang.ai/ecosystem/ai-chat/,https://kujolang.ai/assets/images/kujo-logomark.svg,assets/images/kujo-logomark.svg,,24,24,,svg,895,True,
baseline,https://kujolang.ai/ecosystem/ai-sdk/,https://kujolang.ai/assets/images/kujo-logomark.svg,assets/images/kujo-logomark.svg,,28,28,,svg,895,True,
baseline,https://kujolang.ai/ecosystem/ai-sdk/,https://kujolang.ai/images/ai-sdk-provider-network-175c86bfdec2.webp,images/ai-sdk-provider-network-175c86bfdec2.webp,Featured image for AI SDK,1672,941,eager,webp,284232,True,
baseline,https://kujolang.ai/ecosystem/ai-sdk/,https://kujolang.ai/assets/images/kujo-logomark.svg,assets/images/kujo-logomark.svg,,24,24,,svg,895,True,
baseline,https://kujolang.ai/ecosystem/assetworks/,https://kujolang.ai/assets/images/kujo-logomark.svg,assets/images/kujo-logomark.svg,,28,28,,svg,895,True,
baseline,https://kujolang.ai/ecosystem/assetworks/,https://kujolang.ai/images/assetworks-media-provenance-33b0f8b9d5d1.webp,images/assetworks-media-provenance-33b0f8b9d5d1.webp,Featured image for AssetWorks,1916,821,eager,webp,31036,True,
baseline,https://kujolang.ai/ecosystem/assetworks/,https://kujolang.ai/assets/images/kujo-logomark.svg,assets/images/kujo-logomark.svg,,24,24,,svg,895,True,
baseline,https://kujolang.ai/ecosystem/bluepencil/,https://kujolang.ai/assets/images/kujo-logomark.svg,assets/images/kujo-logomark.svg,,28,28,,svg,895,True,
baseline,https://kujolang.ai/ecosystem/bluepencil/,https://kujolang.ai/images/bluepencil-editorial-calibration-eebdfede1f5c.webp,images/bluepencil-editorial-calibration-eebdfede1f5c.webp,Featured image for BluePencil,1916,821,eager,webp,27628,True,
baseline,https://kujolang.ai/ecosystem/bluepencil/,https://kujolang.ai/assets/images/kujo-logomark.svg,assets/images/kujo-logomark.svg,,24,24,,svg,895,True,
baseline,https://kujolang.ai/ecosystem/casefile/,https://kujolang.ai/assets/images/kujo-logomark.svg,assets/images/kujo-logomark.svg,,28,28,,svg,895,True,
baseline,https://kujolang.ai/ecosystem/casefile/,https://kujolang.ai/images/casefile-evidence-bundle-80849ebf2502.webp,images/casefile-evidence-bundle-80849ebf2502.webp,Featured image for CaseFile,1672,941,eager,webp,212192,True,
baseline,https://kujolang.ai/ecosystem/casefile/,https://kujolang.ai/assets/images/kujo-logomark.svg,assets/images/kujo-logomark.svg,,24,24,,svg,895,True,
baseline,https://kujolang.ai/ecosystem/changebucket/,https://kujolang.ai/assets/images/kujo-logomark.svg,assets/images/kujo-logomark.svg,,28,28,,svg,895,True,
baseline,https://kujolang.ai/ecosystem/changebucket/,https://kujolang.ai/images/changebucket-change-footprint-ad1139a9c399.webp,images/changebucket-change-footprint-ad1139a9c399.webp,Featured image for ChangeBucket,1672,941,eager,webp,227392,True,
baseline,https://kujolang.ai/ecosystem/changebucket/,https://kujolang.ai/assets/images/kujo-logomark.svg,assets/images/kujo-logomark.svg,,24,24,,svg,895,True,
baseline,https://kujolang.ai/ecosystem/cms/,https://kujolang.ai/assets/images/kujo-logomark.svg,assets/images/kujo-logomark.svg,,28,28,,svg,895,True,
baseline,https://kujolang.ai/ecosystem/cms/,https://kujolang.ai/images/cms-content-infrastructure-c165bfd8ddac.webp,images/cms-content-infrastructure-c165bfd8ddac.webp,Featured image for CMS,1672,941,eager,webp,345632,True,
baseline,https://kujolang.ai/ecosystem/cms/,https://kujolang.ai/assets/images/kujo-logomark.svg,assets/images/kujo-logomark.svg,,24,24,,svg,895,True,
baseline,https://kujolang.ai/ecosystem/concord/,https://kujolang.ai/assets/images/kujo-logomark.svg,assets/images/kujo-logomark.svg,,28,28,,svg,895,True,
baseline,https://kujolang.ai/ecosystem/concord/,https://kujolang.ai/images/concord-artifact-alignment-aee2b0f59ab7.webp,images/concord-artifact-alignment-aee2b0f59ab7.webp,Featured image for Concord,1672,941,eager,webp,285284,True,
baseline,https://kujolang.ai/ecosystem/concord/,https://kujolang.ai/assets/images/kujo-logomark.svg,assets/images/kujo-logomark.svg,,24,24,,svg,895,True,
baseline,https://kujolang.ai/ecosystem/contentgraph/,https://kujolang.ai/assets/images/kujo-logomark.svg,assets/images/kujo-logomark.svg,,28,28,,svg,895,True,
baseline,https://kujolang.ai/ecosystem/contentgraph/,https://kujolang.ai/images/contentgraph-content-network-322489785187.webp,images/contentgraph-content-network-322489785187.webp,Featured image for ContentGraph,1916,821,eager,webp,32876,True,
baseline,https://kujolang.ai/ecosystem/contentgraph/,https://kujolang.ai/assets/images/kujo-logomark.svg,assets/images/kujo-logomark.svg,,24,24,,svg,895,True,
baseline,https://kujolang.ai/ecosystem/crud-api/,https://kujolang.ai/assets/images/kujo-logomark.svg,assets/images/kujo-logomark.svg,,28,28,,svg,895,True,
baseline,https://kujolang.ai/ecosystem/crud-api/,https://kujolang.ai/images/crud-api-application-stack-c24f97341118.webp,images/crud-api-application-stack-c24f97341118.webp,Featured image for CRUD API Showcase,1672,941,eager,webp,177314,True,
baseline,https://kujolang.ai/ecosystem/crud-api/,https://kujolang.ai/assets/images/kujo-logomark.svg,assets/images/kujo-logomark.svg,,24,24,,svg,895,True,
baseline,https://kujolang.ai/ecosystem/dispatch/,https://kujolang.ai/assets/images/kujo-logomark.svg,assets/images/kujo-logomark.svg,,28,28,,svg,895,True,
baseline,https://kujolang.ai/ecosystem/dispatch/,https://kujolang.ai/images/dispatch-workflow-orchestration-639fb89b6f12.webp,images/dispatch-workflow-orchestration-639fb89b6f12.webp,Featured image for Dispatch,1916,821,eager,webp,263950,True,
baseline,https://kujolang.ai/ecosystem/dispatch/,https://kujolang.ai/assets/images/kujo-logomark.svg,assets/images/kujo-logomark.svg,,24,24,,svg,895,True,
baseline,https://kujolang.ai/ecosystem/dossier/,https://kujolang.ai/assets/images/kujo-logomark.svg,assets/images/kujo-logomark.svg,,28,28,,svg,895,True,
baseline,https://kujolang.ai/ecosystem/dossier/,https://kujolang.ai/images/dossier-evidence-ledger-773a88235f2d.webp,images/dossier-evidence-ledger-773a88235f2d.webp,Featured image for Dossier,1916,821,eager,webp,30978,True,
baseline,https://kujolang.ai/ecosystem/dossier/,https://kujolang.ai/assets/images/kujo-logomark.svg,assets/images/kujo-logomark.svg,,24,24,,svg,895,True,
baseline,https://kujolang.ai/ecosystem/eval/,https://kujolang.ai/assets/images/kujo-logomark.svg,assets/images/kujo-logomark.svg,,28,28,,svg,895,True,
baseline,https://kujolang.ai/ecosystem/eval/,https://kujolang.ai/images/eval-quality-gates-aecc112332c8.webp,images/eval-quality-gates-aecc112332c8.webp,Featured image for Eval,1672,941,eager,webp,192074,True,
baseline,https://kujolang.ai/ecosystem/eval/,https://kujolang.ai/assets/images/kujo-logomark.svg,assets/images/kujo-logomark.svg,,24,24,,svg,895,True,
baseline,https://kujolang.ai/ecosystem/fence/,https://kujolang.ai/assets/images/kujo-logomark.svg,assets/images/kujo-logomark.svg,,28,28,,svg,895,True,
baseline,https://kujolang.ai/ecosystem/fence/,https://kujolang.ai/images/fence-architecture-boundary-754f3b2cd1d9.webp,images/fence-architecture-boundary-754f3b2cd1d9.webp,Featured image for Fence,1672,941,eager,webp,289936,True,
baseline,https://kujolang.ai/ecosystem/fence/,https://kujolang.ai/assets/images/kujo-logomark.svg,assets/images/kujo-logomark.svg,,24,24,,svg,895,True,
baseline,https://kujolang.ai/ecosystem/galleypack/,https://kujolang.ai/assets/images/kujo-logomark.svg,assets/images/kujo-logomark.svg,,28,28,,svg,895,True,
baseline,https://kujolang.ai/ecosystem/galleypack/,https://kujolang.ai/images/galleypack-production-package-9e5c340327bc.webp,images/galleypack-production-package-9e5c340327bc.webp,Featured image for GalleyPack,1916,821,eager,webp,30430,True,
baseline,https://kujolang.ai/ecosystem/galleypack/,https://kujolang.ai/assets/images/kujo-logomark.svg,assets/images/kujo-logomark.svg,,24,24,,svg,895,True,
baseline,https://kujolang.ai/ecosystem/howl/,https://kujolang.ai/assets/images/kujo-logomark.svg,assets/images/kujo-logomark.svg,,28,28,,svg,895,True,
baseline,https://kujolang.ai/ecosystem/howl/,https://kujolang.ai/images/howl-showcase-renderer-4ea5516f87bc.webp,images/howl-showcase-renderer-4ea5516f87bc.webp,Featured image for Howl,1672,941,eager,webp,296694,True,
baseline,https://kujolang.ai/ecosystem/howl/,https://kujolang.ai/assets/images/kujo-logomark.svg,assets/images/kujo-logomark.svg,,24,24,,svg,895,True,
baseline,https://kujolang.ai/ecosystem/,https://kujolang.ai/assets/images/kujo-logomark.svg,assets/images/kujo-logomark.svg,,28,28,,svg,895,True,
baseline,https://kujolang.ai/ecosystem/,https://kujolang.ai/assets/images/ecosystem-distributed-tools.webp,assets/images/ecosystem-distributed-tools.webp,,1672,941,eager,webp,291898,True,
baseline,https://kujolang.ai/ecosystem/,https://kujolang.ai/images/kujo-language-runtime-cef66c407b45.webp,images/kujo-language-runtime-cef66c407b45.webp,Featured image for Kujo,1672,941,lazy,webp,241446,True,
baseline,https://kujolang.ai/ecosystem/,https://kujolang.ai/images/kennel-package-system-8280e2dd4179.webp,images/kennel-package-system-8280e2dd4179.webp,Featured image for Kennel,1672,941,lazy,webp,203432,True,
baseline,https://kujolang.ai/ecosystem/,https://kujolang.ai/images/spec-task-contracts-43741e470860.webp,images/spec-task-contracts-43741e470860.webp,Featured image for Spec,1672,941,lazy,webp,212192,True,
baseline,https://kujolang.ai/ecosystem/,https://kujolang.ai/images/eval-quality-gates-aecc112332c8.webp,images/eval-quality-gates-aecc112332c8.webp,Featured image for Eval,1672,941,lazy,webp,192074,True,
baseline,https://kujolang.ai/ecosystem/,https://kujolang.ai/images/scout-codebase-map-21d37b516748.webp,images/scout-codebase-map-21d37b516748.webp,Featured image for Scout,1672,941,lazy,webp,243902,True,
baseline,https://kujolang.ai/ecosystem/,https://kujolang.ai/images/dispatch-workflow-orchestration-639fb89b6f12.webp,images/dispatch-workflow-orchestration-639fb89b6f12.webp,Featured image for Dispatch,1916,821,lazy,webp,263950,True,
baseline,https://kujolang.ai/ecosystem/,https://kujolang.ai/images/ability-portable-operation-contracts-aac323bd9b20.webp,images/ability-portable-operation-contracts-aac323bd9b20.webp,Featured image for Ability,1916,821,lazy,webp,31166,True,
baseline,https://kujolang.ai/ecosystem/,https://kujolang.ai/images/mcp-tool-connectors-3162b501143b.webp,images/mcp-tool-connectors-3162b501143b.webp,Featured image for MCP,1672,941,lazy,webp,267974,True,
baseline,https://kujolang.ai/ecosystem/,https://kujolang.ai/images/rag-knowledge-retrieval-1a78f38afccc.webp,images/rag-knowledge-retrieval-1a78f38afccc.webp,Featured image for RAG,1672,941,lazy,webp,263842,True,
baseline,https://kujolang.ai/ecosystem/,https://kujolang.ai/images/ai-sdk-provider-network-175c86bfdec2.webp,images/ai-sdk-provider-network-175c86bfdec2.webp,Featured image for AI SDK,1672,941,lazy,webp,284232,True,
baseline,https://kujolang.ai/ecosystem/,https://kujolang.ai/images/agents-sdk-human-handoff-7c6891528adb.webp,images/agents-sdk-human-handoff-7c6891528adb.webp,Featured image for Agents SDK,1672,941,lazy,webp,277112,True,
baseline,https://kujolang.ai/ecosystem/,https://kujolang.ai/images/scent-context-fragments-a6eb7f34ffda.webp,images/scent-context-fragments-a6eb7f34ffda.webp,Featured image for Scent,1672,941,lazy,webp,291898,True,
baseline,https://kujolang.ai/ecosystem/,https://kujolang.ai/images/fence-architecture-boundary-754f3b2cd1d9.webp,images/fence-architecture-boundary-754f3b2cd1d9.webp,Featured image for Fence,1672,941,lazy,webp,289936,True,
baseline,https://kujolang.ai/ecosystem/,https://kujolang.ai/images/watchdog-telemetry-alert-c8fd7a9867a7.webp,images/watchdog-telemetry-alert-c8fd7a9867a7.webp,Featured image for Watchdog,1672,941,lazy,webp,285202,True,
baseline,https://kujolang.ai/ecosystem/,https://kujolang.ai/images/leash-mobile-approval-2ec0c1896137.webp,images/leash-mobile-approval-2ec0c1896137.webp,Featured image for Leash,1672,941,lazy,webp,272508,True,
baseline,https://kujolang.ai/ecosystem/,https://kujolang.ai/images/muzzle-bounded-workflow-b64c77bed619.webp,images/muzzle-bounded-workflow-b64c77bed619.webp,Featured image for Muzzle,1916,821,lazy,webp,280582,True,
baseline,https://kujolang.ai/ecosystem/,https://kujolang.ai/images/runledger-run-receipts-8d64451f3e9d.webp,images/runledger-run-receipts-8d64451f3e9d.webp,Featured image for RunLedger,1672,941,lazy,webp,177314,True,
baseline,https://kujolang.ai/ecosystem/,https://kujolang.ai/images/changebucket-change-footprint-ad1139a9c399.webp,images/changebucket-change-footprint-ad1139a9c399.webp,Featured image for ChangeBucket,1672,941,lazy,webp,227392,True,
baseline,https://kujolang.ai/ecosystem/,https://kujolang.ai/images/patchbrief-diff-handoff-aeab19600b0f.webp,images/patchbrief-diff-handoff-aeab19600b0f.webp,Featured image for PatchBrief,1672,941,lazy,webp,263950,True,
baseline,https://kujolang.ai/ecosystem/,https://kujolang.ai/images/concord-artifact-alignment-aee2b0f59ab7.webp,images/concord-artifact-alignment-aee2b0f59ab7.webp,Featured image for Concord,1672,941,lazy,webp,285284,True,
baseline,https://kujolang.ai/ecosystem/,https://kujolang.ai/images/shipcheck-release-containers-6dd88086a094.webp,images/shipcheck-release-containers-6dd88086a094.webp,Featured image for ShipCheck,1916,821,lazy,webp,261420,True,
baseline,https://kujolang.ai/ecosystem/,https://kujolang.ai/images/packwrite-execution-pack-e49dce8f84fe.webp,images/packwrite-execution-pack-e49dce8f84fe.webp,Featured image for PackWrite,1672,941,lazy,webp,203432,True,
baseline,https://kujolang.ai/ecosystem/,https://kujolang.ai/images/casefile-evidence-bundle-80849ebf2502.webp,images/casefile-evidence-bundle-80849ebf2502.webp,Featured image for CaseFile,1672,941,lazy,webp,212192,True,
baseline,https://kujolang.ai/ecosystem/,https://kujolang.ai/images/lens-browser-inspection-3fbe386ada33.webp,images/lens-browser-inspection-3fbe386ada33.webp,Featured image for Lens,1672,941,lazy,webp,256430,True,
baseline,https://kujolang.ai/ecosystem/,https://kujolang.ai/images/ward-security-command-center-d9cf040edd51.webp,images/ward-security-command-center-d9cf040edd51.webp,Featured image for Ward,1672,941,lazy,webp,243974,True,
baseline,https://kujolang.ai/ecosystem/,https://kujolang.ai/images/howl-showcase-renderer-4ea5516f87bc.webp,images/howl-showcase-renderer-4ea5516f87bc.webp,Featured image for Howl,1672,941,lazy,webp,296694,True,
baseline,https://kujolang.ai/ecosystem/,https://kujolang.ai/images/workcell-contained-execution-4614f50747e5.webp,images/workcell-contained-execution-4614f50747e5.webp,Featured image for Workcell,1916,821,lazy,webp,325224,True,
baseline,https://kujolang.ai/ecosystem/,https://kujolang.ai/images/redact-document-sanitization-174419135945.webp,images/redact-document-sanitization-174419135945.webp,Featured image for Redact,1672,941,lazy,webp,250472,True,
baseline,https://kujolang.ai/ecosystem/,https://kujolang.ai/images/sitekit-interface-system-7b063362e496.webp,images/sitekit-interface-system-7b063362e496.webp,Featured image for SiteKit,1916,821,lazy,webp,211286,True,
baseline,https://kujolang.ai/ecosystem/,https://kujolang.ai/images/contentgraph-content-network-322489785187.webp,images/contentgraph-content-network-322489785187.webp,Featured image for ContentGraph,1916,821,lazy,webp,32876,True,
baseline,https://kujolang.ai/ecosystem/,https://kujolang.ai/images/searchbridge-provider-relay-5bdd8a9da6d7.webp,images/searchbridge-provider-relay-5bdd8a9da6d7.webp,Featured image for SearchBridge,1916,821,lazy,webp,23650,True,
baseline,https://kujolang.ai/ecosystem/,https://kujolang.ai/images/siteprobe-website-crawler-14da624e9418.webp,images/siteprobe-website-crawler-14da624e9418.webp,Featured image for SiteProbe,1916,821,lazy,webp,18338,True,
baseline,https://kujolang.ai/ecosystem/,https://kujolang.ai/images/assetworks-media-provenance-33b0f8b9d5d1.webp,images/assetworks-media-provenance-33b0f8b9d5d1.webp,Featured image for AssetWorks,1916,821,lazy,webp,31036,True,
baseline,https://kujolang.ai/ecosystem/,https://kujolang.ai/images/bluepencil-editorial-calibration-eebdfede1f5c.webp,images/bluepencil-editorial-calibration-eebdfede1f5c.webp,Featured image for BluePencil,1916,821,lazy,webp,27628,True,
baseline,https://kujolang.ai/ecosystem/,https://kujolang.ai/images/dossier-evidence-ledger-773a88235f2d.webp,images/dossier-evidence-ledger-773a88235f2d.webp,Featured image for Dossier,1916,821,lazy,webp,30978,True,
baseline,https://kujolang.ai/ecosystem/,https://kujolang.ai/images/galleypack-production-package-9e5c340327bc.webp,images/galleypack-production-package-9e5c340327bc.webp,Featured image for GalleyPack,1916,821,lazy,webp,30430,True,
baseline,https://kujolang.ai/ecosystem/,https://kujolang.ai/images/presswire-publication-dispatch-fb07811e7f15.webp,images/presswire-publication-dispatch-fb07811e7f15.webp,Featured image for PressWire,1916,821,lazy,webp,29154,True,
baseline,https://kujolang.ai/ecosystem/,https://kujolang.ai/images/readersignal-measurement-console-50591191a6c8.webp,images/readersignal-measurement-console-50591191a6c8.webp,Featured image for ReaderSignal,1916,821,lazy,webp,19390,True,
baseline,https://kujolang.ai/ecosystem/,https://kujolang.ai/images/storydesk-editorial-control-ec8271b42ede.webp,images/storydesk-editorial-control-ec8271b42ede.webp,Featured image for StoryDesk,1916,821,lazy,webp,27256,True,
baseline,https://kujolang.ai/ecosystem/,https://kujolang.ai/images/versionseal-version-approval-0ed8b71b9cef.webp,images/versionseal-version-approval-0ed8b71b9cef.webp,Featured image for VersionSeal,1916,821,lazy,webp,32746,True,
baseline,https://kujolang.ai/ecosystem/,https://kujolang.ai/images/paperclip-workspace-intelligence-ea2b5fd59b2c.webp,images/paperclip-workspace-intelligence-ea2b5fd59b2c.webp,Featured image for Kujo for Paperclip,1672,941,lazy,webp,33644,True,
baseline,https://kujolang.ai/ecosystem/,https://kujolang.ai/images/skill-kujo-agents-sdk-workflows-1653d98f6c6f.webp,images/skill-kujo-agents-sdk-workflows-1653d98f6c6f.webp,Featured image for Agents SDK,1916,821,lazy,webp,31214,True,
baseline,https://kujolang.ai/ecosystem/,https://kujolang.ai/images/skill-kujo-ai-chat-workflows-3942774566bd.webp,images/skill-kujo-ai-chat-workflows-3942774566bd.webp,Featured image for Kujo AI Chat,1916,821,lazy,webp,25936,True,
baseline,https://kujolang.ai/ecosystem/,https://kujolang.ai/images/skill-kujo-ai-sdk-workflows-7e776837307a.webp,images/skill-kujo-ai-sdk-workflows-7e776837307a.webp,Featured image for Kujo AI SDK,1916,821,lazy,webp,31848,True,
baseline,https://kujolang.ai/ecosystem/,https://kujolang.ai/images/skill-kujo-assetworks-workflows-ed781489713e.webp,images/skill-kujo-assetworks-workflows-ed781489713e.webp,Featured image for Kujo AssetWorks,1916,821,lazy,webp,23062,True,
baseline,https://kujolang.ai/ecosystem/,https://kujolang.ai/images/skill-kujo-backlog-normalizer-49358e67abf9.webp,images/skill-kujo-backlog-normalizer-49358e67abf9.webp,Featured image for Kujo Backlog Normalizer,1916,821,lazy,webp,21320,True,
baseline,https://kujolang.ai/ecosystem/,https://kujolang.ai/images/skill-kujo-benchmarks-capsule-workflows-58db43f289bf.webp,images/skill-kujo-benchmarks-capsule-workflows-58db43f289bf.webp,Featured image for Kujo Benchmarks Capsule,1916,821,lazy,webp,25776,True,
baseline,https://kujolang.ai/ecosystem/,https://kujolang.ai/images/workflow-owned-agent-project-04c964a31bf8.webp,images/workflow-owned-agent-project-04c964a31bf8.webp,Featured image for Owned Agent Project,1916,821,lazy,webp,31740,True,
baseline,https://kujolang.ai/ecosystem/,https://kujolang.ai/images/workflow-agency-runner-141025033cb5.webp,images/workflow-agency-runner-141025033cb5.webp,Featured image for Agency Runner,1916,821,lazy,webp,21766,True,
baseline,https://kujolang.ai/ecosystem/,https://kujolang.ai/images/workflow-agency-verified-fix-loop-2ec231bda363.webp,images/workflow-agency-verified-fix-loop-2ec231bda363.webp,Featured image for Agency Verified Fix Loop,1916,821,lazy,webp,24332,True,
baseline,https://kujolang.ai/ecosystem/,https://kujolang.ai/images/workflow-ai-sdk-muzzle-benchmark-88de235e9322.webp,images/workflow-ai-sdk-muzzle-benchmark-88de235e9322.webp,Featured image for AI SDK Muzzle Benchmark,1916,821,lazy,webp,27376,True,
baseline,https://kujolang.ai/ecosystem/,https://kujolang.ai/images/workflow-ai-sdk-watchdog-showcase-e0ea8a8f4a46.webp,images/workflow-ai-sdk-watchdog-showcase-e0ea8a8f4a46.webp,Featured image for AI SDK Watchdog Showcase,1916,821,lazy,webp,30864,True,
baseline,https://kujolang.ai/ecosystem/,https://kujolang.ai/images/workflow-casefile-incident-evidence-packet-01d0b835c7b7.webp,images/workflow-casefile-incident-evidence-packet-01d0b835c7b7.webp,Featured image for Casefile Incident Evidence Packet,1916,821,lazy,webp,29618,True,
baseline,https://kujolang.ai/ecosystem/,https://kujolang.ai/images/dispatch-workflow-orchestration-639fb89b6f12.webp,images/dispatch-workflow-orchestration-639fb89b6f12.webp,Featured image for Dispatch,1916,821,lazy,webp,263950,True,
baseline,https://kujolang.ai/ecosystem/,https://kujolang.ai/images/agents-sdk-human-handoff-7c6891528adb.webp,images/agents-sdk-human-handoff-7c6891528adb.webp,Featured image for Agents SDK,1672,941,lazy,webp,277112,True,
baseline,https://kujolang.ai/ecosystem/,https://kujolang.ai/images/relay-mission-orchestration-42814b17903e.webp,images/relay-mission-orchestration-42814b17903e.webp,Featured image for Relay,1916,821,lazy,webp,28654,True,
baseline,https://kujolang.ai/ecosystem/,https://kujolang.ai/images/cms-content-infrastructure-c165bfd8ddac.webp,images/cms-content-infrastructure-c165bfd8ddac.webp,Featured image for CMS,1672,941,lazy,webp,345632,True,
baseline,https://kujolang.ai/ecosystem/,https://kujolang.ai/images/crud-api-application-stack-c24f97341118.webp,images/crud-api-application-stack-c24f97341118.webp,Featured image for CRUD API Showcase,1672,941,lazy,webp,177314,True,
baseline,https://kujolang.ai/ecosystem/,https://kujolang.ai/images/ai-chat-conversation-9b03c2fa574c.webp,images/ai-chat-conversation-9b03c2fa574c.webp,Featured image for AI Chat,1672,941,lazy,webp,231888,True,
baseline,https://kujolang.ai/ecosystem/,https://kujolang.ai/images/ssg-static-sites-db4a1b6844d0.webp,images/ssg-static-sites-db4a1b6844d0.webp,Featured image for SSG,1672,941,lazy,webp,243902,True,
baseline,https://kujolang.ai/ecosystem/,https://kujolang.ai/images/totalrecall-global-memory-97c41526d9ee.webp,images/totalrecall-global-memory-97c41526d9ee.webp,Featured image for TotalRecall,1536,1024,lazy,webp,280062,True,
baseline,https://kujolang.ai/ecosystem/,https://kujolang.ai/images/tribunal-adversarial-hearing-3968b39e2678.webp,images/tribunal-adversarial-hearing-3968b39e2678.webp,Featured image for Tribunal,1916,821,lazy,webp,21924,True,
baseline,https://kujolang.ai/ecosystem/,https://kujolang.ai/images/relay-mission-orchestration-42814b17903e.webp,images/relay-mission-orchestration-42814b17903e.webp,Featured image for Relay,1916,821,lazy,webp,28654,True,
baseline,https://kujolang.ai/ecosystem/,https://kujolang.ai/assets/images/kujo-logomark.svg,assets/images/kujo-logomark.svg,,24,24,,svg,895,True,
baseline,https://kujolang.ai/ecosystem/kennel/,https://kujolang.ai/assets/images/kujo-logomark.svg,assets/images/kujo-logomark.svg,,28,28,,svg,895,True,
baseline,https://kujolang.ai/ecosystem/kennel/,https://kujolang.ai/images/kennel-package-system-8280e2dd4179.webp,images/kennel-package-system-8280e2dd4179.webp,Featured image for Kennel,1672,941,eager,webp,203432,True,
baseline,https://kujolang.ai/ecosystem/kennel/,https://kujolang.ai/assets/images/kujo-logomark.svg,assets/images/kujo-logomark.svg,,24,24,,svg,895,True,
baseline,https://kujolang.ai/ecosystem/kujo/,https://kujolang.ai/assets/images/kujo-logomark.svg,assets/images/kujo-logomark.svg,,28,28,,svg,895,True,
baseline,https://kujolang.ai/ecosystem/kujo/,https://kujolang.ai/images/kujo-language-runtime-cef66c407b45.webp,images/kujo-language-runtime-cef66c407b45.webp,Featured image for Kujo,1672,941,eager,webp,241446,True,
baseline,https://kujolang.ai/ecosystem/kujo/,https://kujolang.ai/assets/images/kujo-logomark.svg,assets/images/kujo-logomark.svg,,24,24,,svg,895,True,
baseline,https://kujolang.ai/ecosystem/leash/,https://kujolang.ai/assets/images/kujo-logomark.svg,assets/images/kujo-logomark.svg,,28,28,,svg,895,True,
baseline,https://kujolang.ai/ecosystem/leash/,https://kujolang.ai/images/leash-mobile-approval-2ec0c1896137.webp,images/leash-mobile-approval-2ec0c1896137.webp,Featured image for Leash,1672,941,eager,webp,272508,True,
baseline,https://kujolang.ai/ecosystem/leash/,https://kujolang.ai/assets/images/kujo-logomark.svg,assets/images/kujo-logomark.svg,,24,24,,svg,895,True,
baseline,https://kujolang.ai/ecosystem/lens/,https://kujolang.ai/assets/images/kujo-logomark.svg,assets/images/kujo-logomark.svg,,28,28,,svg,895,True,
baseline,https://kujolang.ai/ecosystem/lens/,https://kujolang.ai/images/lens-browser-inspection-3fbe386ada33.webp,images/lens-browser-inspection-3fbe386ada33.webp,Featured image for Lens,1672,941,eager,webp,256430,True,
baseline,https://kujolang.ai/ecosystem/lens/,https://kujolang.ai/assets/images/kujo-logomark.svg,assets/images/kujo-logomark.svg,,24,24,,svg,895,True,
baseline,https://kujolang.ai/ecosystem/mcp/,https://kujolang.ai/assets/images/kujo-logomark.svg,assets/images/kujo-logomark.svg,,28,28,,svg,895,True,
baseline,https://kujolang.ai/ecosystem/mcp/,https://kujolang.ai/images/mcp-tool-connectors-3162b501143b.webp,images/mcp-tool-connectors-3162b501143b.webp,Featured image for MCP,1672,941,eager,webp,267974,True,
baseline,https://kujolang.ai/ecosystem/mcp/,https://kujolang.ai/assets/images/kujo-logomark.svg,assets/images/kujo-logomark.svg,,24,24,,svg,895,True,
baseline,https://kujolang.ai/ecosystem/muzzle/,https://kujolang.ai/assets/images/kujo-logomark.svg,assets/images/kujo-logomark.svg,,28,28,,svg,895,True,
baseline,https://kujolang.ai/ecosystem/muzzle/,https://kujolang.ai/images/muzzle-bounded-workflow-b64c77bed619.webp,images/muzzle-bounded-workflow-b64c77bed619.webp,Featured image for Muzzle,1916,821,eager,webp,280582,True,
baseline,https://kujolang.ai/ecosystem/muzzle/,https://kujolang.ai/assets/images/kujo-logomark.svg,assets/images/kujo-logomark.svg,,24,24,,svg,895,True,
baseline,https://kujolang.ai/ecosystem/packwrite/,https://kujolang.ai/assets/images/kujo-logomark.svg,assets/images/kujo-logomark.svg,,28,28,,svg,895,True,
baseline,https://kujolang.ai/ecosystem/packwrite/,https://kujolang.ai/images/packwrite-execution-pack-e49dce8f84fe.webp,images/packwrite-execution-pack-e49dce8f84fe.webp,Featured image for PackWrite,1672,941,eager,webp,203432,True,
baseline,https://kujolang.ai/ecosystem/packwrite/,https://kujolang.ai/assets/images/kujo-logomark.svg,assets/images/kujo-logomark.svg,,24,24,,svg,895,True,
baseline,https://kujolang.ai/ecosystem/paperclip/,https://kujolang.ai/assets/images/kujo-logomark.svg,assets/images/kujo-logomark.svg,,28,28,,svg,895,True,
baseline,https://kujolang.ai/ecosystem/paperclip/,https://kujolang.ai/images/paperclip-workspace-intelligence-ea2b5fd59b2c.webp,images/paperclip-workspace-intelligence-ea2b5fd59b2c.webp,Featured image for Kujo for Paperclip,1672,941,eager,webp,33644,True,
baseline,https://kujolang.ai/ecosystem/paperclip/,https://kujolang.ai/assets/images/kujo-logomark.svg,assets/images/kujo-logomark.svg,,24,24,,svg,895,True,
baseline,https://kujolang.ai/ecosystem/patchbrief/,https://kujolang.ai/assets/images/kujo-logomark.svg,assets/images/kujo-logomark.svg,,28,28,,svg,895,True,
baseline,https://kujolang.ai/ecosystem/patchbrief/,https://kujolang.ai/images/patchbrief-diff-handoff-aeab19600b0f.webp,images/patchbrief-diff-handoff-aeab19600b0f.webp,Featured image for PatchBrief,1672,941,eager,webp,263950,True,
baseline,https://kujolang.ai/ecosystem/patchbrief/,https://kujolang.ai/assets/images/kujo-logomark.svg,assets/images/kujo-logomark.svg,,24,24,,svg,895,True,
baseline,https://kujolang.ai/ecosystem/presswire/,https://kujolang.ai/assets/images/kujo-logomark.svg,assets/images/kujo-logomark.svg,,28,28,,svg,895,True,
baseline,https://kujolang.ai/ecosystem/presswire/,https://kujolang.ai/images/presswire-publication-dispatch-fb07811e7f15.webp,images/presswire-publication-dispatch-fb07811e7f15.webp,Featured image for PressWire,1916,821,eager,webp,29154,True,
baseline,https://kujolang.ai/ecosystem/presswire/,https://kujolang.ai/assets/images/kujo-logomark.svg,assets/images/kujo-logomark.svg,,24,24,,svg,895,True,
baseline,https://kujolang.ai/ecosystem/primitives/,https://kujolang.ai/assets/images/kujo-logomark.svg,assets/images/kujo-logomark.svg,,28,28,,svg,895,True,
baseline,https://kujolang.ai/ecosystem/primitives/,https://kujolang.ai/assets/images/ecosystem/primitives-language-foundation.webp,assets/images/ecosystem/primitives-language-foundation.webp,,1916,821,eager,webp,23992,True,
baseline,https://kujolang.ai/ecosystem/primitives/,https://kujolang.ai/images/kujo-language-runtime-cef66c407b45.webp,images/kujo-language-runtime-cef66c407b45.webp,Featured image for Kujo,1672,941,lazy,webp,241446,True,
baseline,https://kujolang.ai/ecosystem/primitives/,https://kujolang.ai/images/kennel-package-system-8280e2dd4179.webp,images/kennel-package-system-8280e2dd4179.webp,Featured image for Kennel,1672,941,lazy,webp,203432,True,
baseline,https://kujolang.ai/ecosystem/primitives/,https://kujolang.ai/images/spec-task-contracts-43741e470860.webp,images/spec-task-contracts-43741e470860.webp,Featured image for Spec,1672,941,lazy,webp,212192,True,
baseline,https://kujolang.ai/ecosystem/primitives/,https://kujolang.ai/images/eval-quality-gates-aecc112332c8.webp,images/eval-quality-gates-aecc112332c8.webp,Featured image for Eval,1672,941,lazy,webp,192074,True,
baseline,https://kujolang.ai/ecosystem/primitives/,https://kujolang.ai/images/scout-codebase-map-21d37b516748.webp,images/scout-codebase-map-21d37b516748.webp,Featured image for Scout,1672,941,lazy,webp,243902,True,
baseline,https://kujolang.ai/ecosystem/primitives/,https://kujolang.ai/images/dispatch-workflow-orchestration-639fb89b6f12.webp,images/dispatch-workflow-orchestration-639fb89b6f12.webp,Featured image for Dispatch,1916,821,lazy,webp,263950,True,
baseline,https://kujolang.ai/ecosystem/primitives/,https://kujolang.ai/images/ability-portable-operation-contracts-aac323bd9b20.webp,images/ability-portable-operation-contracts-aac323bd9b20.webp,Featured image for Ability,1916,821,lazy,webp,31166,True,
baseline,https://kujolang.ai/ecosystem/primitives/,https://kujolang.ai/images/mcp-tool-connectors-3162b501143b.webp,images/mcp-tool-connectors-3162b501143b.webp,Featured image for MCP,1672,941,lazy,webp,267974,True,
baseline,https://kujolang.ai/ecosystem/primitives/,https://kujolang.ai/images/rag-knowledge-retrieval-1a78f38afccc.webp,images/rag-knowledge-retrieval-1a78f38afccc.webp,Featured image for RAG,1672,941,lazy,webp,263842,True,
baseline,https://kujolang.ai/ecosystem/primitives/,https://kujolang.ai/images/ai-sdk-provider-network-175c86bfdec2.webp,images/ai-sdk-provider-network-175c86bfdec2.webp,Featured image for AI SDK,1672,941,lazy,webp,284232,True,
baseline,https://kujolang.ai/ecosystem/primitives/,https://kujolang.ai/images/agents-sdk-human-handoff-7c6891528adb.webp,images/agents-sdk-human-handoff-7c6891528adb.webp,Featured image for Agents SDK,1672,941,lazy,webp,277112,True,
baseline,https://kujolang.ai/ecosystem/primitives/,https://kujolang.ai/images/scent-context-fragments-a6eb7f34ffda.webp,images/scent-context-fragments-a6eb7f34ffda.webp,Featured image for Scent,1672,941,lazy,webp,291898,True,
baseline,https://kujolang.ai/ecosystem/primitives/,https://kujolang.ai/images/fence-architecture-boundary-754f3b2cd1d9.webp,images/fence-architecture-boundary-754f3b2cd1d9.webp,Featured image for Fence,1672,941,lazy,webp,289936,True,
baseline,https://kujolang.ai/ecosystem/primitives/,https://kujolang.ai/images/watchdog-telemetry-alert-c8fd7a9867a7.webp,images/watchdog-telemetry-alert-c8fd7a9867a7.webp,Featured image for Watchdog,1672,941,lazy,webp,285202,True,
baseline,https://kujolang.ai/ecosystem/primitives/,https://kujolang.ai/images/leash-mobile-approval-2ec0c1896137.webp,images/leash-mobile-approval-2ec0c1896137.webp,Featured image for Leash,1672,941,lazy,webp,272508,True,
baseline,https://kujolang.ai/ecosystem/primitives/,https://kujolang.ai/assets/images/kujo-logomark.svg,assets/images/kujo-logomark.svg,,24,24,,svg,895,True,
baseline,https://kujolang.ai/ecosystem/rag/,https://kujolang.ai/assets/images/kujo-logomark.svg,assets/images/kujo-logomark.svg,,28,28,,svg,895,True,
baseline,https://kujolang.ai/ecosystem/rag/,https://kujolang.ai/images/rag-knowledge-retrieval-1a78f38afccc.webp,images/rag-knowledge-retrieval-1a78f38afccc.webp,Featured image for RAG,1672,941,eager,webp,263842,True,
baseline,https://kujolang.ai/ecosystem/rag/,https://kujolang.ai/assets/images/kujo-logomark.svg,assets/images/kujo-logomark.svg,,24,24,,svg,895,True,
baseline,https://kujolang.ai/ecosystem/readersignal/,https://kujolang.ai/assets/images/kujo-logomark.svg,assets/images/kujo-logomark.svg,,28,28,,svg,895,True,
baseline,https://kujolang.ai/ecosystem/readersignal/,https://kujolang.ai/images/readersignal-measurement-console-50591191a6c8.webp,images/readersignal-measurement-console-50591191a6c8.webp,Featured image for ReaderSignal,1916,821,eager,webp,19390,True,
baseline,https://kujolang.ai/ecosystem/readersignal/,https://kujolang.ai/assets/images/kujo-logomark.svg,assets/images/kujo-logomark.svg,,24,24,,svg,895,True,
baseline,https://kujolang.ai/ecosystem/redact/,https://kujolang.ai/assets/images/kujo-logomark.svg,assets/images/kujo-logomark.svg,,28,28,,svg,895,True,
baseline,https://kujolang.ai/ecosystem/redact/,https://kujolang.ai/images/redact-document-sanitization-174419135945.webp,images/redact-document-sanitization-174419135945.webp,Featured image for Redact,1672,941,eager,webp,250472,True,
baseline,https://kujolang.ai/ecosystem/redact/,https://kujolang.ai/assets/images/kujo-logomark.svg,assets/images/kujo-logomark.svg,,24,24,,svg,895,True,
baseline,https://kujolang.ai/ecosystem/relay/,https://kujolang.ai/assets/images/kujo-logomark.svg,assets/images/kujo-logomark.svg,,28,28,,svg,895,True,
baseline,https://kujolang.ai/ecosystem/relay/,https://kujolang.ai/images/relay-mission-orchestration-42814b17903e.webp,images/relay-mission-orchestration-42814b17903e.webp,Featured image for Relay,1916,821,eager,webp,28654,True,
baseline,https://kujolang.ai/ecosystem/relay/,https://kujolang.ai/assets/images/kujo-logomark.svg,assets/images/kujo-logomark.svg,,24,24,,svg,895,True,
baseline,https://kujolang.ai/ecosystem/runledger/,https://kujolang.ai/assets/images/kujo-logomark.svg,assets/images/kujo-logomark.svg,,28,28,,svg,895,True,
baseline,https://kujolang.ai/ecosystem/runledger/,https://kujolang.ai/images/runledger-run-receipts-8d64451f3e9d.webp,images/runledger-run-receipts-8d64451f3e9d.webp,Featured image for RunLedger,1672,941,eager,webp,177314,True,
baseline,https://kujolang.ai/ecosystem/runledger/,https://kujolang.ai/assets/images/kujo-logomark.svg,assets/images/kujo-logomark.svg,,24,24,,svg,895,True,
baseline,https://kujolang.ai/ecosystem/scent/,https://kujolang.ai/assets/images/kujo-logomark.svg,assets/images/kujo-logomark.svg,,28,28,,svg,895,True,
baseline,https://kujolang.ai/ecosystem/scent/,https://kujolang.ai/images/scent-context-fragments-a6eb7f34ffda.webp,images/scent-context-fragments-a6eb7f34ffda.webp,Featured image for Scent,1672,941,eager,webp,291898,True,
baseline,https://kujolang.ai/ecosystem/scent/,https://kujolang.ai/assets/images/kujo-logomark.svg,assets/images/kujo-logomark.svg,,24,24,,svg,895,True,
baseline,https://kujolang.ai/ecosystem/scout/,https://kujolang.ai/assets/images/kujo-logomark.svg,assets/images/kujo-logomark.svg,,28,28,,svg,895,True,
baseline,https://kujolang.ai/ecosystem/scout/,https://kujolang.ai/images/scout-codebase-map-21d37b516748.webp,images/scout-codebase-map-21d37b516748.webp,Featured image for Scout,1672,941,eager,webp,243902,True,
baseline,https://kujolang.ai/ecosystem/scout/,https://kujolang.ai/assets/images/kujo-logomark.svg,assets/images/kujo-logomark.svg,,24,24,,svg,895,True,
baseline,https://kujolang.ai/ecosystem/searchbridge/,https://kujolang.ai/assets/images/kujo-logomark.svg,assets/images/kujo-logomark.svg,,28,28,,svg,895,True,
baseline,https://kujolang.ai/ecosystem/searchbridge/,https://kujolang.ai/images/searchbridge-provider-relay-5bdd8a9da6d7.webp,images/searchbridge-provider-relay-5bdd8a9da6d7.webp,Featured image for SearchBridge,1916,821,eager,webp,23650,True,
baseline,https://kujolang.ai/ecosystem/searchbridge/,https://kujolang.ai/assets/images/kujo-logomark.svg,assets/images/kujo-logomark.svg,,24,24,,svg,895,True,
baseline,https://kujolang.ai/ecosystem/shipcheck/,https://kujolang.ai/assets/images/kujo-logomark.svg,assets/images/kujo-logomark.svg,,28,28,,svg,895,True,
baseline,https://kujolang.ai/ecosystem/shipcheck/,https://kujolang.ai/images/shipcheck-release-containers-6dd88086a094.webp,images/shipcheck-release-containers-6dd88086a094.webp,Featured image for ShipCheck,1916,821,eager,webp,261420,True,
baseline,https://kujolang.ai/ecosystem/shipcheck/,https://kujolang.ai/assets/images/kujo-logomark.svg,assets/images/kujo-logomark.svg,,24,24,,svg,895,True,
baseline,https://kujolang.ai/ecosystem/showcase/,https://kujolang.ai/assets/images/kujo-logomark.svg,assets/images/kujo-logomark.svg,,28,28,,svg,895,True,
baseline,https://kujolang.ai/ecosystem/showcase/,https://kujolang.ai/assets/images/ecosystem/showcase-application-gallery.webp,assets/images/ecosystem/showcase-application-gallery.webp,,1916,821,eager,webp,22670,True,
baseline,https://kujolang.ai/ecosystem/showcase/,https://kujolang.ai/images/cms-content-infrastructure-c165bfd8ddac.webp,images/cms-content-infrastructure-c165bfd8ddac.webp,Featured image for CMS,1672,941,lazy,webp,345632,True,
baseline,https://kujolang.ai/ecosystem/showcase/,https://kujolang.ai/images/crud-api-application-stack-c24f97341118.webp,images/crud-api-application-stack-c24f97341118.webp,Featured image for CRUD API Showcase,1672,941,lazy,webp,177314,True,
baseline,https://kujolang.ai/ecosystem/showcase/,https://kujolang.ai/images/ai-chat-conversation-9b03c2fa574c.webp,images/ai-chat-conversation-9b03c2fa574c.webp,Featured image for AI Chat,1672,941,lazy,webp,231888,True,
baseline,https://kujolang.ai/ecosystem/showcase/,https://kujolang.ai/images/ssg-static-sites-db4a1b6844d0.webp,images/ssg-static-sites-db4a1b6844d0.webp,Featured image for SSG,1672,941,lazy,webp,243902,True,
baseline,https://kujolang.ai/ecosystem/showcase/,https://kujolang.ai/images/totalrecall-global-memory-97c41526d9ee.webp,images/totalrecall-global-memory-97c41526d9ee.webp,Featured image for TotalRecall,1536,1024,lazy,webp,280062,True,
baseline,https://kujolang.ai/ecosystem/showcase/,https://kujolang.ai/images/tribunal-adversarial-hearing-3968b39e2678.webp,images/tribunal-adversarial-hearing-3968b39e2678.webp,Featured image for Tribunal,1916,821,lazy,webp,21924,True,
baseline,https://kujolang.ai/ecosystem/showcase/,https://kujolang.ai/images/relay-mission-orchestration-42814b17903e.webp,images/relay-mission-orchestration-42814b17903e.webp,Featured image for Relay,1916,821,lazy,webp,28654,True,
baseline,https://kujolang.ai/ecosystem/showcase/,https://kujolang.ai/assets/images/kujo-logomark.svg,assets/images/kujo-logomark.svg,,24,24,,svg,895,True,
baseline,https://kujolang.ai/ecosystem/sitekit/,https://kujolang.ai/assets/images/kujo-logomark.svg,assets/images/kujo-logomark.svg,,28,28,,svg,895,True,
baseline,https://kujolang.ai/ecosystem/sitekit/,https://kujolang.ai/images/sitekit-interface-system-7b063362e496.webp,images/sitekit-interface-system-7b063362e496.webp,Featured image for SiteKit,1916,821,eager,webp,211286,True,
baseline,https://kujolang.ai/ecosystem/sitekit/,https://kujolang.ai/assets/images/kujo-logomark.svg,assets/images/kujo-logomark.svg,,24,24,,svg,895,True,
baseline,https://kujolang.ai/ecosystem/siteprobe/,https://kujolang.ai/assets/images/kujo-logomark.svg,assets/images/kujo-logomark.svg,,28,28,,svg,895,True,
baseline,https://kujolang.ai/ecosystem/siteprobe/,https://kujolang.ai/images/siteprobe-website-crawler-14da624e9418.webp,images/siteprobe-website-crawler-14da624e9418.webp,Featured image for SiteProbe,1916,821,eager,webp,18338,True,
baseline,https://kujolang.ai/ecosystem/siteprobe/,https://kujolang.ai/assets/images/kujo-logomark.svg,assets/images/kujo-logomark.svg,,24,24,,svg,895,True,
baseline,https://kujolang.ai/ecosystem/skills/,https://kujolang.ai/assets/images/kujo-logomark.svg,assets/images/kujo-logomark.svg,,28,28,,svg,895,True,
baseline,https://kujolang.ai/ecosystem/skills/,https://kujolang.ai/assets/images/ecosystem/skills-agent-guidance-library.webp,assets/images/ecosystem/skills-agent-guidance-library.webp,,1916,821,eager,webp,28862,True,
baseline,https://kujolang.ai/ecosystem/skills/,https://kujolang.ai/images/skill-kujo-agents-sdk-workflows-1653d98f6c6f.webp,images/skill-kujo-agents-sdk-workflows-1653d98f6c6f.webp,Featured image for Agents SDK,1916,821,lazy,webp,31214,True,
baseline,https://kujolang.ai/ecosystem/skills/,https://kujolang.ai/images/skill-kujo-ai-chat-workflows-3942774566bd.webp,images/skill-kujo-ai-chat-workflows-3942774566bd.webp,Featured image for Kujo AI Chat,1916,821,lazy,webp,25936,True,
baseline,https://kujolang.ai/ecosystem/skills/,https://kujolang.ai/images/skill-kujo-ai-sdk-workflows-7e776837307a.webp,images/skill-kujo-ai-sdk-workflows-7e776837307a.webp,Featured image for Kujo AI SDK,1916,821,lazy,webp,31848,True,
baseline,https://kujolang.ai/ecosystem/skills/,https://kujolang.ai/images/skill-kujo-assetworks-workflows-ed781489713e.webp,images/skill-kujo-assetworks-workflows-ed781489713e.webp,Featured image for Kujo AssetWorks,1916,821,lazy,webp,23062,True,
baseline,https://kujolang.ai/ecosystem/skills/,https://kujolang.ai/images/skill-kujo-backlog-normalizer-49358e67abf9.webp,images/skill-kujo-backlog-normalizer-49358e67abf9.webp,Featured image for Kujo Backlog Normalizer,1916,821,lazy,webp,21320,True,
baseline,https://kujolang.ai/ecosystem/skills/,https://kujolang.ai/images/skill-kujo-benchmarks-capsule-workflows-58db43f289bf.webp,images/skill-kujo-benchmarks-capsule-workflows-58db43f289bf.webp,Featured image for Kujo Benchmarks Capsule,1916,821,lazy,webp,25776,True,
baseline,https://kujolang.ai/ecosystem/skills/,https://kujolang.ai/images/skill-kujo-bluepencil-workflows-dc98ca764cbd.webp,images/skill-kujo-bluepencil-workflows-dc98ca764cbd.webp,Featured image for Kujo BluePencil,1916,821,lazy,webp,33518,True,
baseline,https://kujolang.ai/ecosystem/skills/,https://kujolang.ai/images/skill-kujo-casefile-workflows-f64f85c57ca7.webp,images/skill-kujo-casefile-workflows-f64f85c57ca7.webp,Featured image for Kujo Casefile,1916,821,lazy,webp,26454,True,
baseline,https://kujolang.ai/ecosystem/skills/,https://kujolang.ai/images/skill-kujo-changebucket-workflows-4d6fc96fdb4c.webp,images/skill-kujo-changebucket-workflows-4d6fc96fdb4c.webp,Featured image for Kujo ChangeBucket,1916,821,lazy,webp,22128,True,
baseline,https://kujolang.ai/ecosystem/skills/,https://kujolang.ai/images/skill-kujo-cli-contracts-719600233ebd.webp,images/skill-kujo-cli-contracts-719600233ebd.webp,Featured image for Kujo CLI Contracts,1916,821,lazy,webp,31930,True,
baseline,https://kujolang.ai/ecosystem/skills/,https://kujolang.ai/images/skill-kujo-cms-workflows-ddc02e63ad17.webp,images/skill-kujo-cms-workflows-ddc02e63ad17.webp,Featured image for Kujo CMS,1916,821,lazy,webp,24958,True,
baseline,https://kujolang.ai/ecosystem/skills/,https://kujolang.ai/images/skill-kujo-concord-workflows-2fa2785cdbec.webp,images/skill-kujo-concord-workflows-2fa2785cdbec.webp,Featured image for Kujo Concord,1916,821,lazy,webp,27740,True,
baseline,https://kujolang.ai/ecosystem/skills/,https://kujolang.ai/images/skill-kujo-contentgraph-workflows-b532fa86793a.webp,images/skill-kujo-contentgraph-workflows-b532fa86793a.webp,Featured image for Kujo ContentGraph,1916,821,lazy,webp,24112,True,
baseline,https://kujolang.ai/ecosystem/skills/,https://kujolang.ai/images/skill-kujo-core-language-c3c7b036acfb.webp,images/skill-kujo-core-language-c3c7b036acfb.webp,Featured image for Kujo Core Language,1916,821,lazy,webp,28460,True,
baseline,https://kujolang.ai/ecosystem/skills/,https://kujolang.ai/images/skill-kujo-cross-repo-dogfood-runner-0323cb780cd1.webp,images/skill-kujo-cross-repo-dogfood-runner-0323cb780cd1.webp,Featured image for Kujo Cross-Repo Dogfood Runner,1916,821,lazy,webp,32016,True,
baseline,https://kujolang.ai/ecosystem/skills/,https://kujolang.ai/images/skill-kujo-crud-api-workflows-420f1e088c56.webp,images/skill-kujo-crud-api-workflows-420f1e088c56.webp,Featured image for Kujo CRUD API,1916,821,lazy,webp,24508,True,
baseline,https://kujolang.ai/ecosystem/skills/,https://kujolang.ai/images/skill-kujo-dependabot-alert-triage-18d37d625b84.webp,images/skill-kujo-dependabot-alert-triage-18d37d625b84.webp,Featured image for Kujo Dependabot Alert Triage,1916,821,lazy,webp,25318,True,
baseline,https://kujolang.ai/ecosystem/skills/,https://kujolang.ai/images/skill-kujo-dispatch-workflows-4d03bdf4280c.webp,images/skill-kujo-dispatch-workflows-4d03bdf4280c.webp,Featured image for Kujo Dispatch,1916,821,lazy,webp,23240,True,
baseline,https://kujolang.ai/ecosystem/skills/,https://kujolang.ai/images/skill-kujo-docgen-agent-readable-7f16b0c9a491.webp,images/skill-kujo-docgen-agent-readable-7f16b0c9a491.webp,Featured image for Kujo DocGen And DocsGen,1916,821,lazy,webp,26732,True,
baseline,https://kujolang.ai/ecosystem/skills/,https://kujolang.ai/images/skill-kujo-docgen-public-docs-refresh-4294162ff41a.webp,images/skill-kujo-docgen-public-docs-refresh-4294162ff41a.webp,Featured image for Kujo DocGen Public Docs Refresh,1916,821,lazy,webp,25918,True,
baseline,https://kujolang.ai/ecosystem/skills/,https://kujolang.ai/images/skill-kujo-docs-drift-auditor-407c50b55219.webp,images/skill-kujo-docs-drift-auditor-407c50b55219.webp,Featured image for Kujo Docs Drift Auditor,1916,821,lazy,webp,20392,True,
baseline,https://kujolang.ai/ecosystem/skills/,https://kujolang.ai/images/skill-kujo-dossier-workflows-111be36d7816.webp,images/skill-kujo-dossier-workflows-111be36d7816.webp,Featured image for Kujo Dossier,1916,821,lazy,webp,33994,True,
baseline,https://kujolang.ai/ecosystem/skills/,https://kujolang.ai/images/skill-kujo-ecosystem-launch-18a699534113.webp,images/skill-kujo-ecosystem-launch-18a699534113.webp,Featured image for Kujo Ecosystem Launch,1916,821,lazy,webp,27648,True,
baseline,https://kujolang.ai/ecosystem/skills/,https://kujolang.ai/images/skill-kujo-enterprise-automation-194717ac5c38.webp,images/skill-kujo-enterprise-automation-194717ac5c38.webp,Featured image for Kujo Enterprise Automation,1916,821,lazy,webp,27350,True,
baseline,https://kujolang.ai/ecosystem/skills/,https://kujolang.ai/images/skill-kujo-eval-workflows-98eb277b4624.webp,images/skill-kujo-eval-workflows-98eb277b4624.webp,Featured image for Kujo Eval,1916,821,lazy,webp,25612,True,
baseline,https://kujolang.ai/ecosystem/skills/,https://kujolang.ai/images/skill-kujo-fence-workflows-c196f4f1467c.webp,images/skill-kujo-fence-workflows-c196f4f1467c.webp,Featured image for Kujo Fence,1916,821,lazy,webp,31250,True,
baseline,https://kujolang.ai/ecosystem/skills/,https://kujolang.ai/images/skill-kujo-galleypack-workflows-f8a6449baad9.webp,images/skill-kujo-galleypack-workflows-f8a6449baad9.webp,Featured image for Kujo GalleyPack,1916,821,lazy,webp,23132,True,
baseline,https://kujolang.ai/ecosystem/skills/,https://kujolang.ai/images/skill-kujo-howl-workflows-e61afe30a393.webp,images/skill-kujo-howl-workflows-e61afe30a393.webp,Featured image for Kujo Howl,1916,821,lazy,webp,26486,True,
baseline,https://kujolang.ai/ecosystem/skills/,https://kujolang.ai/images/skill-kujo-kennel-workflows-c4fd83b2f4b3.webp,images/skill-kujo-kennel-workflows-c4fd83b2f4b3.webp,Featured image for Kujo Kennel,1916,821,lazy,webp,32230,True,
baseline,https://kujolang.ai/ecosystem/skills/,https://kujolang.ai/images/skill-kujo-language-implementation-2003289641ca.webp,images/skill-kujo-language-implementation-2003289641ca.webp,Featured image for Kujo Language Implementation,1916,821,lazy,webp,23764,True,
baseline,https://kujolang.ai/ecosystem/skills/,https://kujolang.ai/images/skill-kujo-lens-workflows-5e6395fa359a.webp,images/skill-kujo-lens-workflows-5e6395fa359a.webp,Featured image for Kujo Lens,1916,821,lazy,webp,27952,True,
baseline,https://kujolang.ai/ecosystem/skills/,https://kujolang.ai/images/skill-kujo-loop-engineering-workflows-228f92921e21.webp,images/skill-kujo-loop-engineering-workflows-228f92921e21.webp,Featured image for Kujo Loop Engineering,1916,821,lazy,webp,20220,True,
baseline,https://kujolang.ai/ecosystem/skills/,https://kujolang.ai/images/skill-kujo-maintainer-review-c80c8f004066.webp,images/skill-kujo-maintainer-review-c80c8f004066.webp,Featured image for Kujo Maintainer Review,1916,821,lazy,webp,21124,True,
baseline,https://kujolang.ai/ecosystem/skills/,https://kujolang.ai/images/skill-kujo-mcp-workflows-f5b58503ab16.webp,images/skill-kujo-mcp-workflows-f5b58503ab16.webp,Featured image for Kujo MCP,1916,821,lazy,webp,29196,True,
baseline,https://kujolang.ai/ecosystem/skills/,https://kujolang.ai/images/skill-kujo-muzzle-workflows-e41eed9fcf5f.webp,images/skill-kujo-muzzle-workflows-e41eed9fcf5f.webp,Featured image for Kujo Muzzle,1916,821,lazy,webp,24966,True,
baseline,https://kujolang.ai/ecosystem/skills/,https://kujolang.ai/images/skill-kujo-packwrite-workflows-82c1203c3c82.webp,images/skill-kujo-packwrite-workflows-82c1203c3c82.webp,Featured image for Kujo PackWrite,1916,821,lazy,webp,23514,True,
baseline,https://kujolang.ai/ecosystem/skills/,https://kujolang.ai/images/skill-kujo-patchbrief-workflows-bae912ee3693.webp,images/skill-kujo-patchbrief-workflows-bae912ee3693.webp,Featured image for Kujo PatchBrief,1916,821,lazy,webp,20520,True,
baseline,https://kujolang.ai/ecosystem/skills/,https://kujolang.ai/images/skill-kujo-presswire-workflows-e5cc0f516344.webp,images/skill-kujo-presswire-workflows-e5cc0f516344.webp,Featured image for Kujo PressWire,1916,821,lazy,webp,32940,True,
baseline,https://kujolang.ai/ecosystem/skills/,https://kujolang.ai/images/skill-kujo-publishing-house-workflows-d36217dfc5a6.webp,images/skill-kujo-publishing-house-workflows-d36217dfc5a6.webp,Featured image for Kujo Publishing House,1916,821,lazy,webp,30632,True,
baseline,https://kujolang.ai/ecosystem/skills/,https://kujolang.ai/images/skill-kujo-rag-workflows-19d5ef9c0c2d.webp,images/skill-kujo-rag-workflows-19d5ef9c0c2d.webp,Featured image for Kujo RAG,1916,821,lazy,webp,33282,True,
baseline,https://kujolang.ai/ecosystem/skills/,https://kujolang.ai/images/skill-kujo-readersignal-workflows-01f209d13f92.webp,images/skill-kujo-readersignal-workflows-01f209d13f92.webp,Featured image for Kujo ReaderSignal,1916,821,lazy,webp,23730,True,
baseline,https://kujolang.ai/ecosystem/skills/,https://kujolang.ai/images/skill-kujo-readiness-auditor-52e8798dffd4.webp,images/skill-kujo-readiness-auditor-52e8798dffd4.webp,Featured image for Kujo Readiness Auditor,1916,821,lazy,webp,21158,True,
baseline,https://kujolang.ai/ecosystem/skills/,https://kujolang.ai/images/skill-kujo-redact-workflows-cb6be6365444.webp,images/skill-kujo-redact-workflows-cb6be6365444.webp,Featured image for Kujo Redact,1916,821,lazy,webp,29942,True,
baseline,https://kujolang.ai/ecosystem/skills/,https://kujolang.ai/images/skill-kujo-relay-workflows-da76fc81e386.webp,images/skill-kujo-relay-workflows-da76fc81e386.webp,Featured image for Kujo Relay,1916,821,lazy,webp,22174,True,
baseline,https://kujolang.ai/ecosystem/skills/,https://kujolang.ai/images/skill-kujo-release-gate-runner-a78efcc6b0f1.webp,images/skill-kujo-release-gate-runner-a78efcc6b0f1.webp,Featured image for Kujo Release Gate Runner,1916,821,lazy,webp,26042,True,
baseline,https://kujolang.ai/ecosystem/skills/,https://kujolang.ai/images/skill-kujo-runledger-workflows-4b7d6069280d.webp,images/skill-kujo-runledger-workflows-4b7d6069280d.webp,Featured image for Kujo RunLedger,1916,821,lazy,webp,23782,True,
baseline,https://kujolang.ai/ecosystem/skills/,https://kujolang.ai/images/skill-kujo-runtime-parity-32a1df958daa.webp,images/skill-kujo-runtime-parity-32a1df958daa.webp,Featured image for Kujo Runtime Parity,1916,821,lazy,webp,25870,True,
baseline,https://kujolang.ai/ecosystem/skills/,https://kujolang.ai/images/skill-kujo-scent-workflows-467147f3451c.webp,images/skill-kujo-scent-workflows-467147f3451c.webp,Featured image for Kujo Scent,1916,821,lazy,webp,28920,True,
baseline,https://kujolang.ai/ecosystem/skills/,https://kujolang.ai/images/skill-kujo-scout-workflows-a4f9e5895026.webp,images/skill-kujo-scout-workflows-a4f9e5895026.webp,Featured image for Kujo Scout,1916,821,lazy,webp,20216,True,
baseline,https://kujolang.ai/ecosystem/skills/,https://kujolang.ai/images/skill-kujo-searchbridge-workflows-9638a392ba85.webp,images/skill-kujo-searchbridge-workflows-9638a392ba85.webp,Featured image for Kujo Searchbridge,1916,821,lazy,webp,23686,True,
baseline,https://kujolang.ai/ecosystem/skills/,https://kujolang.ai/images/skill-kujo-security-hardening-28ceb2066735.webp,images/skill-kujo-security-hardening-28ceb2066735.webp,Featured image for Kujo Security Hardening,1916,821,lazy,webp,39422,True,
baseline,https://kujolang.ai/ecosystem/skills/,https://kujolang.ai/images/skill-kujo-shipcheck-workflows-333b61e52412.webp,images/skill-kujo-shipcheck-workflows-333b61e52412.webp,Featured image for Kujo ShipCheck,1916,821,lazy,webp,25544,True,
baseline,https://kujolang.ai/ecosystem/skills/,https://kujolang.ai/images/skill-kujo-site-kit-workflows-756dee6e9377.webp,images/skill-kujo-site-kit-workflows-756dee6e9377.webp,Featured image for Kujo SiteKit Repository,1916,821,lazy,webp,24974,True,
baseline,https://kujolang.ai/ecosystem/skills/,https://kujolang.ai/images/skill-kujo-sitekit-workflows-56ae71e7d60a.webp,images/skill-kujo-sitekit-workflows-56ae71e7d60a.webp,Featured image for Kujo SiteKit,1916,821,lazy,webp,26072,True,
baseline,https://kujolang.ai/ecosystem/skills/,https://kujolang.ai/images/skill-kujo-siteprobe-workflows-f889a843e734.webp,images/skill-kujo-siteprobe-workflows-f889a843e734.webp,Featured image for Kujo Siteprobe,1916,821,lazy,webp,24032,True,
baseline,https://kujolang.ai/ecosystem/skills/,https://kujolang.ai/images/skill-kujo-skill-auditor-ba0564a24638.webp,images/skill-kujo-skill-auditor-ba0564a24638.webp,Featured image for Kujo Skill Auditor,1916,821,lazy,webp,23618,True,
baseline,https://kujolang.ai/ecosystem/skills/,https://kujolang.ai/images/skill-kujo-spec-workflows-96c4a380f2ba.webp,images/skill-kujo-spec-workflows-96c4a380f2ba.webp,Featured image for Kujo Spec,1916,821,lazy,webp,27052,True,
baseline,https://kujolang.ai/ecosystem/skills/,https://kujolang.ai/images/skill-kujo-ssg-workflows-4ab2b63ff8c6.webp,images/skill-kujo-ssg-workflows-4ab2b63ff8c6.webp,Featured image for Kujo SSG,1916,821,lazy,webp,35496,True,
baseline,https://kujolang.ai/ecosystem/skills/,https://kujolang.ai/images/skill-kujo-standard-library-eaf9dcdb1c38.webp,images/skill-kujo-standard-library-eaf9dcdb1c38.webp,Featured image for Kujo Standard Library,1916,821,lazy,webp,18064,True,
baseline,https://kujolang.ai/ecosystem/skills/,https://kujolang.ai/images/skill-kujo-storydesk-workflows-607a18eb196c.webp,images/skill-kujo-storydesk-workflows-607a18eb196c.webp,Featured image for Kujo StoryDesk,1916,821,lazy,webp,23410,True,
baseline,https://kujolang.ai/ecosystem/skills/,https://kujolang.ai/images/skill-kujo-testing-release-gates-abdd59512ead.webp,images/skill-kujo-testing-release-gates-abdd59512ead.webp,Featured image for Kujo Testing And Release Gates,1916,821,lazy,webp,27470,True,
baseline,https://kujolang.ai/ecosystem/skills/,https://kujolang.ai/images/skill-kujo-tool-building-60813d178dee.webp,images/skill-kujo-tool-building-60813d178dee.webp,Featured image for Kujo Tool Building,1916,821,lazy,webp,27154,True,
baseline,https://kujolang.ai/ecosystem/skills/,https://kujolang.ai/images/skill-kujo-tribunal-workflows-0c07da863435.webp,images/skill-kujo-tribunal-workflows-0c07da863435.webp,Featured image for Kujo Tribunal,1916,821,lazy,webp,31752,True,
baseline,https://kujolang.ai/ecosystem/skills/,https://kujolang.ai/images/skill-kujo-versionseal-workflows-b79f9561e552.webp,images/skill-kujo-versionseal-workflows-b79f9561e552.webp,Featured image for Kujo VersionSeal,1916,821,lazy,webp,24480,True,
baseline,https://kujolang.ai/ecosystem/skills/,https://kujolang.ai/images/skill-kujo-watchdog-workflows-b00ba076432f.webp,images/skill-kujo-watchdog-workflows-b00ba076432f.webp,Featured image for Kujo Watchdog,1916,821,lazy,webp,31364,True,
baseline,https://kujolang.ai/ecosystem/skills/,https://kujolang.ai/images/skill-kujo-way-development-b1f14d7dba89.webp,images/skill-kujo-way-development-b1f14d7dba89.webp,Featured image for Kujo Way Development,1916,821,lazy,webp,32442,True,
baseline,https://kujolang.ai/ecosystem/skills/,https://kujolang.ai/images/skill-kujo-workcell-workflows-e01135b9bfb1.webp,images/skill-kujo-workcell-workflows-e01135b9bfb1.webp,Featured image for Kujo Workcell,1916,821,lazy,webp,31766,True,
baseline,https://kujolang.ai/ecosystem/skills/,https://kujolang.ai/images/skill-publishing-house-profile-setup-ae2205b31a75.webp,images/skill-publishing-house-profile-setup-ae2205b31a75.webp,Featured image for Publishing House Profile Setup,1916,821,lazy,webp,23138,True,
baseline,https://kujolang.ai/ecosystem/skills/,https://kujolang.ai/images/skill-publishing-house-quality-calibration-665e62984e28.webp,images/skill-publishing-house-quality-calibration-665e62984e28.webp,Featured image for Publishing House Quality Calibration,1916,821,lazy,webp,31126,True,
baseline,https://kujolang.ai/ecosystem/skills/,https://kujolang.ai/images/skill-webops-accessibility-review-4d3f221890e7.webp,images/skill-webops-accessibility-review-4d3f221890e7.webp,Featured image for WebOps Accessibility Review,1916,821,lazy,webp,31590,True,
baseline,https://kujolang.ai/ecosystem/skills/,https://kujolang.ai/images/skill-webops-ai-search-visibility-364da6580640.webp,images/skill-webops-ai-search-visibility-364da6580640.webp,Featured image for WebOps AI Search Visibility,1916,821,lazy,webp,25300,True,
baseline,https://kujolang.ai/ecosystem/skills/,https://kujolang.ai/images/skill-webops-analytics-analysis-4a43c8319c34.webp,images/skill-webops-analytics-analysis-4a43c8319c34.webp,Featured image for WebOps Analytics Analysis,1916,821,lazy,webp,27126,True,
baseline,https://kujolang.ai/ecosystem/skills/,https://kujolang.ai/images/skill-webops-backlink-and-mention-analysis-33cd945bed96.webp,images/skill-webops-backlink-and-mention-analysis-33cd945bed96.webp,Featured image for WebOps Backlink And Mention Analysis,1916,821,lazy,webp,22490,True,
baseline,https://kujolang.ai/ecosystem/skills/,https://kujolang.ai/images/skill-webops-cannibalization-996923b68ff3.webp,images/skill-webops-cannibalization-996923b68ff3.webp,Featured image for WebOps Cannibalization,1916,821,lazy,webp,28402,True,
baseline,https://kujolang.ai/ecosystem/skills/,https://kujolang.ai/images/skill-webops-capability-preflight-ae62143e180b.webp,images/skill-webops-capability-preflight-ae62143e180b.webp,Featured image for WebOps Capability Preflight,1916,821,lazy,webp,24394,True,
baseline,https://kujolang.ai/ecosystem/skills/,https://kujolang.ai/images/skill-webops-competitor-intelligence-e5692be23154.webp,images/skill-webops-competitor-intelligence-e5692be23154.webp,Featured image for WebOps Competitor Intelligence,1916,821,lazy,webp,16938,True,
baseline,https://kujolang.ai/ecosystem/skills/,https://kujolang.ai/images/skill-webops-content-accuracy-18c1b3801926.webp,images/skill-webops-content-accuracy-18c1b3801926.webp,Featured image for WebOps Content Accuracy,1916,821,lazy,webp,29806,True,
baseline,https://kujolang.ai/ecosystem/skills/,https://kujolang.ai/images/skill-webops-content-decay-9e48fcdaf900.webp,images/skill-webops-content-decay-9e48fcdaf900.webp,Featured image for WebOps Content Decay,1916,821,lazy,webp,25966,True,
baseline,https://kujolang.ai/ecosystem/skills/,https://kujolang.ai/images/skill-webops-content-gap-422fd4300815.webp,images/skill-webops-content-gap-422fd4300815.webp,Featured image for WebOps Content Gap,1916,821,lazy,webp,23128,True,
baseline,https://kujolang.ai/ecosystem/skills/,https://kujolang.ai/images/skill-webops-content-portfolio-26d7360257f8.webp,images/skill-webops-content-portfolio-26d7360257f8.webp,Featured image for WebOps Content Portfolio,1916,821,lazy,webp,27954,True,
baseline,https://kujolang.ai/ecosystem/skills/,https://kujolang.ai/images/skill-webops-content-pruning-4715e06d1c4a.webp,images/skill-webops-content-pruning-4715e06d1c4a.webp,Featured image for WebOps Content Pruning,1916,821,lazy,webp,36616,True,
baseline,https://kujolang.ai/ecosystem/skills/,https://kujolang.ai/images/skill-webops-distribution-8b80d474e275.webp,images/skill-webops-distribution-8b80d474e275.webp,Featured image for WebOps Distribution,1916,821,lazy,webp,31964,True,
baseline,https://kujolang.ai/ecosystem/skills/,https://kujolang.ai/images/skill-webops-indexation-a80026f52bdc.webp,images/skill-webops-indexation-a80026f52bdc.webp,Featured image for WebOps Indexation,1916,821,lazy,webp,25756,True,
baseline,https://kujolang.ai/ecosystem/skills/,https://kujolang.ai/images/skill-webops-information-architecture-a2bf29a07bed.webp,images/skill-webops-information-architecture-a2bf29a07bed.webp,Featured image for WebOps Information Architecture,1916,821,lazy,webp,16304,True,
baseline,https://kujolang.ai/ecosystem/skills/,https://kujolang.ai/images/skill-webops-internal-linking-c96a3a3d9f8a.webp,images/skill-webops-internal-linking-c96a3a3d9f8a.webp,Featured image for WebOps Internal Linking,1916,821,lazy,webp,21256,True,
baseline,https://kujolang.ai/ecosystem/skills/,https://kujolang.ai/images/skill-webops-keyword-opportunity-6a376fff4d92.webp,images/skill-webops-keyword-opportunity-6a376fff4d92.webp,Featured image for WebOps Keyword Opportunity,1916,821,lazy,webp,13762,True,
baseline,https://kujolang.ai/ecosystem/skills/,https://kujolang.ai/images/skill-webops-link-health-8893a4d4ee84.webp,images/skill-webops-link-health-8893a4d4ee84.webp,Featured image for WebOps Link Health,1916,821,lazy,webp,28158,True,
baseline,https://kujolang.ai/ecosystem/skills/,https://kujolang.ai/images/skill-webops-longitudinal-findings-40e99f856238.webp,images/skill-webops-longitudinal-findings-40e99f856238.webp,Featured image for WebOps Longitudinal Findings,1916,821,lazy,webp,37228,True,
baseline,https://kujolang.ai/ecosystem/skills/,https://kujolang.ai/images/skill-webops-reporting-40fca4015119.webp,images/skill-webops-reporting-40fca4015119.webp,Featured image for WebOps Reporting,1916,821,lazy,webp,32324,True,
baseline,https://kujolang.ai/ecosystem/skills/,https://kujolang.ai/images/skill-webops-schema-and-metadata-bb7f6990be34.webp,images/skill-webops-schema-and-metadata-bb7f6990be34.webp,Featured image for WebOps Schema And Metadata,1916,821,lazy,webp,16240,True,
baseline,https://kujolang.ai/ecosystem/skills/,https://kujolang.ai/images/skill-webops-search-performance-9ef759e3e5cd.webp,images/skill-webops-search-performance-9ef759e3e5cd.webp,Featured image for WebOps Search Performance,1916,821,lazy,webp,23710,True,
baseline,https://kujolang.ai/ecosystem/skills/,https://kujolang.ai/images/skill-webops-search-standards-watch-91d7242b98a1.webp,images/skill-webops-search-standards-watch-91d7242b98a1.webp,Featured image for WebOps Search Standards Watch,1916,821,lazy,webp,29660,True,
baseline,https://kujolang.ai/ecosystem/skills/,https://kujolang.ai/images/skill-webops-search-submission-49ef080648df.webp,images/skill-webops-search-submission-49ef080648df.webp,Featured image for WebOps Search Submission,1916,821,lazy,webp,29722,True,
baseline,https://kujolang.ai/ecosystem/skills/,https://kujolang.ai/images/skill-webops-site-profile-64332218f1fb.webp,images/skill-webops-site-profile-64332218f1fb.webp,Featured image for WebOps Site Profile,1916,821,lazy,webp,21206,True,
baseline,https://kujolang.ai/ecosystem/skills/,https://kujolang.ai/images/skill-webops-technical-seo-c0fcc75e0f4b.webp,images/skill-webops-technical-seo-c0fcc75e0f4b.webp,Featured image for WebOps Technical SEO,1916,821,lazy,webp,23262,True,
baseline,https://kujolang.ai/ecosystem/skills/,https://kujolang.ai/images/skill-webops-web-performance-566ff8805384.webp,images/skill-webops-web-performance-566ff8805384.webp,Featured image for WebOps Web Performance,1916,821,lazy,webp,25466,True,
baseline,https://kujolang.ai/ecosystem/skills/,https://kujolang.ai/assets/images/kujo-logomark.svg,assets/images/kujo-logomark.svg,,24,24,,svg,895,True,
baseline,https://kujolang.ai/ecosystem/skills/kujo-agents-sdk-workflows/,https://kujolang.ai/assets/images/kujo-logomark.svg,assets/images/kujo-logomark.svg,,28,28,,svg,895,True,
baseline,https://kujolang.ai/ecosystem/skills/kujo-agents-sdk-workflows/,https://kujolang.ai/images/skill-kujo-agents-sdk-workflows-1653d98f6c6f.webp,images/skill-kujo-agents-sdk-workflows-1653d98f6c6f.webp,Featured image for Agents SDK,1916,821,eager,webp,31214,True,
baseline,https://kujolang.ai/ecosystem/skills/kujo-agents-sdk-workflows/,https://kujolang.ai/assets/images/kujo-logomark.svg,assets/images/kujo-logomark.svg,,24,24,,svg,895,True,
baseline,https://kujolang.ai/ecosystem/skills/kujo-ai-chat-workflows/,https://kujolang.ai/assets/images/kujo-logomark.svg,assets/images/kujo-logomark.svg,,28,28,,svg,895,True,
baseline,https://kujolang.ai/ecosystem/skills/kujo-ai-chat-workflows/,https://kujolang.ai/images/skill-kujo-ai-chat-workflows-3942774566bd.webp,images/skill-kujo-ai-chat-workflows-3942774566bd.webp,Featured image for Kujo AI Chat,1916,821,eager,webp,25936,True,
baseline,https://kujolang.ai/ecosystem/skills/kujo-ai-chat-workflows/,https://kujolang.ai/assets/images/kujo-logomark.svg,assets/images/kujo-logomark.svg,,24,24,,svg,895,True,
baseline,https://kujolang.ai/ecosystem/skills/kujo-ai-sdk-workflows/,https://kujolang.ai/assets/images/kujo-logomark.svg,assets/images/kujo-logomark.svg,,28,28,,svg,895,True,
baseline,https://kujolang.ai/ecosystem/skills/kujo-ai-sdk-workflows/,https://kujolang.ai/images/skill-kujo-ai-sdk-workflows-7e776837307a.webp,images/skill-kujo-ai-sdk-workflows-7e776837307a.webp,Featured image for Kujo AI SDK,1916,821,eager,webp,31848,True,
baseline,https://kujolang.ai/ecosystem/skills/kujo-ai-sdk-workflows/,https://kujolang.ai/assets/images/kujo-logomark.svg,assets/images/kujo-logomark.svg,,24,24,,svg,895,True,
baseline,https://kujolang.ai/ecosystem/skills/kujo-assetworks-workflows/,https://kujolang.ai/assets/images/kujo-logomark.svg,assets/images/kujo-logomark.svg,,28,28,,svg,895,True,
baseline,https://kujolang.ai/ecosystem/skills/kujo-assetworks-workflows/,https://kujolang.ai/images/skill-kujo-assetworks-workflows-ed781489713e.webp,images/skill-kujo-assetworks-workflows-ed781489713e.webp,Featured image for Kujo AssetWorks,1916,821,eager,webp,23062,True,
baseline,https://kujolang.ai/ecosystem/skills/kujo-assetworks-workflows/,https://kujolang.ai/assets/images/kujo-logomark.svg,assets/images/kujo-logomark.svg,,24,24,,svg,895,True,
baseline,https://kujolang.ai/ecosystem/skills/kujo-backlog-normalizer/,https://kujolang.ai/assets/images/kujo-logomark.svg,assets/images/kujo-logomark.svg,,28,28,,svg,895,True,
baseline,https://kujolang.ai/ecosystem/skills/kujo-backlog-normalizer/,https://kujolang.ai/images/skill-kujo-backlog-normalizer-49358e67abf9.webp,images/skill-kujo-backlog-normalizer-49358e67abf9.webp,Featured image for Kujo Backlog Normalizer,1916,821,eager,webp,21320,True,
baseline,https://kujolang.ai/ecosystem/skills/kujo-backlog-normalizer/,https://kujolang.ai/assets/images/kujo-logomark.svg,assets/images/kujo-logomark.svg,,24,24,,svg,895,True,
baseline,https://kujolang.ai/ecosystem/skills/kujo-benchmarks-capsule-workflows/,https://kujolang.ai/assets/images/kujo-logomark.svg,assets/images/kujo-logomark.svg,,28,28,,svg,895,True,
baseline,https://kujolang.ai/ecosystem/skills/kujo-benchmarks-capsule-workflows/,https://kujolang.ai/images/skill-kujo-benchmarks-capsule-workflows-58db43f289bf.webp,images/skill-kujo-benchmarks-capsule-workflows-58db43f289bf.webp,Featured image for Kujo Benchmarks Capsule,1916,821,eager,webp,25776,True,
baseline,https://kujolang.ai/ecosystem/skills/kujo-benchmarks-capsule-workflows/,https://kujolang.ai/assets/images/kujo-logomark.svg,assets/images/kujo-logomark.svg,,24,24,,svg,895,True,
baseline,https://kujolang.ai/ecosystem/skills/kujo-bluepencil-workflows/,https://kujolang.ai/assets/images/kujo-logomark.svg,assets/images/kujo-logomark.svg,,28,28,,svg,895,True,
baseline,https://kujolang.ai/ecosystem/skills/kujo-bluepencil-workflows/,https://kujolang.ai/images/skill-kujo-bluepencil-workflows-dc98ca764cbd.webp,images/skill-kujo-bluepencil-workflows-dc98ca764cbd.webp,Featured image for Kujo BluePencil,1916,821,eager,webp,33518,True,
baseline,https://kujolang.ai/ecosystem/skills/kujo-bluepencil-workflows/,https://kujolang.ai/assets/images/kujo-logomark.svg,assets/images/kujo-logomark.svg,,24,24,,svg,895,True,
baseline,https://kujolang.ai/ecosystem/skills/kujo-casefile-workflows/,https://kujolang.ai/assets/images/kujo-logomark.svg,assets/images/kujo-logomark.svg,,28,28,,svg,895,True,
baseline,https://kujolang.ai/ecosystem/skills/kujo-casefile-workflows/,https://kujolang.ai/images/skill-kujo-casefile-workflows-f64f85c57ca7.webp,images/skill-kujo-casefile-workflows-f64f85c57ca7.webp,Featured image for Kujo Casefile,1916,821,eager,webp,26454,True,
baseline,https://kujolang.ai/ecosystem/skills/kujo-casefile-workflows/,https://kujolang.ai/assets/images/kujo-logomark.svg,assets/images/kujo-logomark.svg,,24,24,,svg,895,True,
baseline,https://kujolang.ai/ecosystem/skills/kujo-changebucket-workflows/,https://kujolang.ai/assets/images/kujo-logomark.svg,assets/images/kujo-logomark.svg,,28,28,,svg,895,True,
baseline,https://kujolang.ai/ecosystem/skills/kujo-changebucket-workflows/,https://kujolang.ai/images/skill-kujo-changebucket-workflows-4d6fc96fdb4c.webp,images/skill-kujo-changebucket-workflows-4d6fc96fdb4c.webp,Featured image for Kujo ChangeBucket,1916,821,eager,webp,22128,True,
baseline,https://kujolang.ai/ecosystem/skills/kujo-changebucket-workflows/,https://kujolang.ai/assets/images/kujo-logomark.svg,assets/images/kujo-logomark.svg,,24,24,,svg,895,True,
baseline,https://kujolang.ai/ecosystem/skills/kujo-cli-contracts/,https://kujolang.ai/assets/images/kujo-logomark.svg,assets/images/kujo-logomark.svg,,28,28,,svg,895,True,
baseline,https://kujolang.ai/ecosystem/skills/kujo-cli-contracts/,https://kujolang.ai/images/skill-kujo-cli-contracts-719600233ebd.webp,images/skill-kujo-cli-contracts-719600233ebd.webp,Featured image for Kujo CLI Contracts,1916,821,eager,webp,31930,True,
baseline,https://kujolang.ai/ecosystem/skills/kujo-cli-contracts/,https://kujolang.ai/assets/images/kujo-logomark.svg,assets/images/kujo-logomark.svg,,24,24,,svg,895,True,
baseline,https://kujolang.ai/ecosystem/skills/kujo-cms-workflows/,https://kujolang.ai/assets/images/kujo-logomark.svg,assets/images/kujo-logomark.svg,,28,28,,svg,895,True,
baseline,https://kujolang.ai/ecosystem/skills/kujo-cms-workflows/,https://kujolang.ai/images/skill-kujo-cms-workflows-ddc02e63ad17.webp,images/skill-kujo-cms-workflows-ddc02e63ad17.webp,Featured image for Kujo CMS,1916,821,eager,webp,24958,True,
baseline,https://kujolang.ai/ecosystem/skills/kujo-cms-workflows/,https://kujolang.ai/assets/images/kujo-logomark.svg,assets/images/kujo-logomark.svg,,24,24,,svg,895,True,
baseline,https://kujolang.ai/ecosystem/skills/kujo-concord-workflows/,https://kujolang.ai/assets/images/kujo-logomark.svg,assets/images/kujo-logomark.svg,,28,28,,svg,895,True,
baseline,https://kujolang.ai/ecosystem/skills/kujo-concord-workflows/,https://kujolang.ai/images/skill-kujo-concord-workflows-2fa2785cdbec.webp,images/skill-kujo-concord-workflows-2fa2785cdbec.webp,Featured image for Kujo Concord,1916,821,eager,webp,27740,True,
baseline,https://kujolang.ai/ecosystem/skills/kujo-concord-workflows/,https://kujolang.ai/assets/images/kujo-logomark.svg,assets/images/kujo-logomark.svg,,24,24,,svg,895,True,
baseline,https://kujolang.ai/ecosystem/skills/kujo-contentgraph-workflows/,https://kujolang.ai/assets/images/kujo-logomark.svg,assets/images/kujo-logomark.svg,,28,28,,svg,895,True,
baseline,https://kujolang.ai/ecosystem/skills/kujo-contentgraph-workflows/,https://kujolang.ai/images/skill-kujo-contentgraph-workflows-b532fa86793a.webp,images/skill-kujo-contentgraph-workflows-b532fa86793a.webp,Featured image for Kujo ContentGraph,1916,821,eager,webp,24112,True,
baseline,https://kujolang.ai/ecosystem/skills/kujo-contentgraph-workflows/,https://kujolang.ai/assets/images/kujo-logomark.svg,assets/images/kujo-logomark.svg,,24,24,,svg,895,True,
baseline,https://kujolang.ai/ecosystem/skills/kujo-core-language/,https://kujolang.ai/assets/images/kujo-logomark.svg,assets/images/kujo-logomark.svg,,28,28,,svg,895,True,
baseline,https://kujolang.ai/ecosystem/skills/kujo-core-language/,https://kujolang.ai/images/skill-kujo-core-language-c3c7b036acfb.webp,images/skill-kujo-core-language-c3c7b036acfb.webp,Featured image for Kujo Core Language,1916,821,eager,webp,28460,True,
baseline,https://kujolang.ai/ecosystem/skills/kujo-core-language/,https://kujolang.ai/assets/images/kujo-logomark.svg,assets/images/kujo-logomark.svg,,24,24,,svg,895,True,
baseline,https://kujolang.ai/ecosystem/skills/kujo-cross-repo-dogfood-runner/,https://kujolang.ai/assets/images/kujo-logomark.svg,assets/images/kujo-logomark.svg,,28,28,,svg,895,True,
baseline,https://kujolang.ai/ecosystem/skills/kujo-cross-repo-dogfood-runner/,https://kujolang.ai/images/skill-kujo-cross-repo-dogfood-runner-0323cb780cd1.webp,images/skill-kujo-cross-repo-dogfood-runner-0323cb780cd1.webp,Featured image for Kujo Cross-Repo Dogfood Runner,1916,821,eager,webp,32016,True,
baseline,https://kujolang.ai/ecosystem/skills/kujo-cross-repo-dogfood-runner/,https://kujolang.ai/assets/images/kujo-logomark.svg,assets/images/kujo-logomark.svg,,24,24,,svg,895,True,
baseline,https://kujolang.ai/ecosystem/skills/kujo-crud-api-workflows/,https://kujolang.ai/assets/images/kujo-logomark.svg,assets/images/kujo-logomark.svg,,28,28,,svg,895,True,
baseline,https://kujolang.ai/ecosystem/skills/kujo-crud-api-workflows/,https://kujolang.ai/images/skill-kujo-crud-api-workflows-420f1e088c56.webp,images/skill-kujo-crud-api-workflows-420f1e088c56.webp,Featured image for Kujo CRUD API,1916,821,eager,webp,24508,True,
baseline,https://kujolang.ai/ecosystem/skills/kujo-crud-api-workflows/,https://kujolang.ai/assets/images/kujo-logomark.svg,assets/images/kujo-logomark.svg,,24,24,,svg,895,True,
baseline,https://kujolang.ai/ecosystem/skills/kujo-dependabot-alert-triage/,https://kujolang.ai/assets/images/kujo-logomark.svg,assets/images/kujo-logomark.svg,,28,28,,svg,895,True,
baseline,https://kujolang.ai/ecosystem/skills/kujo-dependabot-alert-triage/,https://kujolang.ai/images/skill-kujo-dependabot-alert-triage-18d37d625b84.webp,images/skill-kujo-dependabot-alert-triage-18d37d625b84.webp,Featured image for Kujo Dependabot Alert Triage,1916,821,eager,webp,25318,True,
baseline,https://kujolang.ai/ecosystem/skills/kujo-dependabot-alert-triage/,https://kujolang.ai/assets/images/kujo-logomark.svg,assets/images/kujo-logomark.svg,,24,24,,svg,895,True,
baseline,https://kujolang.ai/ecosystem/skills/kujo-dispatch-workflows/,https://kujolang.ai/assets/images/kujo-logomark.svg,assets/images/kujo-logomark.svg,,28,28,,svg,895,True,
baseline,https://kujolang.ai/ecosystem/skills/kujo-dispatch-workflows/,https://kujolang.ai/images/skill-kujo-dispatch-workflows-4d03bdf4280c.webp,images/skill-kujo-dispatch-workflows-4d03bdf4280c.webp,Featured image for Kujo Dispatch,1916,821,eager,webp,23240,True,
baseline,https://kujolang.ai/ecosystem/skills/kujo-dispatch-workflows/,https://kujolang.ai/assets/images/kujo-logomark.svg,assets/images/kujo-logomark.svg,,24,24,,svg,895,True,
baseline,https://kujolang.ai/ecosystem/skills/kujo-docgen-agent-readable/,https://kujolang.ai/assets/images/kujo-logomark.svg,assets/images/kujo-logomark.svg,,28,28,,svg,895,True,
baseline,https://kujolang.ai/ecosystem/skills/kujo-docgen-agent-readable/,https://kujolang.ai/images/skill-kujo-docgen-agent-readable-7f16b0c9a491.webp,images/skill-kujo-docgen-agent-readable-7f16b0c9a491.webp,Featured image for Kujo DocGen And DocsGen,1916,821,eager,webp,26732,True,
baseline,https://kujolang.ai/ecosystem/skills/kujo-docgen-agent-readable/,https://kujolang.ai/assets/images/kujo-logomark.svg,assets/images/kujo-logomark.svg,,24,24,,svg,895,True,
baseline,https://kujolang.ai/ecosystem/skills/kujo-docgen-public-docs-refresh/,https://kujolang.ai/assets/images/kujo-logomark.svg,assets/images/kujo-logomark.svg,,28,28,,svg,895,True,
baseline,https://kujolang.ai/ecosystem/skills/kujo-docgen-public-docs-refresh/,https://kujolang.ai/images/skill-kujo-docgen-public-docs-refresh-4294162ff41a.webp,images/skill-kujo-docgen-public-docs-refresh-4294162ff41a.webp,Featured image for Kujo DocGen Public Docs Refresh,1916,821,eager,webp,25918,True,
baseline,https://kujolang.ai/ecosystem/skills/kujo-docgen-public-docs-refresh/,https://kujolang.ai/assets/images/kujo-logomark.svg,assets/images/kujo-logomark.svg,,24,24,,svg,895,True,
baseline,https://kujolang.ai/ecosystem/skills/kujo-docs-drift-auditor/,https://kujolang.ai/assets/images/kujo-logomark.svg,assets/images/kujo-logomark.svg,,28,28,,svg,895,True,
baseline,https://kujolang.ai/ecosystem/skills/kujo-docs-drift-auditor/,https://kujolang.ai/images/skill-kujo-docs-drift-auditor-407c50b55219.webp,images/skill-kujo-docs-drift-auditor-407c50b55219.webp,Featured image for Kujo Docs Drift Auditor,1916,821,eager,webp,20392,True,
baseline,https://kujolang.ai/ecosystem/skills/kujo-docs-drift-auditor/,https://kujolang.ai/assets/images/kujo-logomark.svg,assets/images/kujo-logomark.svg,,24,24,,svg,895,True,
baseline,https://kujolang.ai/ecosystem/skills/kujo-dossier-workflows/,https://kujolang.ai/assets/images/kujo-logomark.svg,assets/images/kujo-logomark.svg,,28,28,,svg,895,True,
baseline,https://kujolang.ai/ecosystem/skills/kujo-dossier-workflows/,https://kujolang.ai/images/skill-kujo-dossier-workflows-111be36d7816.webp,images/skill-kujo-dossier-workflows-111be36d7816.webp,Featured image for Kujo Dossier,1916,821,eager,webp,33994,True,
baseline,https://kujolang.ai/ecosystem/skills/kujo-dossier-workflows/,https://kujolang.ai/assets/images/kujo-logomark.svg,assets/images/kujo-logomark.svg,,24,24,,svg,895,True,
baseline,https://kujolang.ai/ecosystem/skills/kujo-ecosystem-launch/,https://kujolang.ai/assets/images/kujo-logomark.svg,assets/images/kujo-logomark.svg,,28,28,,svg,895,True,
baseline,https://kujolang.ai/ecosystem/skills/kujo-ecosystem-launch/,https://kujolang.ai/images/skill-kujo-ecosystem-launch-18a699534113.webp,images/skill-kujo-ecosystem-launch-18a699534113.webp,Featured image for Kujo Ecosystem Launch,1916,821,eager,webp,27648,True,
baseline,https://kujolang.ai/ecosystem/skills/kujo-ecosystem-launch/,https://kujolang.ai/assets/images/kujo-logomark.svg,assets/images/kujo-logomark.svg,,24,24,,svg,895,True,
baseline,https://kujolang.ai/ecosystem/skills/kujo-enterprise-automation/,https://kujolang.ai/assets/images/kujo-logomark.svg,assets/images/kujo-logomark.svg,,28,28,,svg,895,True,
baseline,https://kujolang.ai/ecosystem/skills/kujo-enterprise-automation/,https://kujolang.ai/images/skill-kujo-enterprise-automation-194717ac5c38.webp,images/skill-kujo-enterprise-automation-194717ac5c38.webp,Featured image for Kujo Enterprise Automation,1916,821,eager,webp,27350,True,
baseline,https://kujolang.ai/ecosystem/skills/kujo-enterprise-automation/,https://kujolang.ai/assets/images/kujo-logomark.svg,assets/images/kujo-logomark.svg,,24,24,,svg,895,True,
baseline,https://kujolang.ai/ecosystem/skills/kujo-eval-workflows/,https://kujolang.ai/assets/images/kujo-logomark.svg,assets/images/kujo-logomark.svg,,28,28,,svg,895,True,
baseline,https://kujolang.ai/ecosystem/skills/kujo-eval-workflows/,https://kujolang.ai/images/skill-kujo-eval-workflows-98eb277b4624.webp,images/skill-kujo-eval-workflows-98eb277b4624.webp,Featured image for Kujo Eval,1916,821,eager,webp,25612,True,
baseline,https://kujolang.ai/ecosystem/skills/kujo-eval-workflows/,https://kujolang.ai/assets/images/kujo-logomark.svg,assets/images/kujo-logomark.svg,,24,24,,svg,895,True,
baseline,https://kujolang.ai/ecosystem/skills/kujo-fence-workflows/,https://kujolang.ai/assets/images/kujo-logomark.svg,assets/images/kujo-logomark.svg,,28,28,,svg,895,True,
baseline,https://kujolang.ai/ecosystem/skills/kujo-fence-workflows/,https://kujolang.ai/images/skill-kujo-fence-workflows-c196f4f1467c.webp,images/skill-kujo-fence-workflows-c196f4f1467c.webp,Featured image for Kujo Fence,1916,821,eager,webp,31250,True,
baseline,https://kujolang.ai/ecosystem/skills/kujo-fence-workflows/,https://kujolang.ai/assets/images/kujo-logomark.svg,assets/images/kujo-logomark.svg,,24,24,,svg,895,True,
baseline,https://kujolang.ai/ecosystem/skills/kujo-galleypack-workflows/,https://kujolang.ai/assets/images/kujo-logomark.svg,assets/images/kujo-logomark.svg,,28,28,,svg,895,True,
baseline,https://kujolang.ai/ecosystem/skills/kujo-galleypack-workflows/,https://kujolang.ai/images/skill-kujo-galleypack-workflows-f8a6449baad9.webp,images/skill-kujo-galleypack-workflows-f8a6449baad9.webp,Featured image for Kujo GalleyPack,1916,821,eager,webp,23132,True,
baseline,https://kujolang.ai/ecosystem/skills/kujo-galleypack-workflows/,https://kujolang.ai/assets/images/kujo-logomark.svg,assets/images/kujo-logomark.svg,,24,24,,svg,895,True,
baseline,https://kujolang.ai/ecosystem/skills/kujo-howl-workflows/,https://kujolang.ai/assets/images/kujo-logomark.svg,assets/images/kujo-logomark.svg,,28,28,,svg,895,True,
baseline,https://kujolang.ai/ecosystem/skills/kujo-howl-workflows/,https://kujolang.ai/images/skill-kujo-howl-workflows-e61afe30a393.webp,images/skill-kujo-howl-workflows-e61afe30a393.webp,Featured image for Kujo Howl,1916,821,eager,webp,26486,True,
baseline,https://kujolang.ai/ecosystem/skills/kujo-howl-workflows/,https://kujolang.ai/assets/images/kujo-logomark.svg,assets/images/kujo-logomark.svg,,24,24,,svg,895,True,
baseline,https://kujolang.ai/ecosystem/skills/kujo-kennel-workflows/,https://kujolang.ai/assets/images/kujo-logomark.svg,assets/images/kujo-logomark.svg,,28,28,,svg,895,True,
baseline,https://kujolang.ai/ecosystem/skills/kujo-kennel-workflows/,https://kujolang.ai/images/skill-kujo-kennel-workflows-c4fd83b2f4b3.webp,images/skill-kujo-kennel-workflows-c4fd83b2f4b3.webp,Featured image for Kujo Kennel,1916,821,eager,webp,32230,True,
baseline,https://kujolang.ai/ecosystem/skills/kujo-kennel-workflows/,https://kujolang.ai/assets/images/kujo-logomark.svg,assets/images/kujo-logomark.svg,,24,24,,svg,895,True,
baseline,https://kujolang.ai/ecosystem/skills/kujo-language-implementation/,https://kujolang.ai/assets/images/kujo-logomark.svg,assets/images/kujo-logomark.svg,,28,28,,svg,895,True,
baseline,https://kujolang.ai/ecosystem/skills/kujo-language-implementation/,https://kujolang.ai/images/skill-kujo-language-implementation-2003289641ca.webp,images/skill-kujo-language-implementation-2003289641ca.webp,Featured image for Kujo Language Implementation,1916,821,eager,webp,23764,True,
baseline,https://kujolang.ai/ecosystem/skills/kujo-language-implementation/,https://kujolang.ai/assets/images/kujo-logomark.svg,assets/images/kujo-logomark.svg,,24,24,,svg,895,True,
baseline,https://kujolang.ai/ecosystem/skills/kujo-lens-workflows/,https://kujolang.ai/assets/images/kujo-logomark.svg,assets/images/kujo-logomark.svg,,28,28,,svg,895,True,
baseline,https://kujolang.ai/ecosystem/skills/kujo-lens-workflows/,https://kujolang.ai/images/skill-kujo-lens-workflows-5e6395fa359a.webp,images/skill-kujo-lens-workflows-5e6395fa359a.webp,Featured image for Kujo Lens,1916,821,eager,webp,27952,True,
baseline,https://kujolang.ai/ecosystem/skills/kujo-lens-workflows/,https://kujolang.ai/assets/images/kujo-logomark.svg,assets/images/kujo-logomark.svg,,24,24,,svg,895,True,
baseline,https://kujolang.ai/ecosystem/skills/kujo-loop-engineering-workflows/,https://kujolang.ai/assets/images/kujo-logomark.svg,assets/images/kujo-logomark.svg,,28,28,,svg,895,True,
baseline,https://kujolang.ai/ecosystem/skills/kujo-loop-engineering-workflows/,https://kujolang.ai/images/skill-kujo-loop-engineering-workflows-228f92921e21.webp,images/skill-kujo-loop-engineering-workflows-228f92921e21.webp,Featured image for Kujo Loop Engineering,1916,821,eager,webp,20220,True,
baseline,https://kujolang.ai/ecosystem/skills/kujo-loop-engineering-workflows/,https://kujolang.ai/assets/images/kujo-logomark.svg,assets/images/kujo-logomark.svg,,24,24,,svg,895,True,
baseline,https://kujolang.ai/ecosystem/skills/kujo-maintainer-review/,https://kujolang.ai/assets/images/kujo-logomark.svg,assets/images/kujo-logomark.svg,,28,28,,svg,895,True,
baseline,https://kujolang.ai/ecosystem/skills/kujo-maintainer-review/,https://kujolang.ai/images/skill-kujo-maintainer-review-c80c8f004066.webp,images/skill-kujo-maintainer-review-c80c8f004066.webp,Featured image for Kujo Maintainer Review,1916,821,eager,webp,21124,True,
baseline,https://kujolang.ai/ecosystem/skills/kujo-maintainer-review/,https://kujolang.ai/assets/images/kujo-logomark.svg,assets/images/kujo-logomark.svg,,24,24,,svg,895,True,
baseline,https://kujolang.ai/ecosystem/skills/kujo-mcp-workflows/,https://kujolang.ai/assets/images/kujo-logomark.svg,assets/images/kujo-logomark.svg,,28,28,,svg,895,True,
baseline,https://kujolang.ai/ecosystem/skills/kujo-mcp-workflows/,https://kujolang.ai/images/skill-kujo-mcp-workflows-f5b58503ab16.webp,images/skill-kujo-mcp-workflows-f5b58503ab16.webp,Featured image for Kujo MCP,1916,821,eager,webp,29196,True,
baseline,https://kujolang.ai/ecosystem/skills/kujo-mcp-workflows/,https://kujolang.ai/assets/images/kujo-logomark.svg,assets/images/kujo-logomark.svg,,24,24,,svg,895,True,
baseline,https://kujolang.ai/ecosystem/skills/kujo-muzzle-workflows/,https://kujolang.ai/assets/images/kujo-logomark.svg,assets/images/kujo-logomark.svg,,28,28,,svg,895,True,
baseline,https://kujolang.ai/ecosystem/skills/kujo-muzzle-workflows/,https://kujolang.ai/images/skill-kujo-muzzle-workflows-e41eed9fcf5f.webp,images/skill-kujo-muzzle-workflows-e41eed9fcf5f.webp,Featured image for Kujo Muzzle,1916,821,eager,webp,24966,True,
baseline,https://kujolang.ai/ecosystem/skills/kujo-muzzle-workflows/,https://kujolang.ai/assets/images/kujo-logomark.svg,assets/images/kujo-logomark.svg,,24,24,,svg,895,True,
baseline,https://kujolang.ai/ecosystem/skills/kujo-packwrite-workflows/,https://kujolang.ai/assets/images/kujo-logomark.svg,assets/images/kujo-logomark.svg,,28,28,,svg,895,True,
baseline,https://kujolang.ai/ecosystem/skills/kujo-packwrite-workflows/,https://kujolang.ai/images/skill-kujo-packwrite-workflows-82c1203c3c82.webp,images/skill-kujo-packwrite-workflows-82c1203c3c82.webp,Featured image for Kujo PackWrite,1916,821,eager,webp,23514,True,
baseline,https://kujolang.ai/ecosystem/skills/kujo-packwrite-workflows/,https://kujolang.ai/assets/images/kujo-logomark.svg,assets/images/kujo-logomark.svg,,24,24,,svg,895,True,
baseline,https://kujolang.ai/ecosystem/skills/kujo-patchbrief-workflows/,https://kujolang.ai/assets/images/kujo-logomark.svg,assets/images/kujo-logomark.svg,,28,28,,svg,895,True,
baseline,https://kujolang.ai/ecosystem/skills/kujo-patchbrief-workflows/,https://kujolang.ai/images/skill-kujo-patchbrief-workflows-bae912ee3693.webp,images/skill-kujo-patchbrief-workflows-bae912ee3693.webp,Featured image for Kujo PatchBrief,1916,821,eager,webp,20520,True,
baseline,https://kujolang.ai/ecosystem/skills/kujo-patchbrief-workflows/,https://kujolang.ai/assets/images/kujo-logomark.svg,assets/images/kujo-logomark.svg,,24,24,,svg,895,True,
baseline,https://kujolang.ai/ecosystem/skills/kujo-presswire-workflows/,https://kujolang.ai/assets/images/kujo-logomark.svg,assets/images/kujo-logomark.svg,,28,28,,svg,895,True,
baseline,https://kujolang.ai/ecosystem/skills/kujo-presswire-workflows/,https://kujolang.ai/images/skill-kujo-presswire-workflows-e5cc0f516344.webp,images/skill-kujo-presswire-workflows-e5cc0f516344.webp,Featured image for Kujo PressWire,1916,821,eager,webp,32940,True,
baseline,https://kujolang.ai/ecosystem/skills/kujo-presswire-workflows/,https://kujolang.ai/assets/images/kujo-logomark.svg,assets/images/kujo-logomark.svg,,24,24,,svg,895,True,
baseline,https://kujolang.ai/ecosystem/skills/kujo-publishing-house-workflows/,https://kujolang.ai/assets/images/kujo-logomark.svg,assets/images/kujo-logomark.svg,,28,28,,svg,895,True,
baseline,https://kujolang.ai/ecosystem/skills/kujo-publishing-house-workflows/,https://kujolang.ai/images/skill-kujo-publishing-house-workflows-d36217dfc5a6.webp,images/skill-kujo-publishing-house-workflows-d36217dfc5a6.webp,Featured image for Kujo Publishing House,1916,821,eager,webp,30632,True,
baseline,https://kujolang.ai/ecosystem/skills/kujo-publishing-house-workflows/,https://kujolang.ai/assets/images/kujo-logomark.svg,assets/images/kujo-logomark.svg,,24,24,,svg,895,True,
baseline,https://kujolang.ai/ecosystem/skills/kujo-rag-workflows/,https://kujolang.ai/assets/images/kujo-logomark.svg,assets/images/kujo-logomark.svg,,28,28,,svg,895,True,
baseline,https://kujolang.ai/ecosystem/skills/kujo-rag-workflows/,https://kujolang.ai/images/skill-kujo-rag-workflows-19d5ef9c0c2d.webp,images/skill-kujo-rag-workflows-19d5ef9c0c2d.webp,Featured image for Kujo RAG,1916,821,eager,webp,33282,True,
baseline,https://kujolang.ai/ecosystem/skills/kujo-rag-workflows/,https://kujolang.ai/assets/images/kujo-logomark.svg,assets/images/kujo-logomark.svg,,24,24,,svg,895,True,
baseline,https://kujolang.ai/ecosystem/skills/kujo-readersignal-workflows/,https://kujolang.ai/assets/images/kujo-logomark.svg,assets/images/kujo-logomark.svg,,28,28,,svg,895,True,
baseline,https://kujolang.ai/ecosystem/skills/kujo-readersignal-workflows/,https://kujolang.ai/images/skill-kujo-readersignal-workflows-01f209d13f92.webp,images/skill-kujo-readersignal-workflows-01f209d13f92.webp,Featured image for Kujo ReaderSignal,1916,821,eager,webp,23730,True,
baseline,https://kujolang.ai/ecosystem/skills/kujo-readersignal-workflows/,https://kujolang.ai/assets/images/kujo-logomark.svg,assets/images/kujo-logomark.svg,,24,24,,svg,895,True,
baseline,https://kujolang.ai/ecosystem/skills/kujo-readiness-auditor/,https://kujolang.ai/assets/images/kujo-logomark.svg,assets/images/kujo-logomark.svg,,28,28,,svg,895,True,
baseline,https://kujolang.ai/ecosystem/skills/kujo-readiness-auditor/,https://kujolang.ai/images/skill-kujo-readiness-auditor-52e8798dffd4.webp,images/skill-kujo-readiness-auditor-52e8798dffd4.webp,Featured image for Kujo Readiness Auditor,1916,821,eager,webp,21158,True,
baseline,https://kujolang.ai/ecosystem/skills/kujo-readiness-auditor/,https://kujolang.ai/assets/images/kujo-logomark.svg,assets/images/kujo-logomark.svg,,24,24,,svg,895,True,
baseline,https://kujolang.ai/ecosystem/skills/kujo-redact-workflows/,https://kujolang.ai/assets/images/kujo-logomark.svg,assets/images/kujo-logomark.svg,,28,28,,svg,895,True,
baseline,https://kujolang.ai/ecosystem/skills/kujo-redact-workflows/,https://kujolang.ai/images/skill-kujo-redact-workflows-cb6be6365444.webp,images/skill-kujo-redact-workflows-cb6be6365444.webp,Featured image for Kujo Redact,1916,821,eager,webp,29942,True,
baseline,https://kujolang.ai/ecosystem/skills/kujo-redact-workflows/,https://kujolang.ai/assets/images/kujo-logomark.svg,assets/images/kujo-logomark.svg,,24,24,,svg,895,True,
baseline,https://kujolang.ai/ecosystem/skills/kujo-relay-workflows/,https://kujolang.ai/assets/images/kujo-logomark.svg,assets/images/kujo-logomark.svg,,28,28,,svg,895,True,
baseline,https://kujolang.ai/ecosystem/skills/kujo-relay-workflows/,https://kujolang.ai/images/skill-kujo-relay-workflows-da76fc81e386.webp,images/skill-kujo-relay-workflows-da76fc81e386.webp,Featured image for Kujo Relay,1916,821,eager,webp,22174,True,
baseline,https://kujolang.ai/ecosystem/skills/kujo-relay-workflows/,https://kujolang.ai/assets/images/kujo-logomark.svg,assets/images/kujo-logomark.svg,,24,24,,svg,895,True,
baseline,https://kujolang.ai/ecosystem/skills/kujo-release-gate-runner/,https://kujolang.ai/assets/images/kujo-logomark.svg,assets/images/kujo-logomark.svg,,28,28,,svg,895,True,
baseline,https://kujolang.ai/ecosystem/skills/kujo-release-gate-runner/,https://kujolang.ai/images/skill-kujo-release-gate-runner-a78efcc6b0f1.webp,images/skill-kujo-release-gate-runner-a78efcc6b0f1.webp,Featured image for Kujo Release Gate Runner,1916,821,eager,webp,26042,True,
baseline,https://kujolang.ai/ecosystem/skills/kujo-release-gate-runner/,https://kujolang.ai/assets/images/kujo-logomark.svg,assets/images/kujo-logomark.svg,,24,24,,svg,895,True,
baseline,https://kujolang.ai/ecosystem/skills/kujo-runledger-workflows/,https://kujolang.ai/assets/images/kujo-logomark.svg,assets/images/kujo-logomark.svg,,28,28,,svg,895,True,
baseline,https://kujolang.ai/ecosystem/skills/kujo-runledger-workflows/,https://kujolang.ai/images/skill-kujo-runledger-workflows-4b7d6069280d.webp,images/skill-kujo-runledger-workflows-4b7d6069280d.webp,Featured image for Kujo RunLedger,1916,821,eager,webp,23782,True,
baseline,https://kujolang.ai/ecosystem/skills/kujo-runledger-workflows/,https://kujolang.ai/assets/images/kujo-logomark.svg,assets/images/kujo-logomark.svg,,24,24,,svg,895,True,
baseline,https://kujolang.ai/ecosystem/skills/kujo-runtime-parity/,https://kujolang.ai/assets/images/kujo-logomark.svg,assets/images/kujo-logomark.svg,,28,28,,svg,895,True,
baseline,https://kujolang.ai/ecosystem/skills/kujo-runtime-parity/,https://kujolang.ai/images/skill-kujo-runtime-parity-32a1df958daa.webp,images/skill-kujo-runtime-parity-32a1df958daa.webp,Featured image for Kujo Runtime Parity,1916,821,eager,webp,25870,True,
baseline,https://kujolang.ai/ecosystem/skills/kujo-runtime-parity/,https://kujolang.ai/assets/images/kujo-logomark.svg,assets/images/kujo-logomark.svg,,24,24,,svg,895,True,
baseline,https://kujolang.ai/ecosystem/skills/kujo-scent-workflows/,https://kujolang.ai/assets/images/kujo-logomark.svg,assets/images/kujo-logomark.svg,,28,28,,svg,895,True,
baseline,https://kujolang.ai/ecosystem/skills/kujo-scent-workflows/,https://kujolang.ai/images/skill-kujo-scent-workflows-467147f3451c.webp,images/skill-kujo-scent-workflows-467147f3451c.webp,Featured image for Kujo Scent,1916,821,eager,webp,28920,True,
baseline,https://kujolang.ai/ecosystem/skills/kujo-scent-workflows/,https://kujolang.ai/assets/images/kujo-logomark.svg,assets/images/kujo-logomark.svg,,24,24,,svg,895,True,
baseline,https://kujolang.ai/ecosystem/skills/kujo-scout-workflows/,https://kujolang.ai/assets/images/kujo-logomark.svg,assets/images/kujo-logomark.svg,,28,28,,svg,895,True,
baseline,https://kujolang.ai/ecosystem/skills/kujo-scout-workflows/,https://kujolang.ai/images/skill-kujo-scout-workflows-a4f9e5895026.webp,images/skill-kujo-scout-workflows-a4f9e5895026.webp,Featured image for Kujo Scout,1916,821,eager,webp,20216,True,
baseline,https://kujolang.ai/ecosystem/skills/kujo-scout-workflows/,https://kujolang.ai/assets/images/kujo-logomark.svg,assets/images/kujo-logomark.svg,,24,24,,svg,895,True,
baseline,https://kujolang.ai/ecosystem/skills/kujo-searchbridge-workflows/,https://kujolang.ai/assets/images/kujo-logomark.svg,assets/images/kujo-logomark.svg,,28,28,,svg,895,True,
baseline,https://kujolang.ai/ecosystem/skills/kujo-searchbridge-workflows/,https://kujolang.ai/images/skill-kujo-searchbridge-workflows-9638a392ba85.webp,images/skill-kujo-searchbridge-workflows-9638a392ba85.webp,Featured image for Kujo Searchbridge,1916,821,eager,webp,23686,True,
baseline,https://kujolang.ai/ecosystem/skills/kujo-searchbridge-workflows/,https://kujolang.ai/assets/images/kujo-logomark.svg,assets/images/kujo-logomark.svg,,24,24,,svg,895,True,
baseline,https://kujolang.ai/ecosystem/skills/kujo-security-hardening/,https://kujolang.ai/assets/images/kujo-logomark.svg,assets/images/kujo-logomark.svg,,28,28,,svg,895,True,
baseline,https://kujolang.ai/ecosystem/skills/kujo-security-hardening/,https://kujolang.ai/images/skill-kujo-security-hardening-28ceb2066735.webp,images/skill-kujo-security-hardening-28ceb2066735.webp,Featured image for Kujo Security Hardening,1916,821,eager,webp,39422,True,
baseline,https://kujolang.ai/ecosystem/skills/kujo-security-hardening/,https://kujolang.ai/assets/images/kujo-logomark.svg,assets/images/kujo-logomark.svg,,24,24,,svg,895,True,
baseline,https://kujolang.ai/ecosystem/skills/kujo-shipcheck-workflows/,https://kujolang.ai/assets/images/kujo-logomark.svg,assets/images/kujo-logomark.svg,,28,28,,svg,895,True,
baseline,https://kujolang.ai/ecosystem/skills/kujo-shipcheck-workflows/,https://kujolang.ai/images/skill-kujo-shipcheck-workflows-333b61e52412.webp,images/skill-kujo-shipcheck-workflows-333b61e52412.webp,Featured image for Kujo ShipCheck,1916,821,eager,webp,25544,True,
baseline,https://kujolang.ai/ecosystem/skills/kujo-shipcheck-workflows/,https://kujolang.ai/assets/images/kujo-logomark.svg,assets/images/kujo-logomark.svg,,24,24,,svg,895,True,
baseline,https://kujolang.ai/ecosystem/skills/kujo-site-kit-workflows/,https://kujolang.ai/assets/images/kujo-logomark.svg,assets/images/kujo-logomark.svg,,28,28,,svg,895,True,
baseline,https://kujolang.ai/ecosystem/skills/kujo-site-kit-workflows/,https://kujolang.ai/images/skill-kujo-site-kit-workflows-756dee6e9377.webp,images/skill-kujo-site-kit-workflows-756dee6e9377.webp,Featured image for Kujo SiteKit Repository,1916,821,eager,webp,24974,True,
baseline,https://kujolang.ai/ecosystem/skills/kujo-site-kit-workflows/,https://kujolang.ai/assets/images/kujo-logomark.svg,assets/images/kujo-logomark.svg,,24,24,,svg,895,True,
baseline,https://kujolang.ai/ecosystem/skills/kujo-sitekit-workflows/,https://kujolang.ai/assets/images/kujo-logomark.svg,assets/images/kujo-logomark.svg,,28,28,,svg,895,True,
baseline,https://kujolang.ai/ecosystem/skills/kujo-sitekit-workflows/,https://kujolang.ai/images/skill-kujo-sitekit-workflows-56ae71e7d60a.webp,images/skill-kujo-sitekit-workflows-56ae71e7d60a.webp,Featured image for Kujo SiteKit,1916,821,eager,webp,26072,True,
baseline,https://kujolang.ai/ecosystem/skills/kujo-sitekit-workflows/,https://kujolang.ai/assets/images/kujo-logomark.svg,assets/images/kujo-logomark.svg,,24,24,,svg,895,True,
baseline,https://kujolang.ai/ecosystem/skills/kujo-siteprobe-workflows/,https://kujolang.ai/assets/images/kujo-logomark.svg,assets/images/kujo-logomark.svg,,28,28,,svg,895,True,
baseline,https://kujolang.ai/ecosystem/skills/kujo-siteprobe-workflows/,https://kujolang.ai/images/skill-kujo-siteprobe-workflows-f889a843e734.webp,images/skill-kujo-siteprobe-workflows-f889a843e734.webp,Featured image for Kujo Siteprobe,1916,821,eager,webp,24032,True,
baseline,https://kujolang.ai/ecosystem/skills/kujo-siteprobe-workflows/,https://kujolang.ai/assets/images/kujo-logomark.svg,assets/images/kujo-logomark.svg,,24,24,,svg,895,True,
baseline,https://kujolang.ai/ecosystem/skills/kujo-skill-auditor/,https://kujolang.ai/assets/images/kujo-logomark.svg,assets/images/kujo-logomark.svg,,28,28,,svg,895,True,
baseline,https://kujolang.ai/ecosystem/skills/kujo-skill-auditor/,https://kujolang.ai/images/skill-kujo-skill-auditor-ba0564a24638.webp,images/skill-kujo-skill-auditor-ba0564a24638.webp,Featured image for Kujo Skill Auditor,1916,821,eager,webp,23618,True,
baseline,https://kujolang.ai/ecosystem/skills/kujo-skill-auditor/,https://kujolang.ai/assets/images/kujo-logomark.svg,assets/images/kujo-logomark.svg,,24,24,,svg,895,True,
baseline,https://kujolang.ai/ecosystem/skills/kujo-spec-workflows/,https://kujolang.ai/assets/images/kujo-logomark.svg,assets/images/kujo-logomark.svg,,28,28,,svg,895,True,
baseline,https://kujolang.ai/ecosystem/skills/kujo-spec-workflows/,https://kujolang.ai/images/skill-kujo-spec-workflows-96c4a380f2ba.webp,images/skill-kujo-spec-workflows-96c4a380f2ba.webp,Featured image for Kujo Spec,1916,821,eager,webp,27052,True,
baseline,https://kujolang.ai/ecosystem/skills/kujo-spec-workflows/,https://kujolang.ai/assets/images/kujo-logomark.svg,assets/images/kujo-logomark.svg,,24,24,,svg,895,True,
baseline,https://kujolang.ai/ecosystem/skills/kujo-ssg-workflows/,https://kujolang.ai/assets/images/kujo-logomark.svg,assets/images/kujo-logomark.svg,,28,28,,svg,895,True,
baseline,https://kujolang.ai/ecosystem/skills/kujo-ssg-workflows/,https://kujolang.ai/images/skill-kujo-ssg-workflows-4ab2b63ff8c6.webp,images/skill-kujo-ssg-workflows-4ab2b63ff8c6.webp,Featured image for Kujo SSG,1916,821,eager,webp,35496,True,
baseline,https://kujolang.ai/ecosystem/skills/kujo-ssg-workflows/,https://kujolang.ai/assets/images/kujo-logomark.svg,assets/images/kujo-logomark.svg,,24,24,,svg,895,True,
baseline,https://kujolang.ai/ecosystem/skills/kujo-standard-library/,https://kujolang.ai/assets/images/kujo-logomark.svg,assets/images/kujo-logomark.svg,,28,28,,svg,895,True,
baseline,https://kujolang.ai/ecosystem/skills/kujo-standard-library/,https://kujolang.ai/images/skill-kujo-standard-library-eaf9dcdb1c38.webp,images/skill-kujo-standard-library-eaf9dcdb1c38.webp,Featured image for Kujo Standard Library,1916,821,eager,webp,18064,True,
baseline,https://kujolang.ai/ecosystem/skills/kujo-standard-library/,https://kujolang.ai/assets/images/kujo-logomark.svg,assets/images/kujo-logomark.svg,,24,24,,svg,895,True,
baseline,https://kujolang.ai/ecosystem/skills/kujo-storydesk-workflows/,https://kujolang.ai/assets/images/kujo-logomark.svg,assets/images/kujo-logomark.svg,,28,28,,svg,895,True,
baseline,https://kujolang.ai/ecosystem/skills/kujo-storydesk-workflows/,https://kujolang.ai/images/skill-kujo-storydesk-workflows-607a18eb196c.webp,images/skill-kujo-storydesk-workflows-607a18eb196c.webp,Featured image for Kujo StoryDesk,1916,821,eager,webp,23410,True,
baseline,https://kujolang.ai/ecosystem/skills/kujo-storydesk-workflows/,https://kujolang.ai/assets/images/kujo-logomark.svg,assets/images/kujo-logomark.svg,,24,24,,svg,895,True,
baseline,https://kujolang.ai/ecosystem/skills/kujo-testing-release-gates/,https://kujolang.ai/assets/images/kujo-logomark.svg,assets/images/kujo-logomark.svg,,28,28,,svg,895,True,
baseline,https://kujolang.ai/ecosystem/skills/kujo-testing-release-gates/,https://kujolang.ai/images/skill-kujo-testing-release-gates-abdd59512ead.webp,images/skill-kujo-testing-release-gates-abdd59512ead.webp,Featured image for Kujo Testing And Release Gates,1916,821,eager,webp,27470,True,
baseline,https://kujolang.ai/ecosystem/skills/kujo-testing-release-gates/,https://kujolang.ai/assets/images/kujo-logomark.svg,assets/images/kujo-logomark.svg,,24,24,,svg,895,True,
baseline,https://kujolang.ai/ecosystem/skills/kujo-tool-building/,https://kujolang.ai/assets/images/kujo-logomark.svg,assets/images/kujo-logomark.svg,,28,28,,svg,895,True,
baseline,https://kujolang.ai/ecosystem/skills/kujo-tool-building/,https://kujolang.ai/images/skill-kujo-tool-building-60813d178dee.webp,images/skill-kujo-tool-building-60813d178dee.webp,Featured image for Kujo Tool Building,1916,821,eager,webp,27154,True,
baseline,https://kujolang.ai/ecosystem/skills/kujo-tool-building/,https://kujolang.ai/assets/images/kujo-logomark.svg,assets/images/kujo-logomark.svg,,24,24,,svg,895,True,
baseline,https://kujolang.ai/ecosystem/skills/kujo-tribunal-workflows/,https://kujolang.ai/assets/images/kujo-logomark.svg,assets/images/kujo-logomark.svg,,28,28,,svg,895,True,
baseline,https://kujolang.ai/ecosystem/skills/kujo-tribunal-workflows/,https://kujolang.ai/images/skill-kujo-tribunal-workflows-0c07da863435.webp,images/skill-kujo-tribunal-workflows-0c07da863435.webp,Featured image for Kujo Tribunal,1916,821,eager,webp,31752,True,
baseline,https://kujolang.ai/ecosystem/skills/kujo-tribunal-workflows/,https://kujolang.ai/assets/images/kujo-logomark.svg,assets/images/kujo-logomark.svg,,24,24,,svg,895,True,
baseline,https://kujolang.ai/ecosystem/skills/kujo-versionseal-workflows/,https://kujolang.ai/assets/images/kujo-logomark.svg,assets/images/kujo-logomark.svg,,28,28,,svg,895,True,
baseline,https://kujolang.ai/ecosystem/skills/kujo-versionseal-workflows/,https://kujolang.ai/images/skill-kujo-versionseal-workflows-b79f9561e552.webp,images/skill-kujo-versionseal-workflows-b79f9561e552.webp,Featured image for Kujo VersionSeal,1916,821,eager,webp,24480,True,
baseline,https://kujolang.ai/ecosystem/skills/kujo-versionseal-workflows/,https://kujolang.ai/assets/images/kujo-logomark.svg,assets/images/kujo-logomark.svg,,24,24,,svg,895,True,
baseline,https://kujolang.ai/ecosystem/skills/kujo-watchdog-workflows/,https://kujolang.ai/assets/images/kujo-logomark.svg,assets/images/kujo-logomark.svg,,28,28,,svg,895,True,
baseline,https://kujolang.ai/ecosystem/skills/kujo-watchdog-workflows/,https://kujolang.ai/images/skill-kujo-watchdog-workflows-b00ba076432f.webp,images/skill-kujo-watchdog-workflows-b00ba076432f.webp,Featured image for Kujo Watchdog,1916,821,eager,webp,31364,True,
baseline,https://kujolang.ai/ecosystem/skills/kujo-watchdog-workflows/,https://kujolang.ai/assets/images/kujo-logomark.svg,assets/images/kujo-logomark.svg,,24,24,,svg,895,True,
baseline,https://kujolang.ai/ecosystem/skills/kujo-way-development/,https://kujolang.ai/assets/images/kujo-logomark.svg,assets/images/kujo-logomark.svg,,28,28,,svg,895,True,
baseline,https://kujolang.ai/ecosystem/skills/kujo-way-development/,https://kujolang.ai/images/skill-kujo-way-development-b1f14d7dba89.webp,images/skill-kujo-way-development-b1f14d7dba89.webp,Featured image for Kujo Way Development,1916,821,eager,webp,32442,True,
baseline,https://kujolang.ai/ecosystem/skills/kujo-way-development/,https://kujolang.ai/assets/images/kujo-logomark.svg,assets/images/kujo-logomark.svg,,24,24,,svg,895,True,
baseline,https://kujolang.ai/ecosystem/skills/kujo-workcell-workflows/,https://kujolang.ai/assets/images/kujo-logomark.svg,assets/images/kujo-logomark.svg,,28,28,,svg,895,True,
baseline,https://kujolang.ai/ecosystem/skills/kujo-workcell-workflows/,https://kujolang.ai/images/skill-kujo-workcell-workflows-e01135b9bfb1.webp,images/skill-kujo-workcell-workflows-e01135b9bfb1.webp,Featured image for Kujo Workcell,1916,821,eager,webp,31766,True,
baseline,https://kujolang.ai/ecosystem/skills/kujo-workcell-workflows/,https://kujolang.ai/assets/images/kujo-logomark.svg,assets/images/kujo-logomark.svg,,24,24,,svg,895,True,
baseline,https://kujolang.ai/ecosystem/skills/publishing-house-profile-setup/,https://kujolang.ai/assets/images/kujo-logomark.svg,assets/images/kujo-logomark.svg,,28,28,,svg,895,True,
baseline,https://kujolang.ai/ecosystem/skills/publishing-house-profile-setup/,https://kujolang.ai/images/skill-publishing-house-profile-setup-ae2205b31a75.webp,images/skill-publishing-house-profile-setup-ae2205b31a75.webp,Featured image for Publishing House Profile Setup,1916,821,eager,webp,23138,True,
baseline,https://kujolang.ai/ecosystem/skills/publishing-house-profile-setup/,https://kujolang.ai/assets/images/kujo-logomark.svg,assets/images/kujo-logomark.svg,,24,24,,svg,895,True,
baseline,https://kujolang.ai/ecosystem/skills/publishing-house-quality-calibration/,https://kujolang.ai/assets/images/kujo-logomark.svg,assets/images/kujo-logomark.svg,,28,28,,svg,895,True,
baseline,https://kujolang.ai/ecosystem/skills/publishing-house-quality-calibration/,https://kujolang.ai/images/skill-publishing-house-quality-calibration-665e62984e28.webp,images/skill-publishing-house-quality-calibration-665e62984e28.webp,Featured image for Publishing House Quality Calibration,1916,821,eager,webp,31126,True,
baseline,https://kujolang.ai/ecosystem/skills/publishing-house-quality-calibration/,https://kujolang.ai/assets/images/kujo-logomark.svg,assets/images/kujo-logomark.svg,,24,24,,svg,895,True,
baseline,https://kujolang.ai/ecosystem/skills/webops-accessibility-review/,https://kujolang.ai/assets/images/kujo-logomark.svg,assets/images/kujo-logomark.svg,,28,28,,svg,895,True,
baseline,https://kujolang.ai/ecosystem/skills/webops-accessibility-review/,https://kujolang.ai/images/skill-webops-accessibility-review-4d3f221890e7.webp,images/skill-webops-accessibility-review-4d3f221890e7.webp,Featured image for WebOps Accessibility Review,1916,821,eager,webp,31590,True,
baseline,https://kujolang.ai/ecosystem/skills/webops-accessibility-review/,https://kujolang.ai/assets/images/kujo-logomark.svg,assets/images/kujo-logomark.svg,,24,24,,svg,895,True,
baseline,https://kujolang.ai/ecosystem/skills/webops-ai-search-visibility/,https://kujolang.ai/assets/images/kujo-logomark.svg,assets/images/kujo-logomark.svg,,28,28,,svg,895,True,
baseline,https://kujolang.ai/ecosystem/skills/webops-ai-search-visibility/,https://kujolang.ai/images/skill-webops-ai-search-visibility-364da6580640.webp,images/skill-webops-ai-search-visibility-364da6580640.webp,Featured image for WebOps AI Search Visibility,1916,821,eager,webp,25300,True,
baseline,https://kujolang.ai/ecosystem/skills/webops-ai-search-visibility/,https://kujolang.ai/assets/images/kujo-logomark.svg,assets/images/kujo-logomark.svg,,24,24,,svg,895,True,
baseline,https://kujolang.ai/ecosystem/skills/webops-analytics-analysis/,https://kujolang.ai/assets/images/kujo-logomark.svg,assets/images/kujo-logomark.svg,,28,28,,svg,895,True,
baseline,https://kujolang.ai/ecosystem/skills/webops-analytics-analysis/,https://kujolang.ai/images/skill-webops-analytics-analysis-4a43c8319c34.webp,images/skill-webops-analytics-analysis-4a43c8319c34.webp,Featured image for WebOps Analytics Analysis,1916,821,eager,webp,27126,True,
baseline,https://kujolang.ai/ecosystem/skills/webops-analytics-analysis/,https://kujolang.ai/assets/images/kujo-logomark.svg,assets/images/kujo-logomark.svg,,24,24,,svg,895,True,
baseline,https://kujolang.ai/ecosystem/skills/webops-backlink-and-mention-analysis/,https://kujolang.ai/assets/images/kujo-logomark.svg,assets/images/kujo-logomark.svg,,28,28,,svg,895,True,
baseline,https://kujolang.ai/ecosystem/skills/webops-backlink-and-mention-analysis/,https://kujolang.ai/images/skill-webops-backlink-and-mention-analysis-33cd945bed96.webp,images/skill-webops-backlink-and-mention-analysis-33cd945bed96.webp,Featured image for WebOps Backlink And Mention Analysis,1916,821,eager,webp,22490,True,
baseline,https://kujolang.ai/ecosystem/skills/webops-backlink-and-mention-analysis/,https://kujolang.ai/assets/images/kujo-logomark.svg,assets/images/kujo-logomark.svg,,24,24,,svg,895,True,
baseline,https://kujolang.ai/ecosystem/skills/webops-cannibalization/,https://kujolang.ai/assets/images/kujo-logomark.svg,assets/images/kujo-logomark.svg,,28,28,,svg,895,True,
baseline,https://kujolang.ai/ecosystem/skills/webops-cannibalization/,https://kujolang.ai/images/skill-webops-cannibalization-996923b68ff3.webp,images/skill-webops-cannibalization-996923b68ff3.webp,Featured image for WebOps Cannibalization,1916,821,eager,webp,28402,True,
baseline,https://kujolang.ai/ecosystem/skills/webops-cannibalization/,https://kujolang.ai/assets/images/kujo-logomark.svg,assets/images/kujo-logomark.svg,,24,24,,svg,895,True,
baseline,https://kujolang.ai/ecosystem/skills/webops-capability-preflight/,https://kujolang.ai/assets/images/kujo-logomark.svg,assets/images/kujo-logomark.svg,,28,28,,svg,895,True,
baseline,https://kujolang.ai/ecosystem/skills/webops-capability-preflight/,https://kujolang.ai/images/skill-webops-capability-preflight-ae62143e180b.webp,images/skill-webops-capability-preflight-ae62143e180b.webp,Featured image for WebOps Capability Preflight,1916,821,eager,webp,24394,True,
baseline,https://kujolang.ai/ecosystem/skills/webops-capability-preflight/,https://kujolang.ai/assets/images/kujo-logomark.svg,assets/images/kujo-logomark.svg,,24,24,,svg,895,True,
baseline,https://kujolang.ai/ecosystem/skills/webops-competitor-intelligence/,https://kujolang.ai/assets/images/kujo-logomark.svg,assets/images/kujo-logomark.svg,,28,28,,svg,895,True,
baseline,https://kujolang.ai/ecosystem/skills/webops-competitor-intelligence/,https://kujolang.ai/images/skill-webops-competitor-intelligence-e5692be23154.webp,images/skill-webops-competitor-intelligence-e5692be23154.webp,Featured image for WebOps Competitor Intelligence,1916,821,eager,webp,16938,True,
baseline,https://kujolang.ai/ecosystem/skills/webops-competitor-intelligence/,https://kujolang.ai/assets/images/kujo-logomark.svg,assets/images/kujo-logomark.svg,,24,24,,svg,895,True,
baseline,https://kujolang.ai/ecosystem/skills/webops-content-accuracy/,https://kujolang.ai/assets/images/kujo-logomark.svg,assets/images/kujo-logomark.svg,,28,28,,svg,895,True,
baseline,https://kujolang.ai/ecosystem/skills/webops-content-accuracy/,https://kujolang.ai/images/skill-webops-content-accuracy-18c1b3801926.webp,images/skill-webops-content-accuracy-18c1b3801926.webp,Featured image for WebOps Content Accuracy,1916,821,eager,webp,29806,True,
baseline,https://kujolang.ai/ecosystem/skills/webops-content-accuracy/,https://kujolang.ai/assets/images/kujo-logomark.svg,assets/images/kujo-logomark.svg,,24,24,,svg,895,True,
baseline,https://kujolang.ai/ecosystem/skills/webops-content-decay/,https://kujolang.ai/assets/images/kujo-logomark.svg,assets/images/kujo-logomark.svg,,28,28,,svg,895,True,
baseline,https://kujolang.ai/ecosystem/skills/webops-content-decay/,https://kujolang.ai/images/skill-webops-content-decay-9e48fcdaf900.webp,images/skill-webops-content-decay-9e48fcdaf900.webp,Featured image for WebOps Content Decay,1916,821,eager,webp,25966,True,
baseline,https://kujolang.ai/ecosystem/skills/webops-content-decay/,https://kujolang.ai/assets/images/kujo-logomark.svg,assets/images/kujo-logomark.svg,,24,24,,svg,895,True,
baseline,https://kujolang.ai/ecosystem/skills/webops-content-gap/,https://kujolang.ai/assets/images/kujo-logomark.svg,assets/images/kujo-logomark.svg,,28,28,,svg,895,True,
baseline,https://kujolang.ai/ecosystem/skills/webops-content-gap/,https://kujolang.ai/images/skill-webops-content-gap-422fd4300815.webp,images/skill-webops-content-gap-422fd4300815.webp,Featured image for WebOps Content Gap,1916,821,eager,webp,23128,True,
baseline,https://kujolang.ai/ecosystem/skills/webops-content-gap/,https://kujolang.ai/assets/images/kujo-logomark.svg,assets/images/kujo-logomark.svg,,24,24,,svg,895,True,
baseline,https://kujolang.ai/ecosystem/skills/webops-content-portfolio/,https://kujolang.ai/assets/images/kujo-logomark.svg,assets/images/kujo-logomark.svg,,28,28,,svg,895,True,
baseline,https://kujolang.ai/ecosystem/skills/webops-content-portfolio/,https://kujolang.ai/images/skill-webops-content-portfolio-26d7360257f8.webp,images/skill-webops-content-portfolio-26d7360257f8.webp,Featured image for WebOps Content Portfolio,1916,821,eager,webp,27954,True,
baseline,https://kujolang.ai/ecosystem/skills/webops-content-portfolio/,https://kujolang.ai/assets/images/kujo-logomark.svg,assets/images/kujo-logomark.svg,,24,24,,svg,895,True,
baseline,https://kujolang.ai/ecosystem/skills/webops-content-pruning/,https://kujolang.ai/assets/images/kujo-logomark.svg,assets/images/kujo-logomark.svg,,28,28,,svg,895,True,
baseline,https://kujolang.ai/ecosystem/skills/webops-content-pruning/,https://kujolang.ai/images/skill-webops-content-pruning-4715e06d1c4a.webp,images/skill-webops-content-pruning-4715e06d1c4a.webp,Featured image for WebOps Content Pruning,1916,821,eager,webp,36616,True,
baseline,https://kujolang.ai/ecosystem/skills/webops-content-pruning/,https://kujolang.ai/assets/images/kujo-logomark.svg,assets/images/kujo-logomark.svg,,24,24,,svg,895,True,
baseline,https://kujolang.ai/ecosystem/skills/webops-distribution/,https://kujolang.ai/assets/images/kujo-logomark.svg,assets/images/kujo-logomark.svg,,28,28,,svg,895,True,
baseline,https://kujolang.ai/ecosystem/skills/webops-distribution/,https://kujolang.ai/images/skill-webops-distribution-8b80d474e275.webp,images/skill-webops-distribution-8b80d474e275.webp,Featured image for WebOps Distribution,1916,821,eager,webp,31964,True,
baseline,https://kujolang.ai/ecosystem/skills/webops-distribution/,https://kujolang.ai/assets/images/kujo-logomark.svg,assets/images/kujo-logomark.svg,,24,24,,svg,895,True,
baseline,https://kujolang.ai/ecosystem/skills/webops-indexation/,https://kujolang.ai/assets/images/kujo-logomark.svg,assets/images/kujo-logomark.svg,,28,28,,svg,895,True,
baseline,https://kujolang.ai/ecosystem/skills/webops-indexation/,https://kujolang.ai/images/skill-webops-indexation-a80026f52bdc.webp,images/skill-webops-indexation-a80026f52bdc.webp,Featured image for WebOps Indexation,1916,821,eager,webp,25756,True,
baseline,https://kujolang.ai/ecosystem/skills/webops-indexation/,https://kujolang.ai/assets/images/kujo-logomark.svg,assets/images/kujo-logomark.svg,,24,24,,svg,895,True,
baseline,https://kujolang.ai/ecosystem/skills/webops-information-architecture/,https://kujolang.ai/assets/images/kujo-logomark.svg,assets/images/kujo-logomark.svg,,28,28,,svg,895,True,
baseline,https://kujolang.ai/ecosystem/skills/webops-information-architecture/,https://kujolang.ai/images/skill-webops-information-architecture-a2bf29a07bed.webp,images/skill-webops-information-architecture-a2bf29a07bed.webp,Featured image for WebOps Information Architecture,1916,821,eager,webp,16304,True,
baseline,https://kujolang.ai/ecosystem/skills/webops-information-architecture/,https://kujolang.ai/assets/images/kujo-logomark.svg,assets/images/kujo-logomark.svg,,24,24,,svg,895,True,
baseline,https://kujolang.ai/ecosystem/skills/webops-internal-linking/,https://kujolang.ai/assets/images/kujo-logomark.svg,assets/images/kujo-logomark.svg,,28,28,,svg,895,True,
baseline,https://kujolang.ai/ecosystem/skills/webops-internal-linking/,https://kujolang.ai/images/skill-webops-internal-linking-c96a3a3d9f8a.webp,images/skill-webops-internal-linking-c96a3a3d9f8a.webp,Featured image for WebOps Internal Linking,1916,821,eager,webp,21256,True,
baseline,https://kujolang.ai/ecosystem/skills/webops-internal-linking/,https://kujolang.ai/assets/images/kujo-logomark.svg,assets/images/kujo-logomark.svg,,24,24,,svg,895,True,
baseline,https://kujolang.ai/ecosystem/skills/webops-keyword-opportunity/,https://kujolang.ai/assets/images/kujo-logomark.svg,assets/images/kujo-logomark.svg,,28,28,,svg,895,True,
baseline,https://kujolang.ai/ecosystem/skills/webops-keyword-opportunity/,https://kujolang.ai/images/skill-webops-keyword-opportunity-6a376fff4d92.webp,images/skill-webops-keyword-opportunity-6a376fff4d92.webp,Featured image for WebOps Keyword Opportunity,1916,821,eager,webp,13762,True,
baseline,https://kujolang.ai/ecosystem/skills/webops-keyword-opportunity/,https://kujolang.ai/assets/images/kujo-logomark.svg,assets/images/kujo-logomark.svg,,24,24,,svg,895,True,
baseline,https://kujolang.ai/ecosystem/skills/webops-link-health/,https://kujolang.ai/assets/images/kujo-logomark.svg,assets/images/kujo-logomark.svg,,28,28,,svg,895,True,
baseline,https://kujolang.ai/ecosystem/skills/webops-link-health/,https://kujolang.ai/images/skill-webops-link-health-8893a4d4ee84.webp,images/skill-webops-link-health-8893a4d4ee84.webp,Featured image for WebOps Link Health,1916,821,eager,webp,28158,True,
baseline,https://kujolang.ai/ecosystem/skills/webops-link-health/,https://kujolang.ai/assets/images/kujo-logomark.svg,assets/images/kujo-logomark.svg,,24,24,,svg,895,True,
baseline,https://kujolang.ai/ecosystem/skills/webops-longitudinal-findings/,https://kujolang.ai/assets/images/kujo-logomark.svg,assets/images/kujo-logomark.svg,,28,28,,svg,895,True,
baseline,https://kujolang.ai/ecosystem/skills/webops-longitudinal-findings/,https://kujolang.ai/images/skill-webops-longitudinal-findings-40e99f856238.webp,images/skill-webops-longitudinal-findings-40e99f856238.webp,Featured image for WebOps Longitudinal Findings,1916,821,eager,webp,37228,True,
baseline,https://kujolang.ai/ecosystem/skills/webops-longitudinal-findings/,https://kujolang.ai/assets/images/kujo-logomark.svg,assets/images/kujo-logomark.svg,,24,24,,svg,895,True,
baseline,https://kujolang.ai/ecosystem/skills/webops-reporting/,https://kujolang.ai/assets/images/kujo-logomark.svg,assets/images/kujo-logomark.svg,,28,28,,svg,895,True,
baseline,https://kujolang.ai/ecosystem/skills/webops-reporting/,https://kujolang.ai/images/skill-webops-reporting-40fca4015119.webp,images/skill-webops-reporting-40fca4015119.webp,Featured image for WebOps Reporting,1916,821,eager,webp,32324,True,
baseline,https://kujolang.ai/ecosystem/skills/webops-reporting/,https://kujolang.ai/assets/images/kujo-logomark.svg,assets/images/kujo-logomark.svg,,24,24,,svg,895,True,
baseline,https://kujolang.ai/ecosystem/skills/webops-schema-and-metadata/,https://kujolang.ai/assets/images/kujo-logomark.svg,assets/images/kujo-logomark.svg,,28,28,,svg,895,True,
baseline,https://kujolang.ai/ecosystem/skills/webops-schema-and-metadata/,https://kujolang.ai/images/skill-webops-schema-and-metadata-bb7f6990be34.webp,images/skill-webops-schema-and-metadata-bb7f6990be34.webp,Featured image for WebOps Schema And Metadata,1916,821,eager,webp,16240,True,
baseline,https://kujolang.ai/ecosystem/skills/webops-schema-and-metadata/,https://kujolang.ai/assets/images/kujo-logomark.svg,assets/images/kujo-logomark.svg,,24,24,,svg,895,True,
baseline,https://kujolang.ai/ecosystem/skills/webops-search-performance/,https://kujolang.ai/assets/images/kujo-logomark.svg,assets/images/kujo-logomark.svg,,28,28,,svg,895,True,
baseline,https://kujolang.ai/ecosystem/skills/webops-search-performance/,https://kujolang.ai/images/skill-webops-search-performance-9ef759e3e5cd.webp,images/skill-webops-search-performance-9ef759e3e5cd.webp,Featured image for WebOps Search Performance,1916,821,eager,webp,23710,True,
baseline,https://kujolang.ai/ecosystem/skills/webops-search-performance/,https://kujolang.ai/assets/images/kujo-logomark.svg,assets/images/kujo-logomark.svg,,24,24,,svg,895,True,
baseline,https://kujolang.ai/ecosystem/skills/webops-search-standards-watch/,https://kujolang.ai/assets/images/kujo-logomark.svg,assets/images/kujo-logomark.svg,,28,28,,svg,895,True,
baseline,https://kujolang.ai/ecosystem/skills/webops-search-standards-watch/,https://kujolang.ai/images/skill-webops-search-standards-watch-91d7242b98a1.webp,images/skill-webops-search-standards-watch-91d7242b98a1.webp,Featured image for WebOps Search Standards Watch,1916,821,eager,webp,29660,True,
baseline,https://kujolang.ai/ecosystem/skills/webops-search-standards-watch/,https://kujolang.ai/assets/images/kujo-logomark.svg,assets/images/kujo-logomark.svg,,24,24,,svg,895,True,
baseline,https://kujolang.ai/ecosystem/skills/webops-search-submission/,https://kujolang.ai/assets/images/kujo-logomark.svg,assets/images/kujo-logomark.svg,,28,28,,svg,895,True,
baseline,https://kujolang.ai/ecosystem/skills/webops-search-submission/,https://kujolang.ai/images/skill-webops-search-submission-49ef080648df.webp,images/skill-webops-search-submission-49ef080648df.webp,Featured image for WebOps Search Submission,1916,821,eager,webp,29722,True,
baseline,https://kujolang.ai/ecosystem/skills/webops-search-submission/,https://kujolang.ai/assets/images/kujo-logomark.svg,assets/images/kujo-logomark.svg,,24,24,,svg,895,True,
baseline,https://kujolang.ai/ecosystem/skills/webops-site-profile/,https://kujolang.ai/assets/images/kujo-logomark.svg,assets/images/kujo-logomark.svg,,28,28,,svg,895,True,
baseline,https://kujolang.ai/ecosystem/skills/webops-site-profile/,https://kujolang.ai/images/skill-webops-site-profile-64332218f1fb.webp,images/skill-webops-site-profile-64332218f1fb.webp,Featured image for WebOps Site Profile,1916,821,eager,webp,21206,True,
baseline,https://kujolang.ai/ecosystem/skills/webops-site-profile/,https://kujolang.ai/assets/images/kujo-logomark.svg,assets/images/kujo-logomark.svg,,24,24,,svg,895,True,
baseline,https://kujolang.ai/ecosystem/skills/webops-technical-seo/,https://kujolang.ai/assets/images/kujo-logomark.svg,assets/images/kujo-logomark.svg,,28,28,,svg,895,True,
baseline,https://kujolang.ai/ecosystem/skills/webops-technical-seo/,https://kujolang.ai/images/skill-webops-technical-seo-c0fcc75e0f4b.webp,images/skill-webops-technical-seo-c0fcc75e0f4b.webp,Featured image for WebOps Technical SEO,1916,821,eager,webp,23262,True,
baseline,https://kujolang.ai/ecosystem/skills/webops-technical-seo/,https://kujolang.ai/assets/images/kujo-logomark.svg,assets/images/kujo-logomark.svg,,24,24,,svg,895,True,
baseline,https://kujolang.ai/ecosystem/skills/webops-web-performance/,https://kujolang.ai/assets/images/kujo-logomark.svg,assets/images/kujo-logomark.svg,,28,28,,svg,895,True,
baseline,https://kujolang.ai/ecosystem/skills/webops-web-performance/,https://kujolang.ai/images/skill-webops-web-performance-566ff8805384.webp,images/skill-webops-web-performance-566ff8805384.webp,Featured image for WebOps Web Performance,1916,821,eager,webp,25466,True,
baseline,https://kujolang.ai/ecosystem/skills/webops-web-performance/,https://kujolang.ai/assets/images/kujo-logomark.svg,assets/images/kujo-logomark.svg,,24,24,,svg,895,True,
baseline,https://kujolang.ai/ecosystem/spec/,https://kujolang.ai/assets/images/kujo-logomark.svg,assets/images/kujo-logomark.svg,,28,28,,svg,895,True,
baseline,https://kujolang.ai/ecosystem/spec/,https://kujolang.ai/images/spec-task-contracts-43741e470860.webp,images/spec-task-contracts-43741e470860.webp,Featured image for Spec,1672,941,eager,webp,212192,True,
baseline,https://kujolang.ai/ecosystem/spec/,https://kujolang.ai/assets/images/kujo-logomark.svg,assets/images/kujo-logomark.svg,,24,24,,svg,895,True,
baseline,https://kujolang.ai/ecosystem/ssg/,https://kujolang.ai/assets/images/kujo-logomark.svg,assets/images/kujo-logomark.svg,,28,28,,svg,895,True,
baseline,https://kujolang.ai/ecosystem/ssg/,https://kujolang.ai/images/ssg-static-sites-db4a1b6844d0.webp,images/ssg-static-sites-db4a1b6844d0.webp,Featured image for SSG,1672,941,eager,webp,243902,True,
baseline,https://kujolang.ai/ecosystem/ssg/,https://kujolang.ai/assets/images/kujo-logomark.svg,assets/images/kujo-logomark.svg,,24,24,,svg,895,True,
baseline,https://kujolang.ai/ecosystem/storydesk/,https://kujolang.ai/assets/images/kujo-logomark.svg,assets/images/kujo-logomark.svg,,28,28,,svg,895,True,
baseline,https://kujolang.ai/ecosystem/storydesk/,https://kujolang.ai/images/storydesk-editorial-control-ec8271b42ede.webp,images/storydesk-editorial-control-ec8271b42ede.webp,Featured image for StoryDesk,1916,821,eager,webp,27256,True,
baseline,https://kujolang.ai/ecosystem/storydesk/,https://kujolang.ai/assets/images/kujo-logomark.svg,assets/images/kujo-logomark.svg,,24,24,,svg,895,True,
baseline,https://kujolang.ai/ecosystem/tooling/,https://kujolang.ai/assets/images/kujo-logomark.svg,assets/images/kujo-logomark.svg,,28,28,,svg,895,True,
baseline,https://kujolang.ai/ecosystem/tooling/,https://kujolang.ai/assets/images/ecosystem/tooling-operator-bench.webp,assets/images/ecosystem/tooling-operator-bench.webp,,1916,821,eager,webp,25488,True,
baseline,https://kujolang.ai/ecosystem/tooling/,https://kujolang.ai/images/muzzle-bounded-workflow-b64c77bed619.webp,images/muzzle-bounded-workflow-b64c77bed619.webp,Featured image for Muzzle,1916,821,lazy,webp,280582,True,
baseline,https://kujolang.ai/ecosystem/tooling/,https://kujolang.ai/images/runledger-run-receipts-8d64451f3e9d.webp,images/runledger-run-receipts-8d64451f3e9d.webp,Featured image for RunLedger,1672,941,lazy,webp,177314,True,
baseline,https://kujolang.ai/ecosystem/tooling/,https://kujolang.ai/images/changebucket-change-footprint-ad1139a9c399.webp,images/changebucket-change-footprint-ad1139a9c399.webp,Featured image for ChangeBucket,1672,941,lazy,webp,227392,True,
baseline,https://kujolang.ai/ecosystem/tooling/,https://kujolang.ai/images/patchbrief-diff-handoff-aeab19600b0f.webp,images/patchbrief-diff-handoff-aeab19600b0f.webp,Featured image for PatchBrief,1672,941,lazy,webp,263950,True,
baseline,https://kujolang.ai/ecosystem/tooling/,https://kujolang.ai/images/concord-artifact-alignment-aee2b0f59ab7.webp,images/concord-artifact-alignment-aee2b0f59ab7.webp,Featured image for Concord,1672,941,lazy,webp,285284,True,
baseline,https://kujolang.ai/ecosystem/tooling/,https://kujolang.ai/images/shipcheck-release-containers-6dd88086a094.webp,images/shipcheck-release-containers-6dd88086a094.webp,Featured image for ShipCheck,1916,821,lazy,webp,261420,True,
baseline,https://kujolang.ai/ecosystem/tooling/,https://kujolang.ai/images/packwrite-execution-pack-e49dce8f84fe.webp,images/packwrite-execution-pack-e49dce8f84fe.webp,Featured image for PackWrite,1672,941,lazy,webp,203432,True,
baseline,https://kujolang.ai/ecosystem/tooling/,https://kujolang.ai/images/casefile-evidence-bundle-80849ebf2502.webp,images/casefile-evidence-bundle-80849ebf2502.webp,Featured image for CaseFile,1672,941,lazy,webp,212192,True,
baseline,https://kujolang.ai/ecosystem/tooling/,https://kujolang.ai/images/lens-browser-inspection-3fbe386ada33.webp,images/lens-browser-inspection-3fbe386ada33.webp,Featured image for Lens,1672,941,lazy,webp,256430,True,
baseline,https://kujolang.ai/ecosystem/tooling/,https://kujolang.ai/images/ward-security-command-center-d9cf040edd51.webp,images/ward-security-command-center-d9cf040edd51.webp,Featured image for Ward,1672,941,lazy,webp,243974,True,
baseline,https://kujolang.ai/ecosystem/tooling/,https://kujolang.ai/images/howl-showcase-renderer-4ea5516f87bc.webp,images/howl-showcase-renderer-4ea5516f87bc.webp,Featured image for Howl,1672,941,lazy,webp,296694,True,
baseline,https://kujolang.ai/ecosystem/tooling/,https://kujolang.ai/images/workcell-contained-execution-4614f50747e5.webp,images/workcell-contained-execution-4614f50747e5.webp,Featured image for Workcell,1916,821,lazy,webp,325224,True,
baseline,https://kujolang.ai/ecosystem/tooling/,https://kujolang.ai/images/redact-document-sanitization-174419135945.webp,images/redact-document-sanitization-174419135945.webp,Featured image for Redact,1672,941,lazy,webp,250472,True,
baseline,https://kujolang.ai/ecosystem/tooling/,https://kujolang.ai/images/sitekit-interface-system-7b063362e496.webp,images/sitekit-interface-system-7b063362e496.webp,Featured image for SiteKit,1916,821,lazy,webp,211286,True,
baseline,https://kujolang.ai/ecosystem/tooling/,https://kujolang.ai/images/contentgraph-content-network-322489785187.webp,images/contentgraph-content-network-322489785187.webp,Featured image for ContentGraph,1916,821,lazy,webp,32876,True,
baseline,https://kujolang.ai/ecosystem/tooling/,https://kujolang.ai/images/searchbridge-provider-relay-5bdd8a9da6d7.webp,images/searchbridge-provider-relay-5bdd8a9da6d7.webp,Featured image for SearchBridge,1916,821,lazy,webp,23650,True,
baseline,https://kujolang.ai/ecosystem/tooling/,https://kujolang.ai/images/siteprobe-website-crawler-14da624e9418.webp,images/siteprobe-website-crawler-14da624e9418.webp,Featured image for SiteProbe,1916,821,lazy,webp,18338,True,
baseline,https://kujolang.ai/ecosystem/tooling/,https://kujolang.ai/images/assetworks-media-provenance-33b0f8b9d5d1.webp,images/assetworks-media-provenance-33b0f8b9d5d1.webp,Featured image for AssetWorks,1916,821,lazy,webp,31036,True,
baseline,https://kujolang.ai/ecosystem/tooling/,https://kujolang.ai/images/bluepencil-editorial-calibration-eebdfede1f5c.webp,images/bluepencil-editorial-calibration-eebdfede1f5c.webp,Featured image for BluePencil,1916,821,lazy,webp,27628,True,
baseline,https://kujolang.ai/ecosystem/tooling/,https://kujolang.ai/images/dossier-evidence-ledger-773a88235f2d.webp,images/dossier-evidence-ledger-773a88235f2d.webp,Featured image for Dossier,1916,821,lazy,webp,30978,True,
baseline,https://kujolang.ai/ecosystem/tooling/,https://kujolang.ai/images/galleypack-production-package-9e5c340327bc.webp,images/galleypack-production-package-9e5c340327bc.webp,Featured image for GalleyPack,1916,821,lazy,webp,30430,True,
baseline,https://kujolang.ai/ecosystem/tooling/,https://kujolang.ai/images/presswire-publication-dispatch-fb07811e7f15.webp,images/presswire-publication-dispatch-fb07811e7f15.webp,Featured image for PressWire,1916,821,lazy,webp,29154,True,
baseline,https://kujolang.ai/ecosystem/tooling/,https://kujolang.ai/images/readersignal-measurement-console-50591191a6c8.webp,images/readersignal-measurement-console-50591191a6c8.webp,Featured image for ReaderSignal,1916,821,lazy,webp,19390,True,
baseline,https://kujolang.ai/ecosystem/tooling/,https://kujolang.ai/images/storydesk-editorial-control-ec8271b42ede.webp,images/storydesk-editorial-control-ec8271b42ede.webp,Featured image for StoryDesk,1916,821,lazy,webp,27256,True,
baseline,https://kujolang.ai/ecosystem/tooling/,https://kujolang.ai/images/versionseal-version-approval-0ed8b71b9cef.webp,images/versionseal-version-approval-0ed8b71b9cef.webp,Featured image for VersionSeal,1916,821,lazy,webp,32746,True,
baseline,https://kujolang.ai/ecosystem/tooling/,https://kujolang.ai/images/paperclip-workspace-intelligence-ea2b5fd59b2c.webp,images/paperclip-workspace-intelligence-ea2b5fd59b2c.webp,Featured image for Kujo for Paperclip,1672,941,lazy,webp,33644,True,
baseline,https://kujolang.ai/ecosystem/tooling/,https://kujolang.ai/assets/images/kujo-logomark.svg,assets/images/kujo-logomark.svg,,24,24,,svg,895,True,
baseline,https://kujolang.ai/ecosystem/totalrecall/,https://kujolang.ai/assets/images/kujo-logomark.svg,assets/images/kujo-logomark.svg,,28,28,,svg,895,True,
baseline,https://kujolang.ai/ecosystem/totalrecall/,https://kujolang.ai/images/totalrecall-global-memory-97c41526d9ee.webp,images/totalrecall-global-memory-97c41526d9ee.webp,Featured image for TotalRecall,1536,1024,eager,webp,280062,True,
baseline,https://kujolang.ai/ecosystem/totalrecall/,https://kujolang.ai/assets/images/kujo-logomark.svg,assets/images/kujo-logomark.svg,,24,24,,svg,895,True,
baseline,https://kujolang.ai/ecosystem/tribunal/,https://kujolang.ai/assets/images/kujo-logomark.svg,assets/images/kujo-logomark.svg,,28,28,,svg,895,True,
baseline,https://kujolang.ai/ecosystem/tribunal/,https://kujolang.ai/images/tribunal-adversarial-hearing-3968b39e2678.webp,images/tribunal-adversarial-hearing-3968b39e2678.webp,Featured image for Tribunal,1916,821,eager,webp,21924,True,
baseline,https://kujolang.ai/ecosystem/tribunal/,https://kujolang.ai/assets/images/kujo-logomark.svg,assets/images/kujo-logomark.svg,,24,24,,svg,895,True,
baseline,https://kujolang.ai/ecosystem/versionseal/,https://kujolang.ai/assets/images/kujo-logomark.svg,assets/images/kujo-logomark.svg,,28,28,,svg,895,True,
baseline,https://kujolang.ai/ecosystem/versionseal/,https://kujolang.ai/images/versionseal-version-approval-0ed8b71b9cef.webp,images/versionseal-version-approval-0ed8b71b9cef.webp,Featured image for VersionSeal,1916,821,eager,webp,32746,True,
baseline,https://kujolang.ai/ecosystem/versionseal/,https://kujolang.ai/assets/images/kujo-logomark.svg,assets/images/kujo-logomark.svg,,24,24,,svg,895,True,
baseline,https://kujolang.ai/ecosystem/ward/,https://kujolang.ai/assets/images/kujo-logomark.svg,assets/images/kujo-logomark.svg,,28,28,,svg,895,True,
baseline,https://kujolang.ai/ecosystem/ward/,https://kujolang.ai/images/ward-security-command-center-d9cf040edd51.webp,images/ward-security-command-center-d9cf040edd51.webp,Featured image for Ward,1672,941,eager,webp,243974,True,
baseline,https://kujolang.ai/ecosystem/ward/,https://kujolang.ai/assets/images/kujo-logomark.svg,assets/images/kujo-logomark.svg,,24,24,,svg,895,True,
baseline,https://kujolang.ai/ecosystem/watchdog/,https://kujolang.ai/assets/images/kujo-logomark.svg,assets/images/kujo-logomark.svg,,28,28,,svg,895,True,
baseline,https://kujolang.ai/ecosystem/watchdog/,https://kujolang.ai/images/watchdog-telemetry-alert-c8fd7a9867a7.webp,images/watchdog-telemetry-alert-c8fd7a9867a7.webp,Featured image for Watchdog,1672,941,eager,webp,285202,True,
baseline,https://kujolang.ai/ecosystem/watchdog/,https://kujolang.ai/assets/images/kujo-logomark.svg,assets/images/kujo-logomark.svg,,24,24,,svg,895,True,
baseline,https://kujolang.ai/ecosystem/workcell/,https://kujolang.ai/assets/images/kujo-logomark.svg,assets/images/kujo-logomark.svg,,28,28,,svg,895,True,
baseline,https://kujolang.ai/ecosystem/workcell/,https://kujolang.ai/images/workcell-contained-execution-4614f50747e5.webp,images/workcell-contained-execution-4614f50747e5.webp,Featured image for Workcell,1916,821,eager,webp,325224,True,
baseline,https://kujolang.ai/ecosystem/workcell/,https://kujolang.ai/assets/images/kujo-logomark.svg,assets/images/kujo-logomark.svg,,24,24,,svg,895,True,
baseline,https://kujolang.ai/ecosystem/workflows/agency-runner/,https://kujolang.ai/assets/images/kujo-logomark.svg,assets/images/kujo-logomark.svg,,28,28,,svg,895,True,
baseline,https://kujolang.ai/ecosystem/workflows/agency-runner/,https://kujolang.ai/images/workflow-agency-runner-141025033cb5.webp,images/workflow-agency-runner-141025033cb5.webp,Featured image for Agency Runner,1916,821,eager,webp,21766,True,
baseline,https://kujolang.ai/ecosystem/workflows/agency-runner/,https://kujolang.ai/assets/images/kujo-logomark.svg,assets/images/kujo-logomark.svg,,24,24,,svg,895,True,
baseline,https://kujolang.ai/ecosystem/workflows/agency-verified-fix-loop/,https://kujolang.ai/assets/images/kujo-logomark.svg,assets/images/kujo-logomark.svg,,28,28,,svg,895,True,
baseline,https://kujolang.ai/ecosystem/workflows/agency-verified-fix-loop/,https://kujolang.ai/images/workflow-agency-verified-fix-loop-2ec231bda363.webp,images/workflow-agency-verified-fix-loop-2ec231bda363.webp,Featured image for Agency Verified Fix Loop,1916,821,eager,webp,24332,True,
baseline,https://kujolang.ai/ecosystem/workflows/agency-verified-fix-loop/,https://kujolang.ai/assets/images/kujo-logomark.svg,assets/images/kujo-logomark.svg,,24,24,,svg,895,True,
baseline,https://kujolang.ai/ecosystem/workflows/ai-sdk-muzzle-benchmark/,https://kujolang.ai/assets/images/kujo-logomark.svg,assets/images/kujo-logomark.svg,,28,28,,svg,895,True,
baseline,https://kujolang.ai/ecosystem/workflows/ai-sdk-muzzle-benchmark/,https://kujolang.ai/images/workflow-ai-sdk-muzzle-benchmark-88de235e9322.webp,images/workflow-ai-sdk-muzzle-benchmark-88de235e9322.webp,Featured image for AI SDK Muzzle Benchmark,1916,821,eager,webp,27376,True,
baseline,https://kujolang.ai/ecosystem/workflows/ai-sdk-muzzle-benchmark/,https://kujolang.ai/assets/images/kujo-logomark.svg,assets/images/kujo-logomark.svg,,24,24,,svg,895,True,
baseline,https://kujolang.ai/ecosystem/workflows/ai-sdk-watchdog-showcase/,https://kujolang.ai/assets/images/kujo-logomark.svg,assets/images/kujo-logomark.svg,,28,28,,svg,895,True,
baseline,https://kujolang.ai/ecosystem/workflows/ai-sdk-watchdog-showcase/,https://kujolang.ai/images/workflow-ai-sdk-watchdog-showcase-e0ea8a8f4a46.webp,images/workflow-ai-sdk-watchdog-showcase-e0ea8a8f4a46.webp,Featured image for AI SDK Watchdog Showcase,1916,821,eager,webp,30864,True,
baseline,https://kujolang.ai/ecosystem/workflows/ai-sdk-watchdog-showcase/,https://kujolang.ai/assets/images/kujo-logomark.svg,assets/images/kujo-logomark.svg,,24,24,,svg,895,True,
baseline,https://kujolang.ai/ecosystem/workflows/casefile-incident-evidence-packet/,https://kujolang.ai/assets/images/kujo-logomark.svg,assets/images/kujo-logomark.svg,,28,28,,svg,895,True,
baseline,https://kujolang.ai/ecosystem/workflows/casefile-incident-evidence-packet/,https://kujolang.ai/images/workflow-casefile-incident-evidence-packet-01d0b835c7b7.webp,images/workflow-casefile-incident-evidence-packet-01d0b835c7b7.webp,Featured image for Casefile Incident Evidence Packet,1916,821,eager,webp,29618,True,
baseline,https://kujolang.ai/ecosystem/workflows/casefile-incident-evidence-packet/,https://kujolang.ai/assets/images/kujo-logomark.svg,assets/images/kujo-logomark.svg,,24,24,,svg,895,True,
baseline,https://kujolang.ai/ecosystem/workflows/codebase-cleanup/,https://kujolang.ai/assets/images/kujo-logomark.svg,assets/images/kujo-logomark.svg,,28,28,,svg,895,True,
baseline,https://kujolang.ai/ecosystem/workflows/codebase-cleanup/,https://kujolang.ai/images/workflow-codebase-cleanup-ea26f024f193.webp,images/workflow-codebase-cleanup-ea26f024f193.webp,Featured image for Codebase Cleanup,1916,821,eager,webp,26320,True,
baseline,https://kujolang.ai/ecosystem/workflows/codebase-cleanup/,https://kujolang.ai/assets/images/kujo-logomark.svg,assets/images/kujo-logomark.svg,,24,24,,svg,895,True,
baseline,https://kujolang.ai/ecosystem/workflows/docsgen-repo-contract-runner/,https://kujolang.ai/assets/images/kujo-logomark.svg,assets/images/kujo-logomark.svg,,28,28,,svg,895,True,
baseline,https://kujolang.ai/ecosystem/workflows/docsgen-repo-contract-runner/,https://kujolang.ai/images/workflow-docsgen-repo-contract-runner-74bedee908ae.webp,images/workflow-docsgen-repo-contract-runner-74bedee908ae.webp,Featured image for Docsgen Repo Contract Runner,1916,821,eager,webp,25630,True,
baseline,https://kujolang.ai/ecosystem/workflows/docsgen-repo-contract-runner/,https://kujolang.ai/assets/images/kujo-logomark.svg,assets/images/kujo-logomark.svg,,24,24,,svg,895,True,
baseline,https://kujolang.ai/ecosystem/workflows/enterprise-dispatch-approval-router/,https://kujolang.ai/assets/images/kujo-logomark.svg,assets/images/kujo-logomark.svg,,28,28,,svg,895,True,
baseline,https://kujolang.ai/ecosystem/workflows/enterprise-dispatch-approval-router/,https://kujolang.ai/images/workflow-enterprise-dispatch-approval-router-6933a3f8d24a.webp,images/workflow-enterprise-dispatch-approval-router-6933a3f8d24a.webp,Featured image for Enterprise Dispatch Approval Router,1916,821,eager,webp,22282,True,
baseline,https://kujolang.ai/ecosystem/workflows/enterprise-dispatch-approval-router/,https://kujolang.ai/assets/images/kujo-logomark.svg,assets/images/kujo-logomark.svg,,24,24,,svg,895,True,
baseline,https://kujolang.ai/ecosystem/workflows/feature-card-workflow/,https://kujolang.ai/assets/images/kujo-logomark.svg,assets/images/kujo-logomark.svg,,28,28,,svg,895,True,
baseline,https://kujolang.ai/ecosystem/workflows/feature-card-workflow/,https://kujolang.ai/images/workflow-feature-card-workflow-e0300957af58.webp,images/workflow-feature-card-workflow-e0300957af58.webp,Featured image for Feature Card Workflow,1916,821,eager,webp,23722,True,
baseline,https://kujolang.ai/ecosystem/workflows/feature-card-workflow/,https://kujolang.ai/assets/images/kujo-logomark.svg,assets/images/kujo-logomark.svg,,24,24,,svg,895,True,
baseline,https://kujolang.ai/ecosystem/workflows/howl-content-factory/,https://kujolang.ai/assets/images/kujo-logomark.svg,assets/images/kujo-logomark.svg,,28,28,,svg,895,True,
baseline,https://kujolang.ai/ecosystem/workflows/howl-content-factory/,https://kujolang.ai/images/workflow-howl-content-factory-c4021c4d0297.webp,images/workflow-howl-content-factory-c4021c4d0297.webp,Featured image for Howl Content Factory,1916,821,eager,webp,24238,True,
baseline,https://kujolang.ai/ecosystem/workflows/howl-content-factory/,https://kujolang.ai/assets/images/kujo-logomark.svg,assets/images/kujo-logomark.svg,,24,24,,svg,895,True,
baseline,https://kujolang.ai/ecosystem/workflows/,https://kujolang.ai/assets/images/kujo-logomark.svg,assets/images/kujo-logomark.svg,,28,28,,svg,895,True,
baseline,https://kujolang.ai/ecosystem/workflows/,https://kujolang.ai/assets/images/ecosystem/workflows-evidence-routing-bench.webp,assets/images/ecosystem/workflows-evidence-routing-bench.webp,,1916,821,eager,webp,24290,True,
baseline,https://kujolang.ai/ecosystem/workflows/,https://kujolang.ai/images/workflow-owned-agent-project-04c964a31bf8.webp,images/workflow-owned-agent-project-04c964a31bf8.webp,Featured image for Owned Agent Project,1916,821,lazy,webp,31740,True,
baseline,https://kujolang.ai/ecosystem/workflows/,https://kujolang.ai/images/workflow-agency-runner-141025033cb5.webp,images/workflow-agency-runner-141025033cb5.webp,Featured image for Agency Runner,1916,821,lazy,webp,21766,True,
baseline,https://kujolang.ai/ecosystem/workflows/,https://kujolang.ai/images/workflow-agency-verified-fix-loop-2ec231bda363.webp,images/workflow-agency-verified-fix-loop-2ec231bda363.webp,Featured image for Agency Verified Fix Loop,1916,821,lazy,webp,24332,True,
baseline,https://kujolang.ai/ecosystem/workflows/,https://kujolang.ai/images/workflow-ai-sdk-muzzle-benchmark-88de235e9322.webp,images/workflow-ai-sdk-muzzle-benchmark-88de235e9322.webp,Featured image for AI SDK Muzzle Benchmark,1916,821,lazy,webp,27376,True,
baseline,https://kujolang.ai/ecosystem/workflows/,https://kujolang.ai/images/workflow-ai-sdk-watchdog-showcase-e0ea8a8f4a46.webp,images/workflow-ai-sdk-watchdog-showcase-e0ea8a8f4a46.webp,Featured image for AI SDK Watchdog Showcase,1916,821,lazy,webp,30864,True,
baseline,https://kujolang.ai/ecosystem/workflows/,https://kujolang.ai/images/workflow-casefile-incident-evidence-packet-01d0b835c7b7.webp,images/workflow-casefile-incident-evidence-packet-01d0b835c7b7.webp,Featured image for Casefile Incident Evidence Packet,1916,821,lazy,webp,29618,True,
baseline,https://kujolang.ai/ecosystem/workflows/,https://kujolang.ai/images/workflow-codebase-cleanup-ea26f024f193.webp,images/workflow-codebase-cleanup-ea26f024f193.webp,Featured image for Codebase Cleanup,1916,821,lazy,webp,26320,True,
baseline,https://kujolang.ai/ecosystem/workflows/,https://kujolang.ai/images/workflow-docsgen-repo-contract-runner-74bedee908ae.webp,images/workflow-docsgen-repo-contract-runner-74bedee908ae.webp,Featured image for Docsgen Repo Contract Runner,1916,821,lazy,webp,25630,True,
baseline,https://kujolang.ai/ecosystem/workflows/,https://kujolang.ai/images/workflow-enterprise-dispatch-approval-router-6933a3f8d24a.webp,images/workflow-enterprise-dispatch-approval-router-6933a3f8d24a.webp,Featured image for Enterprise Dispatch Approval Router,1916,821,lazy,webp,22282,True,
baseline,https://kujolang.ai/ecosystem/workflows/,https://kujolang.ai/images/workflow-feature-card-workflow-e0300957af58.webp,images/workflow-feature-card-workflow-e0300957af58.webp,Featured image for Feature Card Workflow,1916,821,lazy,webp,23722,True,
baseline,https://kujolang.ai/ecosystem/workflows/,https://kujolang.ai/images/workflow-howl-content-factory-c4021c4d0297.webp,images/workflow-howl-content-factory-c4021c4d0297.webp,Featured image for Howl Content Factory,1916,821,lazy,webp,24238,True,
baseline,https://kujolang.ai/ecosystem/workflows/,https://kujolang.ai/images/workflow-loop-engineering-44f0cfd65684.webp,images/workflow-loop-engineering-44f0cfd65684.webp,Featured image for Loop Engineering,1916,821,lazy,webp,24000,True,
baseline,https://kujolang.ai/ecosystem/workflows/,https://kujolang.ai/images/workflow-mcp-agent-gateway-review-56bec990414e.webp,images/workflow-mcp-agent-gateway-review-56bec990414e.webp,Featured image for MCP Agent Gateway Review,1916,821,lazy,webp,28928,True,
baseline,https://kujolang.ai/ecosystem/workflows/,https://kujolang.ai/images/workflow-publishing-house-adaptation-d4846ced2b40.webp,images/workflow-publishing-house-adaptation-d4846ced2b40.webp,Featured image for Publishing House Adaptation,1916,821,lazy,webp,32532,True,
baseline,https://kujolang.ai/ecosystem/workflows/,https://kujolang.ai/images/workflow-publishing-house-approval-publication-28396bfdeffd.webp,images/workflow-publishing-house-approval-publication-28396bfdeffd.webp,Featured image for Publishing House Approval Publication,1916,821,lazy,webp,32506,True,
baseline,https://kujolang.ai/ecosystem/workflows/,https://kujolang.ai/images/workflow-publishing-house-asset-production-6a2848eefbd8.webp,images/workflow-publishing-house-asset-production-6a2848eefbd8.webp,Featured image for Publishing House Asset Production,1916,821,lazy,webp,29414,True,
baseline,https://kujolang.ai/ecosystem/workflows/,https://kujolang.ai/images/workflow-publishing-house-commissioning-453eaae4325d.webp,images/workflow-publishing-house-commissioning-453eaae4325d.webp,Featured image for Publishing House Commissioning,1916,821,lazy,webp,34440,True,
baseline,https://kujolang.ai/ecosystem/workflows/,https://kujolang.ai/images/workflow-publishing-house-daily-desk-5859495c23a8.webp,images/workflow-publishing-house-daily-desk-5859495c23a8.webp,Featured image for Publishing House Daily Desk,1916,821,lazy,webp,23396,True,
baseline,https://kujolang.ai/ecosystem/workflows/,https://kujolang.ai/images/workflow-publishing-house-editorial-review-efb499de7569.webp,images/workflow-publishing-house-editorial-review-efb499de7569.webp,Featured image for Publishing House Editorial Review,1916,821,lazy,webp,24260,True,
baseline,https://kujolang.ai/ecosystem/workflows/,https://kujolang.ai/images/workflow-publishing-house-evidence-dossier-f8420fde413b.webp,images/workflow-publishing-house-evidence-dossier-f8420fde413b.webp,Featured image for Publishing House Evidence Dossier,1916,821,lazy,webp,31380,True,
baseline,https://kujolang.ai/ecosystem/workflows/,https://kujolang.ai/images/workflow-publishing-house-format-production-abca5e4e3a43.webp,images/workflow-publishing-house-format-production-abca5e4e3a43.webp,Featured image for Publishing House Format Production,1916,821,lazy,webp,23748,True,
baseline,https://kujolang.ai/ecosystem/workflows/,https://kujolang.ai/images/workflow-publishing-house-governance-944bd33fd3f5.webp,images/workflow-publishing-house-governance-944bd33fd3f5.webp,Featured image for Publishing House Governance,1916,821,lazy,webp,28774,True,
baseline,https://kujolang.ai/ecosystem/workflows/,https://kujolang.ai/images/workflow-publishing-house-post-publication-b4addd9077b7.webp,images/workflow-publishing-house-post-publication-b4addd9077b7.webp,Featured image for Publishing House Post Publication,1916,821,lazy,webp,20280,True,
baseline,https://kujolang.ai/ecosystem/workflows/,https://kujolang.ai/images/workflow-publishing-house-primary-piece-abd7cc192e59.webp,images/workflow-publishing-house-primary-piece-abd7cc192e59.webp,Featured image for Publishing House Primary Piece,1916,821,lazy,webp,33392,True,
baseline,https://kujolang.ai/ecosystem/workflows/,https://kujolang.ai/images/workflow-rag-enterprise-knowledge-gate-8fe489f663c9.webp,images/workflow-rag-enterprise-knowledge-gate-8fe489f663c9.webp,Featured image for RAG Enterprise Knowledge Gate,1916,821,lazy,webp,34960,True,
baseline,https://kujolang.ai/ecosystem/workflows/,https://kujolang.ai/images/workflow-relay-lifecycle-handoff-8166e0d98f3d.webp,images/workflow-relay-lifecycle-handoff-8166e0d98f3d.webp,Featured image for Relay Lifecycle Handoff,1916,821,lazy,webp,22522,True,
baseline,https://kujolang.ai/ecosystem/workflows/,https://kujolang.ai/images/workflow-tribunal-decision-gate-66b331c1304f.webp,images/workflow-tribunal-decision-gate-66b331c1304f.webp,Featured image for Tribunal Decision Gate,1916,821,lazy,webp,29122,True,
baseline,https://kujolang.ai/ecosystem/workflows/,https://kujolang.ai/images/workflow-webops-ai-visibility-benchmark-66c2c1a3625d.webp,images/workflow-webops-ai-visibility-benchmark-66c2c1a3625d.webp,Featured image for WebOps AI Visibility Benchmark,1916,821,lazy,webp,26214,True,
baseline,https://kujolang.ai/ecosystem/workflows/,https://kujolang.ai/images/workflow-webops-content-refresh-de6634f12e58.webp,images/workflow-webops-content-refresh-de6634f12e58.webp,Featured image for WebOps Content Refresh,1916,821,lazy,webp,31936,True,
baseline,https://kujolang.ai/ecosystem/workflows/,https://kujolang.ai/images/workflow-webops-finding-to-fix-0b26d24ab91c.webp,images/workflow-webops-finding-to-fix-0b26d24ab91c.webp,Featured image for WebOps Finding To Fix,1916,821,lazy,webp,23996,True,
baseline,https://kujolang.ai/ecosystem/workflows/,https://kujolang.ai/images/workflow-webops-monthly-seo-review-58547eea899f.webp,images/workflow-webops-monthly-seo-review-58547eea899f.webp,Featured image for WebOps Monthly SEO Review,1916,821,lazy,webp,23396,True,
baseline,https://kujolang.ai/ecosystem/workflows/,https://kujolang.ai/images/workflow-webops-post-publish-4bb80a61ddac.webp,images/workflow-webops-post-publish-4bb80a61ddac.webp,Featured image for WebOps Post Publish,1916,821,lazy,webp,28730,True,
baseline,https://kujolang.ai/ecosystem/workflows/,https://kujolang.ai/images/workflow-webops-quarterly-content-portfolio-97a5f614260b.webp,images/workflow-webops-quarterly-content-portfolio-97a5f614260b.webp,Featured image for WebOps Quarterly Content Portfolio,1916,821,lazy,webp,31028,True,
baseline,https://kujolang.ai/ecosystem/workflows/,https://kujolang.ai/images/workflow-webops-site-bootstrap-aa6cd85c11e2.webp,images/workflow-webops-site-bootstrap-aa6cd85c11e2.webp,Featured image for WebOps Site Bootstrap,1916,821,lazy,webp,25618,True,
baseline,https://kujolang.ai/ecosystem/workflows/,https://kujolang.ai/images/workflow-webops-weekly-content-intelligence-30a9b6922d20.webp,images/workflow-webops-weekly-content-intelligence-30a9b6922d20.webp,Featured image for WebOps Weekly Content Intelligence,1916,821,lazy,webp,25194,True,
baseline,https://kujolang.ai/ecosystem/workflows/,https://kujolang.ai/images/workflow-webops-weekly-search-intelligence-6d8741810661.webp,images/workflow-webops-weekly-search-intelligence-6d8741810661.webp,Featured image for WebOps Weekly Search Intelligence,1916,821,lazy,webp,17508,True,
baseline,https://kujolang.ai/ecosystem/workflows/,https://kujolang.ai/images/workflow-webops-weekly-site-health-f333f24bd360.webp,images/workflow-webops-weekly-site-health-f333f24bd360.webp,Featured image for WebOps Weekly Site Health,1916,821,lazy,webp,24764,True,
baseline,https://kujolang.ai/ecosystem/workflows/,https://kujolang.ai/images/workflow-workcell-execution-gate-4313dab7646d.webp,images/workflow-workcell-execution-gate-4313dab7646d.webp,Featured image for Workcell Execution Gate,1916,821,lazy,webp,45308,True,
baseline,https://kujolang.ai/ecosystem/workflows/,https://kujolang.ai/images/workflow-publishing-house-daily-desk-5859495c23a8.webp,images/workflow-publishing-house-daily-desk-5859495c23a8.webp,Featured image for Publishing House Operator,1916,821,lazy,webp,23396,True,
baseline,https://kujolang.ai/ecosystem/workflows/,https://kujolang.ai/assets/images/kujo-logomark.svg,assets/images/kujo-logomark.svg,,24,24,,svg,895,True,
baseline,https://kujolang.ai/ecosystem/workflows/loop-engineering/,https://kujolang.ai/assets/images/kujo-logomark.svg,assets/images/kujo-logomark.svg,,28,28,,svg,895,True,
baseline,https://kujolang.ai/ecosystem/workflows/loop-engineering/,https://kujolang.ai/images/workflow-loop-engineering-44f0cfd65684.webp,images/workflow-loop-engineering-44f0cfd65684.webp,Featured image for Loop Engineering,1916,821,eager,webp,24000,True,
baseline,https://kujolang.ai/ecosystem/workflows/loop-engineering/,https://kujolang.ai/assets/images/kujo-logomark.svg,assets/images/kujo-logomark.svg,,24,24,,svg,895,True,
baseline,https://kujolang.ai/ecosystem/workflows/mcp-agent-gateway-review/,https://kujolang.ai/assets/images/kujo-logomark.svg,assets/images/kujo-logomark.svg,,28,28,,svg,895,True,
baseline,https://kujolang.ai/ecosystem/workflows/mcp-agent-gateway-review/,https://kujolang.ai/images/workflow-mcp-agent-gateway-review-56bec990414e.webp,images/workflow-mcp-agent-gateway-review-56bec990414e.webp,Featured image for MCP Agent Gateway Review,1916,821,eager,webp,28928,True,
baseline,https://kujolang.ai/ecosystem/workflows/mcp-agent-gateway-review/,https://kujolang.ai/assets/images/kujo-logomark.svg,assets/images/kujo-logomark.svg,,24,24,,svg,895,True,
baseline,https://kujolang.ai/ecosystem/workflows/owned-agent-project/,https://kujolang.ai/assets/images/kujo-logomark.svg,assets/images/kujo-logomark.svg,,28,28,,svg,895,True,
baseline,https://kujolang.ai/ecosystem/workflows/owned-agent-project/,https://kujolang.ai/images/workflow-owned-agent-project-04c964a31bf8.webp,images/workflow-owned-agent-project-04c964a31bf8.webp,Featured image for Owned Agent Project,1916,821,eager,webp,31740,True,
baseline,https://kujolang.ai/ecosystem/workflows/owned-agent-project/,https://kujolang.ai/assets/images/kujo-logomark.svg,assets/images/kujo-logomark.svg,,24,24,,svg,895,True,
baseline,https://kujolang.ai/ecosystem/workflows/publishing-house-adaptation/,https://kujolang.ai/assets/images/kujo-logomark.svg,assets/images/kujo-logomark.svg,,28,28,,svg,895,True,
baseline,https://kujolang.ai/ecosystem/workflows/publishing-house-adaptation/,https://kujolang.ai/images/workflow-publishing-house-adaptation-d4846ced2b40.webp,images/workflow-publishing-house-adaptation-d4846ced2b40.webp,Featured image for Publishing House Adaptation,1916,821,eager,webp,32532,True,
baseline,https://kujolang.ai/ecosystem/workflows/publishing-house-adaptation/,https://kujolang.ai/assets/images/kujo-logomark.svg,assets/images/kujo-logomark.svg,,24,24,,svg,895,True,
baseline,https://kujolang.ai/ecosystem/workflows/publishing-house-approval-publication/,https://kujolang.ai/assets/images/kujo-logomark.svg,assets/images/kujo-logomark.svg,,28,28,,svg,895,True,
baseline,https://kujolang.ai/ecosystem/workflows/publishing-house-approval-publication/,https://kujolang.ai/images/workflow-publishing-house-approval-publication-28396bfdeffd.webp,images/workflow-publishing-house-approval-publication-28396bfdeffd.webp,Featured image for Publishing House Approval Publication,1916,821,eager,webp,32506,True,
baseline,https://kujolang.ai/ecosystem/workflows/publishing-house-approval-publication/,https://kujolang.ai/assets/images/kujo-logomark.svg,assets/images/kujo-logomark.svg,,24,24,,svg,895,True,
baseline,https://kujolang.ai/ecosystem/workflows/publishing-house-asset-production/,https://kujolang.ai/assets/images/kujo-logomark.svg,assets/images/kujo-logomark.svg,,28,28,,svg,895,True,
baseline,https://kujolang.ai/ecosystem/workflows/publishing-house-asset-production/,https://kujolang.ai/images/workflow-publishing-house-asset-production-6a2848eefbd8.webp,images/workflow-publishing-house-asset-production-6a2848eefbd8.webp,Featured image for Publishing House Asset Production,1916,821,eager,webp,29414,True,
baseline,https://kujolang.ai/ecosystem/workflows/publishing-house-asset-production/,https://kujolang.ai/assets/images/kujo-logomark.svg,assets/images/kujo-logomark.svg,,24,24,,svg,895,True,
baseline,https://kujolang.ai/ecosystem/workflows/publishing-house-commissioning/,https://kujolang.ai/assets/images/kujo-logomark.svg,assets/images/kujo-logomark.svg,,28,28,,svg,895,True,
baseline,https://kujolang.ai/ecosystem/workflows/publishing-house-commissioning/,https://kujolang.ai/images/workflow-publishing-house-commissioning-453eaae4325d.webp,images/workflow-publishing-house-commissioning-453eaae4325d.webp,Featured image for Publishing House Commissioning,1916,821,eager,webp,34440,True,
baseline,https://kujolang.ai/ecosystem/workflows/publishing-house-commissioning/,https://kujolang.ai/assets/images/kujo-logomark.svg,assets/images/kujo-logomark.svg,,24,24,,svg,895,True,
baseline,https://kujolang.ai/ecosystem/workflows/publishing-house-daily-desk/,https://kujolang.ai/assets/images/kujo-logomark.svg,assets/images/kujo-logomark.svg,,28,28,,svg,895,True,
baseline,https://kujolang.ai/ecosystem/workflows/publishing-house-daily-desk/,https://kujolang.ai/images/workflow-publishing-house-daily-desk-5859495c23a8.webp,images/workflow-publishing-house-daily-desk-5859495c23a8.webp,Featured image for Publishing House Daily Desk,1916,821,eager,webp,23396,True,
baseline,https://kujolang.ai/ecosystem/workflows/publishing-house-daily-desk/,https://kujolang.ai/assets/images/kujo-logomark.svg,assets/images/kujo-logomark.svg,,24,24,,svg,895,True,
baseline,https://kujolang.ai/ecosystem/workflows/publishing-house-editorial-review/,https://kujolang.ai/assets/images/kujo-logomark.svg,assets/images/kujo-logomark.svg,,28,28,,svg,895,True,
baseline,https://kujolang.ai/ecosystem/workflows/publishing-house-editorial-review/,https://kujolang.ai/images/workflow-publishing-house-editorial-review-efb499de7569.webp,images/workflow-publishing-house-editorial-review-efb499de7569.webp,Featured image for Publishing House Editorial Review,1916,821,eager,webp,24260,True,
baseline,https://kujolang.ai/ecosystem/workflows/publishing-house-editorial-review/,https://kujolang.ai/assets/images/kujo-logomark.svg,assets/images/kujo-logomark.svg,,24,24,,svg,895,True,
baseline,https://kujolang.ai/ecosystem/workflows/publishing-house-evidence-dossier/,https://kujolang.ai/assets/images/kujo-logomark.svg,assets/images/kujo-logomark.svg,,28,28,,svg,895,True,
baseline,https://kujolang.ai/ecosystem/workflows/publishing-house-evidence-dossier/,https://kujolang.ai/images/workflow-publishing-house-evidence-dossier-f8420fde413b.webp,images/workflow-publishing-house-evidence-dossier-f8420fde413b.webp,Featured image for Publishing House Evidence Dossier,1916,821,eager,webp,31380,True,
baseline,https://kujolang.ai/ecosystem/workflows/publishing-house-evidence-dossier/,https://kujolang.ai/assets/images/kujo-logomark.svg,assets/images/kujo-logomark.svg,,24,24,,svg,895,True,
baseline,https://kujolang.ai/ecosystem/workflows/publishing-house-format-production/,https://kujolang.ai/assets/images/kujo-logomark.svg,assets/images/kujo-logomark.svg,,28,28,,svg,895,True,
baseline,https://kujolang.ai/ecosystem/workflows/publishing-house-format-production/,https://kujolang.ai/images/workflow-publishing-house-format-production-abca5e4e3a43.webp,images/workflow-publishing-house-format-production-abca5e4e3a43.webp,Featured image for Publishing House Format Production,1916,821,eager,webp,23748,True,
baseline,https://kujolang.ai/ecosystem/workflows/publishing-house-format-production/,https://kujolang.ai/assets/images/kujo-logomark.svg,assets/images/kujo-logomark.svg,,24,24,,svg,895,True,
baseline,https://kujolang.ai/ecosystem/workflows/publishing-house-governance/,https://kujolang.ai/assets/images/kujo-logomark.svg,assets/images/kujo-logomark.svg,,28,28,,svg,895,True,
baseline,https://kujolang.ai/ecosystem/workflows/publishing-house-governance/,https://kujolang.ai/images/workflow-publishing-house-governance-944bd33fd3f5.webp,images/workflow-publishing-house-governance-944bd33fd3f5.webp,Featured image for Publishing House Governance,1916,821,eager,webp,28774,True,
baseline,https://kujolang.ai/ecosystem/workflows/publishing-house-governance/,https://kujolang.ai/assets/images/kujo-logomark.svg,assets/images/kujo-logomark.svg,,24,24,,svg,895,True,
baseline,https://kujolang.ai/ecosystem/workflows/publishing-house-operator/,https://kujolang.ai/assets/images/kujo-logomark.svg,assets/images/kujo-logomark.svg,,28,28,,svg,895,True,
baseline,https://kujolang.ai/ecosystem/workflows/publishing-house-operator/,https://kujolang.ai/images/workflow-publishing-house-daily-desk-5859495c23a8.webp,images/workflow-publishing-house-daily-desk-5859495c23a8.webp,Featured image for Publishing House Operator,1916,821,eager,webp,23396,True,
baseline,https://kujolang.ai/ecosystem/workflows/publishing-house-operator/,https://kujolang.ai/assets/images/kujo-logomark.svg,assets/images/kujo-logomark.svg,,24,24,,svg,895,True,
baseline,https://kujolang.ai/ecosystem/workflows/publishing-house-post-publication/,https://kujolang.ai/assets/images/kujo-logomark.svg,assets/images/kujo-logomark.svg,,28,28,,svg,895,True,
baseline,https://kujolang.ai/ecosystem/workflows/publishing-house-post-publication/,https://kujolang.ai/images/workflow-publishing-house-post-publication-b4addd9077b7.webp,images/workflow-publishing-house-post-publication-b4addd9077b7.webp,Featured image for Publishing House Post Publication,1916,821,eager,webp,20280,True,
baseline,https://kujolang.ai/ecosystem/workflows/publishing-house-post-publication/,https://kujolang.ai/assets/images/kujo-logomark.svg,assets/images/kujo-logomark.svg,,24,24,,svg,895,True,
baseline,https://kujolang.ai/ecosystem/workflows/publishing-house-primary-piece/,https://kujolang.ai/assets/images/kujo-logomark.svg,assets/images/kujo-logomark.svg,,28,28,,svg,895,True,
baseline,https://kujolang.ai/ecosystem/workflows/publishing-house-primary-piece/,https://kujolang.ai/images/workflow-publishing-house-primary-piece-abd7cc192e59.webp,images/workflow-publishing-house-primary-piece-abd7cc192e59.webp,Featured image for Publishing House Primary Piece,1916,821,eager,webp,33392,True,
baseline,https://kujolang.ai/ecosystem/workflows/publishing-house-primary-piece/,https://kujolang.ai/assets/images/kujo-logomark.svg,assets/images/kujo-logomark.svg,,24,24,,svg,895,True,
baseline,https://kujolang.ai/ecosystem/workflows/rag-enterprise-knowledge-gate/,https://kujolang.ai/assets/images/kujo-logomark.svg,assets/images/kujo-logomark.svg,,28,28,,svg,895,True,
baseline,https://kujolang.ai/ecosystem/workflows/rag-enterprise-knowledge-gate/,https://kujolang.ai/images/workflow-rag-enterprise-knowledge-gate-8fe489f663c9.webp,images/workflow-rag-enterprise-knowledge-gate-8fe489f663c9.webp,Featured image for RAG Enterprise Knowledge Gate,1916,821,eager,webp,34960,True,
baseline,https://kujolang.ai/ecosystem/workflows/rag-enterprise-knowledge-gate/,https://kujolang.ai/assets/images/kujo-logomark.svg,assets/images/kujo-logomark.svg,,24,24,,svg,895,True,
baseline,https://kujolang.ai/ecosystem/workflows/relay-lifecycle-handoff/,https://kujolang.ai/assets/images/kujo-logomark.svg,assets/images/kujo-logomark.svg,,28,28,,svg,895,True,
baseline,https://kujolang.ai/ecosystem/workflows/relay-lifecycle-handoff/,https://kujolang.ai/images/workflow-relay-lifecycle-handoff-8166e0d98f3d.webp,images/workflow-relay-lifecycle-handoff-8166e0d98f3d.webp,Featured image for Relay Lifecycle Handoff,1916,821,eager,webp,22522,True,
baseline,https://kujolang.ai/ecosystem/workflows/relay-lifecycle-handoff/,https://kujolang.ai/assets/images/kujo-logomark.svg,assets/images/kujo-logomark.svg,,24,24,,svg,895,True,
baseline,https://kujolang.ai/ecosystem/workflows/tribunal-decision-gate/,https://kujolang.ai/assets/images/kujo-logomark.svg,assets/images/kujo-logomark.svg,,28,28,,svg,895,True,
baseline,https://kujolang.ai/ecosystem/workflows/tribunal-decision-gate/,https://kujolang.ai/images/workflow-tribunal-decision-gate-66b331c1304f.webp,images/workflow-tribunal-decision-gate-66b331c1304f.webp,Featured image for Tribunal Decision Gate,1916,821,eager,webp,29122,True,
baseline,https://kujolang.ai/ecosystem/workflows/tribunal-decision-gate/,https://kujolang.ai/assets/images/kujo-logomark.svg,assets/images/kujo-logomark.svg,,24,24,,svg,895,True,
baseline,https://kujolang.ai/ecosystem/workflows/webops-ai-visibility-benchmark/,https://kujolang.ai/assets/images/kujo-logomark.svg,assets/images/kujo-logomark.svg,,28,28,,svg,895,True,
baseline,https://kujolang.ai/ecosystem/workflows/webops-ai-visibility-benchmark/,https://kujolang.ai/images/workflow-webops-ai-visibility-benchmark-66c2c1a3625d.webp,images/workflow-webops-ai-visibility-benchmark-66c2c1a3625d.webp,Featured image for WebOps AI Visibility Benchmark,1916,821,eager,webp,26214,True,
baseline,https://kujolang.ai/ecosystem/workflows/webops-ai-visibility-benchmark/,https://kujolang.ai/assets/images/kujo-logomark.svg,assets/images/kujo-logomark.svg,,24,24,,svg,895,True,
baseline,https://kujolang.ai/ecosystem/workflows/webops-content-refresh/,https://kujolang.ai/assets/images/kujo-logomark.svg,assets/images/kujo-logomark.svg,,28,28,,svg,895,True,
baseline,https://kujolang.ai/ecosystem/workflows/webops-content-refresh/,https://kujolang.ai/images/workflow-webops-content-refresh-de6634f12e58.webp,images/workflow-webops-content-refresh-de6634f12e58.webp,Featured image for WebOps Content Refresh,1916,821,eager,webp,31936,True,
baseline,https://kujolang.ai/ecosystem/workflows/webops-content-refresh/,https://kujolang.ai/assets/images/kujo-logomark.svg,assets/images/kujo-logomark.svg,,24,24,,svg,895,True,
baseline,https://kujolang.ai/ecosystem/workflows/webops-finding-to-fix/,https://kujolang.ai/assets/images/kujo-logomark.svg,assets/images/kujo-logomark.svg,,28,28,,svg,895,True,
baseline,https://kujolang.ai/ecosystem/workflows/webops-finding-to-fix/,https://kujolang.ai/images/workflow-webops-finding-to-fix-0b26d24ab91c.webp,images/workflow-webops-finding-to-fix-0b26d24ab91c.webp,Featured image for WebOps Finding To Fix,1916,821,eager,webp,23996,True,
baseline,https://kujolang.ai/ecosystem/workflows/webops-finding-to-fix/,https://kujolang.ai/assets/images/kujo-logomark.svg,assets/images/kujo-logomark.svg,,24,24,,svg,895,True,
baseline,https://kujolang.ai/ecosystem/workflows/webops-monthly-seo-review/,https://kujolang.ai/assets/images/kujo-logomark.svg,assets/images/kujo-logomark.svg,,28,28,,svg,895,True,
baseline,https://kujolang.ai/ecosystem/workflows/webops-monthly-seo-review/,https://kujolang.ai/images/workflow-webops-monthly-seo-review-58547eea899f.webp,images/workflow-webops-monthly-seo-review-58547eea899f.webp,Featured image for WebOps Monthly SEO Review,1916,821,eager,webp,23396,True,
baseline,https://kujolang.ai/ecosystem/workflows/webops-monthly-seo-review/,https://kujolang.ai/assets/images/kujo-logomark.svg,assets/images/kujo-logomark.svg,,24,24,,svg,895,True,
baseline,https://kujolang.ai/ecosystem/workflows/webops-post-publish/,https://kujolang.ai/assets/images/kujo-logomark.svg,assets/images/kujo-logomark.svg,,28,28,,svg,895,True,
baseline,https://kujolang.ai/ecosystem/workflows/webops-post-publish/,https://kujolang.ai/images/workflow-webops-post-publish-4bb80a61ddac.webp,images/workflow-webops-post-publish-4bb80a61ddac.webp,Featured image for WebOps Post Publish,1916,821,eager,webp,28730,True,
baseline,https://kujolang.ai/ecosystem/workflows/webops-post-publish/,https://kujolang.ai/assets/images/kujo-logomark.svg,assets/images/kujo-logomark.svg,,24,24,,svg,895,True,
baseline,https://kujolang.ai/ecosystem/workflows/webops-quarterly-content-portfolio/,https://kujolang.ai/assets/images/kujo-logomark.svg,assets/images/kujo-logomark.svg,,28,28,,svg,895,True,
baseline,https://kujolang.ai/ecosystem/workflows/webops-quarterly-content-portfolio/,https://kujolang.ai/images/workflow-webops-quarterly-content-portfolio-97a5f614260b.webp,images/workflow-webops-quarterly-content-portfolio-97a5f614260b.webp,Featured image for WebOps Quarterly Content Portfolio,1916,821,eager,webp,31028,True,
baseline,https://kujolang.ai/ecosystem/workflows/webops-quarterly-content-portfolio/,https://kujolang.ai/assets/images/kujo-logomark.svg,assets/images/kujo-logomark.svg,,24,24,,svg,895,True,
baseline,https://kujolang.ai/ecosystem/workflows/webops-site-bootstrap/,https://kujolang.ai/assets/images/kujo-logomark.svg,assets/images/kujo-logomark.svg,,28,28,,svg,895,True,
baseline,https://kujolang.ai/ecosystem/workflows/webops-site-bootstrap/,https://kujolang.ai/images/workflow-webops-site-bootstrap-aa6cd85c11e2.webp,images/workflow-webops-site-bootstrap-aa6cd85c11e2.webp,Featured image for WebOps Site Bootstrap,1916,821,eager,webp,25618,True,
baseline,https://kujolang.ai/ecosystem/workflows/webops-site-bootstrap/,https://kujolang.ai/assets/images/kujo-logomark.svg,assets/images/kujo-logomark.svg,,24,24,,svg,895,True,
baseline,https://kujolang.ai/ecosystem/workflows/webops-weekly-content-intelligence/,https://kujolang.ai/assets/images/kujo-logomark.svg,assets/images/kujo-logomark.svg,,28,28,,svg,895,True,
baseline,https://kujolang.ai/ecosystem/workflows/webops-weekly-content-intelligence/,https://kujolang.ai/images/workflow-webops-weekly-content-intelligence-30a9b6922d20.webp,images/workflow-webops-weekly-content-intelligence-30a9b6922d20.webp,Featured image for WebOps Weekly Content Intelligence,1916,821,eager,webp,25194,True,
baseline,https://kujolang.ai/ecosystem/workflows/webops-weekly-content-intelligence/,https://kujolang.ai/assets/images/kujo-logomark.svg,assets/images/kujo-logomark.svg,,24,24,,svg,895,True,
baseline,https://kujolang.ai/ecosystem/workflows/webops-weekly-search-intelligence/,https://kujolang.ai/assets/images/kujo-logomark.svg,assets/images/kujo-logomark.svg,,28,28,,svg,895,True,
baseline,https://kujolang.ai/ecosystem/workflows/webops-weekly-search-intelligence/,https://kujolang.ai/images/workflow-webops-weekly-search-intelligence-6d8741810661.webp,images/workflow-webops-weekly-search-intelligence-6d8741810661.webp,Featured image for WebOps Weekly Search Intelligence,1916,821,eager,webp,17508,True,
baseline,https://kujolang.ai/ecosystem/workflows/webops-weekly-search-intelligence/,https://kujolang.ai/assets/images/kujo-logomark.svg,assets/images/kujo-logomark.svg,,24,24,,svg,895,True,
baseline,https://kujolang.ai/ecosystem/workflows/webops-weekly-site-health/,https://kujolang.ai/assets/images/kujo-logomark.svg,assets/images/kujo-logomark.svg,,28,28,,svg,895,True,
baseline,https://kujolang.ai/ecosystem/workflows/webops-weekly-site-health/,https://kujolang.ai/images/workflow-webops-weekly-site-health-f333f24bd360.webp,images/workflow-webops-weekly-site-health-f333f24bd360.webp,Featured image for WebOps Weekly Site Health,1916,821,eager,webp,24764,True,
baseline,https://kujolang.ai/ecosystem/workflows/webops-weekly-site-health/,https://kujolang.ai/assets/images/kujo-logomark.svg,assets/images/kujo-logomark.svg,,24,24,,svg,895,True,
baseline,https://kujolang.ai/ecosystem/workflows/workcell-execution-gate/,https://kujolang.ai/assets/images/kujo-logomark.svg,assets/images/kujo-logomark.svg,,28,28,,svg,895,True,
baseline,https://kujolang.ai/ecosystem/workflows/workcell-execution-gate/,https://kujolang.ai/images/workflow-workcell-execution-gate-4313dab7646d.webp,images/workflow-workcell-execution-gate-4313dab7646d.webp,Featured image for Workcell Execution Gate,1916,821,eager,webp,45308,True,
baseline,https://kujolang.ai/ecosystem/workflows/workcell-execution-gate/,https://kujolang.ai/assets/images/kujo-logomark.svg,assets/images/kujo-logomark.svg,,24,24,,svg,895,True,
baseline,https://kujolang.ai/ethos/,https://kujolang.ai/assets/images/kujo-logomark.svg,assets/images/kujo-logomark.svg,,28,28,,svg,895,True,
baseline,https://kujolang.ai/ethos/,https://kujolang.ai/images/ethos-human-agent-trust-11c9f2b7e496.webp,images/ethos-human-agent-trust-11c9f2b7e496.webp,Featured image for Ethos,1672,941,eager,webp,277112,True,
baseline,https://kujolang.ai/ethos/,https://kujolang.ai/assets/images/kujo-logomark.svg,assets/images/kujo-logomark.svg,,24,24,,svg,895,True,
baseline,https://kujolang.ai/providers/,https://kujolang.ai/assets/images/kujo-logomark.svg,assets/images/kujo-logomark.svg,,28,28,,svg,895,True,
baseline,https://kujolang.ai/providers/,https://kujolang.ai/assets/images/providers-routing-switchboard.webp,assets/images/providers-routing-switchboard.webp,,1916,821,eager,webp,32274,True,
baseline,https://kujolang.ai/providers/,https://kujolang.ai/assets/images/kujo-logomark.svg,assets/images/kujo-logomark.svg,,24,24,,svg,895,True,
baseline,https://kujolang.ai/writing/,https://kujolang.ai/assets/images/kujo-logomark.svg,assets/images/kujo-logomark.svg,,28,28,,svg,895,True,
baseline,https://kujolang.ai/writing/,https://kujolang.ai/assets/images/writing-technical-documents.webp,assets/images/writing-technical-documents.webp,,1672,941,eager,webp,212192,True,
baseline,https://kujolang.ai/writing/,https://kujolang.ai/assets/images/kujo-logomark.svg,assets/images/kujo-logomark.svg,,24,24,,svg,895,True,
