phase,source_url,destination_url,anchor_text,link_context,http_status,final_url,chain_length,verification,rel,recommended_action
after,https://kujolang.ai/,https://kujolang.ai/,Kujo,header,200,https://kujolang.ai/,0,rendered local route,,none
after,https://kujolang.ai/,https://kujolang.ai/,Home,nav,200,https://kujolang.ai/,0,rendered local route,,none
after,https://kujolang.ai/,https://kujolang.ai/ecosystem/,Ecosystem,nav,200,https://kujolang.ai/ecosystem/,0,rendered local route,,none
after,https://kujolang.ai/,https://kujolang.ai/ethos/,Ethos,nav,200,https://kujolang.ai/ethos/,0,rendered local route,,none
after,https://kujolang.ai/,https://kujolang.ai/writing/,Writing,nav,200,https://kujolang.ai/writing/,0,rendered local route,,none
after,https://kujolang.ai/,https://kujolang.ai/contact/,Contact,nav,200,https://kujolang.ai/contact/,0,rendered local route,,none
after,https://kujolang.ai/,https://kujolang.ai/,Home,nav,200,https://kujolang.ai/,0,rendered local route,,none
after,https://kujolang.ai/,https://kujolang.ai/ecosystem/,Ecosystem,nav,200,https://kujolang.ai/ecosystem/,0,rendered local route,,none
after,https://kujolang.ai/,https://kujolang.ai/ethos/,Ethos,nav,200,https://kujolang.ai/ethos/,0,rendered local route,,none
after,https://kujolang.ai/,https://kujolang.ai/writing/,Writing,nav,200,https://kujolang.ai/writing/,0,rendered local route,,none
after,https://kujolang.ai/,https://kujolang.ai/contact/,Contact,nav,200,https://kujolang.ai/contact/,0,rendered local route,,none
after,https://kujolang.ai/,https://kujolang.ai/assets/prompts/kujo-agent-onboarding.txt,let your agents,body,200,https://kujolang.ai/assets/prompts/kujo-agent-onboarding.txt,0,rendered local route,,none
after,https://kujolang.ai/,https://kujolang.ai/ecosystem/,Explore ecosystem,main,200,https://kujolang.ai/ecosystem/,0,rendered local route,,none
after,https://kujolang.ai/,https://kujolang.ai/,Kujo,footer,200,https://kujolang.ai/,0,rendered local route,,none
after,https://kujolang.ai/,https://kujolang.ai/ecosystem/,Ecosystem,nav,200,https://kujolang.ai/ecosystem/,0,rendered local route,,none
after,https://kujolang.ai/,https://kujolang.ai/ethos/,Ethos,nav,200,https://kujolang.ai/ethos/,0,rendered local route,,none
after,https://kujolang.ai/,https://kujolang.ai/writing/,Writing,nav,200,https://kujolang.ai/writing/,0,rendered local route,,none
after,https://kujolang.ai/,https://kujolang.ai/contact/,Contact,nav,200,https://kujolang.ai/contact/,0,rendered local route,,none
after,https://kujolang.ai/contact/,https://kujolang.ai/,Kujo,header,200,https://kujolang.ai/,0,rendered local route,,none
after,https://kujolang.ai/contact/,https://kujolang.ai/,Home,nav,200,https://kujolang.ai/,0,rendered local route,,none
after,https://kujolang.ai/contact/,https://kujolang.ai/ecosystem/,Ecosystem,nav,200,https://kujolang.ai/ecosystem/,0,rendered local route,,none
after,https://kujolang.ai/contact/,https://kujolang.ai/ethos/,Ethos,nav,200,https://kujolang.ai/ethos/,0,rendered local route,,none
after,https://kujolang.ai/contact/,https://kujolang.ai/writing/,Writing,nav,200,https://kujolang.ai/writing/,0,rendered local route,,none
after,https://kujolang.ai/contact/,https://kujolang.ai/contact/,Contact,nav,200,https://kujolang.ai/contact/,0,rendered local route,,none
after,https://kujolang.ai/contact/,https://kujolang.ai/,Home,nav,200,https://kujolang.ai/,0,rendered local route,,none
after,https://kujolang.ai/contact/,https://kujolang.ai/ecosystem/,Ecosystem,nav,200,https://kujolang.ai/ecosystem/,0,rendered local route,,none
after,https://kujolang.ai/contact/,https://kujolang.ai/ethos/,Ethos,nav,200,https://kujolang.ai/ethos/,0,rendered local route,,none
after,https://kujolang.ai/contact/,https://kujolang.ai/writing/,Writing,nav,200,https://kujolang.ai/writing/,0,rendered local route,,none
after,https://kujolang.ai/contact/,https://kujolang.ai/contact/,Contact,nav,200,https://kujolang.ai/contact/,0,rendered local route,,none
after,https://kujolang.ai/contact/,https://kujolang.ai/assets/prompts/kujo-agent-onboarding.txt,let your agents,body,200,https://kujolang.ai/assets/prompts/kujo-agent-onboarding.txt,0,rendered local route,,none
after,https://kujolang.ai/contact/,https://kujolang.ai/,Kujo,footer,200,https://kujolang.ai/,0,rendered local route,,none
after,https://kujolang.ai/contact/,https://kujolang.ai/ecosystem/,Ecosystem,nav,200,https://kujolang.ai/ecosystem/,0,rendered local route,,none
after,https://kujolang.ai/contact/,https://kujolang.ai/ethos/,Ethos,nav,200,https://kujolang.ai/ethos/,0,rendered local route,,none
after,https://kujolang.ai/contact/,https://kujolang.ai/writing/,Writing,nav,200,https://kujolang.ai/writing/,0,rendered local route,,none
after,https://kujolang.ai/contact/,https://kujolang.ai/contact/,Contact,nav,200,https://kujolang.ai/contact/,0,rendered local route,,none
after,https://kujolang.ai/ecosystem/,https://kujolang.ai/,Kujo,header,200,https://kujolang.ai/,0,rendered local route,,none
after,https://kujolang.ai/ecosystem/,https://kujolang.ai/,Home,nav,200,https://kujolang.ai/,0,rendered local route,,none
after,https://kujolang.ai/ecosystem/,https://kujolang.ai/ecosystem/,Ecosystem,nav,200,https://kujolang.ai/ecosystem/,0,rendered local route,,none
after,https://kujolang.ai/ecosystem/,https://kujolang.ai/ethos/,Ethos,nav,200,https://kujolang.ai/ethos/,0,rendered local route,,none
after,https://kujolang.ai/ecosystem/,https://kujolang.ai/writing/,Writing,nav,200,https://kujolang.ai/writing/,0,rendered local route,,none
after,https://kujolang.ai/ecosystem/,https://kujolang.ai/contact/,Contact,nav,200,https://kujolang.ai/contact/,0,rendered local route,,none
after,https://kujolang.ai/ecosystem/,https://kujolang.ai/,Home,nav,200,https://kujolang.ai/,0,rendered local route,,none
after,https://kujolang.ai/ecosystem/,https://kujolang.ai/ecosystem/,Ecosystem,nav,200,https://kujolang.ai/ecosystem/,0,rendered local route,,none
after,https://kujolang.ai/ecosystem/,https://kujolang.ai/ethos/,Ethos,nav,200,https://kujolang.ai/ethos/,0,rendered local route,,none
after,https://kujolang.ai/ecosystem/,https://kujolang.ai/writing/,Writing,nav,200,https://kujolang.ai/writing/,0,rendered local route,,none
after,https://kujolang.ai/ecosystem/,https://kujolang.ai/contact/,Contact,nav,200,https://kujolang.ai/contact/,0,rendered local route,,none
after,https://kujolang.ai/ecosystem/,https://kujolang.ai/assets/prompts/kujo-agent-onboarding.txt,let your agents,body,200,https://kujolang.ai/assets/prompts/kujo-agent-onboarding.txt,0,rendered local route,,none
after,https://kujolang.ai/ecosystem/,https://kujolang.ai/ecosystem/kujo/,,main,200,https://kujolang.ai/ecosystem/kujo/,0,rendered local route,,none
after,https://kujolang.ai/ecosystem/,https://kujolang.ai/ecosystem/kujo/,Kujo,main,200,https://kujolang.ai/ecosystem/kujo/,0,rendered local route,,none
after,https://kujolang.ai/ecosystem/,https://kujolang.ai/ecosystem/kujo/,Explore Project,main,200,https://kujolang.ai/ecosystem/kujo/,0,rendered local route,,none
after,https://kujolang.ai/ecosystem/,https://kujolang.ai/ecosystem/kennel/,,main,200,https://kujolang.ai/ecosystem/kennel/,0,rendered local route,,none
after,https://kujolang.ai/ecosystem/,https://kujolang.ai/ecosystem/kennel/,Kennel,main,200,https://kujolang.ai/ecosystem/kennel/,0,rendered local route,,none
after,https://kujolang.ai/ecosystem/,https://kujolang.ai/ecosystem/kennel/,Explore Project,main,200,https://kujolang.ai/ecosystem/kennel/,0,rendered local route,,none
after,https://kujolang.ai/ecosystem/,https://kujolang.ai/ecosystem/spec/,,main,200,https://kujolang.ai/ecosystem/spec/,0,rendered local route,,none
after,https://kujolang.ai/ecosystem/,https://kujolang.ai/ecosystem/spec/,Spec,main,200,https://kujolang.ai/ecosystem/spec/,0,rendered local route,,none
after,https://kujolang.ai/ecosystem/,https://kujolang.ai/ecosystem/spec/,Explore Project,main,200,https://kujolang.ai/ecosystem/spec/,0,rendered local route,,none
after,https://kujolang.ai/ecosystem/,https://kujolang.ai/ecosystem/eval/,,main,200,https://kujolang.ai/ecosystem/eval/,0,rendered local route,,none
after,https://kujolang.ai/ecosystem/,https://kujolang.ai/ecosystem/eval/,Eval,main,200,https://kujolang.ai/ecosystem/eval/,0,rendered local route,,none
after,https://kujolang.ai/ecosystem/,https://kujolang.ai/ecosystem/eval/,Explore Project,main,200,https://kujolang.ai/ecosystem/eval/,0,rendered local route,,none
after,https://kujolang.ai/ecosystem/,https://kujolang.ai/ecosystem/scout/,,main,200,https://kujolang.ai/ecosystem/scout/,0,rendered local route,,none
after,https://kujolang.ai/ecosystem/,https://kujolang.ai/ecosystem/scout/,Scout,main,200,https://kujolang.ai/ecosystem/scout/,0,rendered local route,,none
after,https://kujolang.ai/ecosystem/,https://kujolang.ai/ecosystem/scout/,Explore Project,main,200,https://kujolang.ai/ecosystem/scout/,0,rendered local route,,none
after,https://kujolang.ai/ecosystem/,https://kujolang.ai/ecosystem/dispatch/,,main,200,https://kujolang.ai/ecosystem/dispatch/,0,rendered local route,,none
after,https://kujolang.ai/ecosystem/,https://kujolang.ai/ecosystem/dispatch/,Dispatch,main,200,https://kujolang.ai/ecosystem/dispatch/,0,rendered local route,,none
after,https://kujolang.ai/ecosystem/,https://kujolang.ai/ecosystem/dispatch/,Explore Project,main,200,https://kujolang.ai/ecosystem/dispatch/,0,rendered local route,,none
after,https://kujolang.ai/ecosystem/,https://kujolang.ai/ecosystem/mcp/,,main,200,https://kujolang.ai/ecosystem/mcp/,0,rendered local route,,none
after,https://kujolang.ai/ecosystem/,https://kujolang.ai/ecosystem/mcp/,MCP,main,200,https://kujolang.ai/ecosystem/mcp/,0,rendered local route,,none
after,https://kujolang.ai/ecosystem/,https://kujolang.ai/ecosystem/mcp/,Explore Project,main,200,https://kujolang.ai/ecosystem/mcp/,0,rendered local route,,none
after,https://kujolang.ai/ecosystem/,https://kujolang.ai/ecosystem/rag/,,main,200,https://kujolang.ai/ecosystem/rag/,0,rendered local route,,none
after,https://kujolang.ai/ecosystem/,https://kujolang.ai/ecosystem/rag/,RAG,main,200,https://kujolang.ai/ecosystem/rag/,0,rendered local route,,none
after,https://kujolang.ai/ecosystem/,https://kujolang.ai/ecosystem/rag/,Explore Project,main,200,https://kujolang.ai/ecosystem/rag/,0,rendered local route,,none
after,https://kujolang.ai/ecosystem/,https://kujolang.ai/ecosystem/ai-sdk/,,main,200,https://kujolang.ai/ecosystem/ai-sdk/,0,rendered local route,,none
after,https://kujolang.ai/ecosystem/,https://kujolang.ai/ecosystem/ai-sdk/,AI SDK,main,200,https://kujolang.ai/ecosystem/ai-sdk/,0,rendered local route,,none
after,https://kujolang.ai/ecosystem/,https://kujolang.ai/ecosystem/ai-sdk/,Explore Project,main,200,https://kujolang.ai/ecosystem/ai-sdk/,0,rendered local route,,none
after,https://kujolang.ai/ecosystem/,https://kujolang.ai/ecosystem/agents-sdk/,,main,200,https://kujolang.ai/ecosystem/agents-sdk/,0,rendered local route,,none
after,https://kujolang.ai/ecosystem/,https://kujolang.ai/ecosystem/agents-sdk/,Agents SDK,main,200,https://kujolang.ai/ecosystem/agents-sdk/,0,rendered local route,,none
after,https://kujolang.ai/ecosystem/,https://kujolang.ai/ecosystem/agents-sdk/,Explore Project,main,200,https://kujolang.ai/ecosystem/agents-sdk/,0,rendered local route,,none
after,https://kujolang.ai/ecosystem/,https://kujolang.ai/ecosystem/scent/,,main,200,https://kujolang.ai/ecosystem/scent/,0,rendered local route,,none
after,https://kujolang.ai/ecosystem/,https://kujolang.ai/ecosystem/scent/,Scent,main,200,https://kujolang.ai/ecosystem/scent/,0,rendered local route,,none
after,https://kujolang.ai/ecosystem/,https://kujolang.ai/ecosystem/scent/,Explore Project,main,200,https://kujolang.ai/ecosystem/scent/,0,rendered local route,,none
after,https://kujolang.ai/ecosystem/,https://kujolang.ai/ecosystem/fence/,,main,200,https://kujolang.ai/ecosystem/fence/,0,rendered local route,,none
after,https://kujolang.ai/ecosystem/,https://kujolang.ai/ecosystem/fence/,Fence,main,200,https://kujolang.ai/ecosystem/fence/,0,rendered local route,,none
after,https://kujolang.ai/ecosystem/,https://kujolang.ai/ecosystem/fence/,Explore Project,main,200,https://kujolang.ai/ecosystem/fence/,0,rendered local route,,none
after,https://kujolang.ai/ecosystem/,https://kujolang.ai/ecosystem/watchdog/,,main,200,https://kujolang.ai/ecosystem/watchdog/,0,rendered local route,,none
after,https://kujolang.ai/ecosystem/,https://kujolang.ai/ecosystem/watchdog/,Watchdog,main,200,https://kujolang.ai/ecosystem/watchdog/,0,rendered local route,,none
after,https://kujolang.ai/ecosystem/,https://kujolang.ai/ecosystem/watchdog/,Explore Project,main,200,https://kujolang.ai/ecosystem/watchdog/,0,rendered local route,,none
after,https://kujolang.ai/ecosystem/,https://kujolang.ai/ecosystem/leash/,,main,200,https://kujolang.ai/ecosystem/leash/,0,rendered local route,,none
after,https://kujolang.ai/ecosystem/,https://kujolang.ai/ecosystem/leash/,Leash,main,200,https://kujolang.ai/ecosystem/leash/,0,rendered local route,,none
after,https://kujolang.ai/ecosystem/,https://kujolang.ai/ecosystem/leash/,Explore Project,main,200,https://kujolang.ai/ecosystem/leash/,0,rendered local route,,none
after,https://kujolang.ai/ecosystem/,https://kujolang.ai/ecosystem/muzzle/,,main,200,https://kujolang.ai/ecosystem/muzzle/,0,rendered local route,,none
after,https://kujolang.ai/ecosystem/,https://kujolang.ai/ecosystem/muzzle/,Muzzle,main,200,https://kujolang.ai/ecosystem/muzzle/,0,rendered local route,,none
after,https://kujolang.ai/ecosystem/,https://kujolang.ai/ecosystem/muzzle/,Explore Project,main,200,https://kujolang.ai/ecosystem/muzzle/,0,rendered local route,,none
after,https://kujolang.ai/ecosystem/,https://kujolang.ai/ecosystem/runledger/,,main,200,https://kujolang.ai/ecosystem/runledger/,0,rendered local route,,none
after,https://kujolang.ai/ecosystem/,https://kujolang.ai/ecosystem/runledger/,RunLedger,main,200,https://kujolang.ai/ecosystem/runledger/,0,rendered local route,,none
after,https://kujolang.ai/ecosystem/,https://kujolang.ai/ecosystem/runledger/,Explore Project,main,200,https://kujolang.ai/ecosystem/runledger/,0,rendered local route,,none
after,https://kujolang.ai/ecosystem/,https://kujolang.ai/ecosystem/changebucket/,,main,200,https://kujolang.ai/ecosystem/changebucket/,0,rendered local route,,none
after,https://kujolang.ai/ecosystem/,https://kujolang.ai/ecosystem/changebucket/,ChangeBucket,main,200,https://kujolang.ai/ecosystem/changebucket/,0,rendered local route,,none
after,https://kujolang.ai/ecosystem/,https://kujolang.ai/ecosystem/changebucket/,Explore Project,main,200,https://kujolang.ai/ecosystem/changebucket/,0,rendered local route,,none
after,https://kujolang.ai/ecosystem/,https://kujolang.ai/ecosystem/patchbrief/,,main,200,https://kujolang.ai/ecosystem/patchbrief/,0,rendered local route,,none
after,https://kujolang.ai/ecosystem/,https://kujolang.ai/ecosystem/patchbrief/,PatchBrief,main,200,https://kujolang.ai/ecosystem/patchbrief/,0,rendered local route,,none
after,https://kujolang.ai/ecosystem/,https://kujolang.ai/ecosystem/patchbrief/,Explore Project,main,200,https://kujolang.ai/ecosystem/patchbrief/,0,rendered local route,,none
after,https://kujolang.ai/ecosystem/,https://kujolang.ai/ecosystem/concord/,,main,200,https://kujolang.ai/ecosystem/concord/,0,rendered local route,,none
after,https://kujolang.ai/ecosystem/,https://kujolang.ai/ecosystem/concord/,Concord,main,200,https://kujolang.ai/ecosystem/concord/,0,rendered local route,,none
after,https://kujolang.ai/ecosystem/,https://kujolang.ai/ecosystem/concord/,Explore Project,main,200,https://kujolang.ai/ecosystem/concord/,0,rendered local route,,none
after,https://kujolang.ai/ecosystem/,https://kujolang.ai/ecosystem/shipcheck/,,main,200,https://kujolang.ai/ecosystem/shipcheck/,0,rendered local route,,none
after,https://kujolang.ai/ecosystem/,https://kujolang.ai/ecosystem/shipcheck/,ShipCheck,main,200,https://kujolang.ai/ecosystem/shipcheck/,0,rendered local route,,none
after,https://kujolang.ai/ecosystem/,https://kujolang.ai/ecosystem/shipcheck/,Explore Project,main,200,https://kujolang.ai/ecosystem/shipcheck/,0,rendered local route,,none
after,https://kujolang.ai/ecosystem/,https://kujolang.ai/ecosystem/packwrite/,,main,200,https://kujolang.ai/ecosystem/packwrite/,0,rendered local route,,none
after,https://kujolang.ai/ecosystem/,https://kujolang.ai/ecosystem/packwrite/,PackWrite,main,200,https://kujolang.ai/ecosystem/packwrite/,0,rendered local route,,none
after,https://kujolang.ai/ecosystem/,https://kujolang.ai/ecosystem/packwrite/,Explore Project,main,200,https://kujolang.ai/ecosystem/packwrite/,0,rendered local route,,none
after,https://kujolang.ai/ecosystem/,https://kujolang.ai/ecosystem/casefile/,,main,200,https://kujolang.ai/ecosystem/casefile/,0,rendered local route,,none
after,https://kujolang.ai/ecosystem/,https://kujolang.ai/ecosystem/casefile/,CaseFile,main,200,https://kujolang.ai/ecosystem/casefile/,0,rendered local route,,none
after,https://kujolang.ai/ecosystem/,https://kujolang.ai/ecosystem/casefile/,Explore Project,main,200,https://kujolang.ai/ecosystem/casefile/,0,rendered local route,,none
after,https://kujolang.ai/ecosystem/,https://kujolang.ai/ecosystem/lens/,,main,200,https://kujolang.ai/ecosystem/lens/,0,rendered local route,,none
after,https://kujolang.ai/ecosystem/,https://kujolang.ai/ecosystem/lens/,Lens,main,200,https://kujolang.ai/ecosystem/lens/,0,rendered local route,,none
after,https://kujolang.ai/ecosystem/,https://kujolang.ai/ecosystem/lens/,Explore Project,main,200,https://kujolang.ai/ecosystem/lens/,0,rendered local route,,none
after,https://kujolang.ai/ecosystem/,https://kujolang.ai/ecosystem/ward/,,main,200,https://kujolang.ai/ecosystem/ward/,0,rendered local route,,none
after,https://kujolang.ai/ecosystem/,https://kujolang.ai/ecosystem/ward/,Ward,main,200,https://kujolang.ai/ecosystem/ward/,0,rendered local route,,none
after,https://kujolang.ai/ecosystem/,https://kujolang.ai/ecosystem/ward/,Explore Project,main,200,https://kujolang.ai/ecosystem/ward/,0,rendered local route,,none
after,https://kujolang.ai/ecosystem/,https://kujolang.ai/ecosystem/howl/,,main,200,https://kujolang.ai/ecosystem/howl/,0,rendered local route,,none
after,https://kujolang.ai/ecosystem/,https://kujolang.ai/ecosystem/howl/,Howl,main,200,https://kujolang.ai/ecosystem/howl/,0,rendered local route,,none
after,https://kujolang.ai/ecosystem/,https://kujolang.ai/ecosystem/howl/,Explore Project,main,200,https://kujolang.ai/ecosystem/howl/,0,rendered local route,,none
after,https://kujolang.ai/ecosystem/,https://kujolang.ai/ecosystem/workcell/,,main,200,https://kujolang.ai/ecosystem/workcell/,0,rendered local route,,none
after,https://kujolang.ai/ecosystem/,https://kujolang.ai/ecosystem/workcell/,Workcell,main,200,https://kujolang.ai/ecosystem/workcell/,0,rendered local route,,none
after,https://kujolang.ai/ecosystem/,https://kujolang.ai/ecosystem/workcell/,Explore Project,main,200,https://kujolang.ai/ecosystem/workcell/,0,rendered local route,,none
after,https://kujolang.ai/ecosystem/,https://kujolang.ai/ecosystem/redact/,,main,200,https://kujolang.ai/ecosystem/redact/,0,rendered local route,,none
after,https://kujolang.ai/ecosystem/,https://kujolang.ai/ecosystem/redact/,Redact,main,200,https://kujolang.ai/ecosystem/redact/,0,rendered local route,,none
after,https://kujolang.ai/ecosystem/,https://kujolang.ai/ecosystem/redact/,Explore Project,main,200,https://kujolang.ai/ecosystem/redact/,0,rendered local route,,none
after,https://kujolang.ai/ecosystem/,https://kujolang.ai/ecosystem/sitekit/,,main,200,https://kujolang.ai/ecosystem/sitekit/,0,rendered local route,,none
after,https://kujolang.ai/ecosystem/,https://kujolang.ai/ecosystem/sitekit/,SiteKit,main,200,https://kujolang.ai/ecosystem/sitekit/,0,rendered local route,,none
after,https://kujolang.ai/ecosystem/,https://kujolang.ai/ecosystem/sitekit/,Explore Project,main,200,https://kujolang.ai/ecosystem/sitekit/,0,rendered local route,,none
after,https://kujolang.ai/ecosystem/,https://kujolang.ai/ecosystem/cms/,,main,200,https://kujolang.ai/ecosystem/cms/,0,rendered local route,,none
after,https://kujolang.ai/ecosystem/,https://kujolang.ai/ecosystem/cms/,CMS,main,200,https://kujolang.ai/ecosystem/cms/,0,rendered local route,,none
after,https://kujolang.ai/ecosystem/,https://kujolang.ai/ecosystem/cms/,Explore Project,main,200,https://kujolang.ai/ecosystem/cms/,0,rendered local route,,none
after,https://kujolang.ai/ecosystem/,https://kujolang.ai/ecosystem/crud-api/,,main,200,https://kujolang.ai/ecosystem/crud-api/,0,rendered local route,,none
after,https://kujolang.ai/ecosystem/,https://kujolang.ai/ecosystem/crud-api/,CRUD API Showcase,main,200,https://kujolang.ai/ecosystem/crud-api/,0,rendered local route,,none
after,https://kujolang.ai/ecosystem/,https://kujolang.ai/ecosystem/crud-api/,Explore Project,main,200,https://kujolang.ai/ecosystem/crud-api/,0,rendered local route,,none
after,https://kujolang.ai/ecosystem/,https://kujolang.ai/ecosystem/ai-chat/,,main,200,https://kujolang.ai/ecosystem/ai-chat/,0,rendered local route,,none
after,https://kujolang.ai/ecosystem/,https://kujolang.ai/ecosystem/ai-chat/,AI Chat,main,200,https://kujolang.ai/ecosystem/ai-chat/,0,rendered local route,,none
after,https://kujolang.ai/ecosystem/,https://kujolang.ai/ecosystem/ai-chat/,Explore Project,main,200,https://kujolang.ai/ecosystem/ai-chat/,0,rendered local route,,none
after,https://kujolang.ai/ecosystem/,https://kujolang.ai/ecosystem/ssg/,,main,200,https://kujolang.ai/ecosystem/ssg/,0,rendered local route,,none
after,https://kujolang.ai/ecosystem/,https://kujolang.ai/ecosystem/ssg/,SSG,main,200,https://kujolang.ai/ecosystem/ssg/,0,rendered local route,,none
after,https://kujolang.ai/ecosystem/,https://kujolang.ai/ecosystem/ssg/,Explore Project,main,200,https://kujolang.ai/ecosystem/ssg/,0,rendered local route,,none
after,https://kujolang.ai/ecosystem/,https://kujolang.ai/ecosystem/totalrecall/,,main,200,https://kujolang.ai/ecosystem/totalrecall/,0,rendered local route,,none
after,https://kujolang.ai/ecosystem/,https://kujolang.ai/ecosystem/totalrecall/,TotalRecall,main,200,https://kujolang.ai/ecosystem/totalrecall/,0,rendered local route,,none
after,https://kujolang.ai/ecosystem/,https://kujolang.ai/ecosystem/totalrecall/,Explore Project,main,200,https://kujolang.ai/ecosystem/totalrecall/,0,rendered local route,,none
after,https://kujolang.ai/ecosystem/,https://kujolang.ai/ecosystem/tribunal/,,main,200,https://kujolang.ai/ecosystem/tribunal/,0,rendered local route,,none
after,https://kujolang.ai/ecosystem/,https://kujolang.ai/ecosystem/tribunal/,Tribunal,main,200,https://kujolang.ai/ecosystem/tribunal/,0,rendered local route,,none
after,https://kujolang.ai/ecosystem/,https://kujolang.ai/ecosystem/tribunal/,Explore Project,main,200,https://kujolang.ai/ecosystem/tribunal/,0,rendered local route,,none
after,https://kujolang.ai/ecosystem/,https://kujolang.ai/ecosystem/relay/,,main,200,https://kujolang.ai/ecosystem/relay/,0,rendered local route,,none
after,https://kujolang.ai/ecosystem/,https://kujolang.ai/ecosystem/relay/,Relay,main,200,https://kujolang.ai/ecosystem/relay/,0,rendered local route,,none
after,https://kujolang.ai/ecosystem/,https://kujolang.ai/ecosystem/relay/,Explore Project,main,200,https://kujolang.ai/ecosystem/relay/,0,rendered local route,,none
after,https://kujolang.ai/ecosystem/,https://kujolang.ai/,Kujo,footer,200,https://kujolang.ai/,0,rendered local route,,none
after,https://kujolang.ai/ecosystem/,https://kujolang.ai/ecosystem/,Ecosystem,nav,200,https://kujolang.ai/ecosystem/,0,rendered local route,,none
after,https://kujolang.ai/ecosystem/,https://kujolang.ai/ethos/,Ethos,nav,200,https://kujolang.ai/ethos/,0,rendered local route,,none
after,https://kujolang.ai/ecosystem/,https://kujolang.ai/writing/,Writing,nav,200,https://kujolang.ai/writing/,0,rendered local route,,none
after,https://kujolang.ai/ecosystem/,https://kujolang.ai/contact/,Contact,nav,200,https://kujolang.ai/contact/,0,rendered local route,,none
after,https://kujolang.ai/ethos/,https://kujolang.ai/,Kujo,header,200,https://kujolang.ai/,0,rendered local route,,none
after,https://kujolang.ai/ethos/,https://kujolang.ai/,Home,nav,200,https://kujolang.ai/,0,rendered local route,,none
after,https://kujolang.ai/ethos/,https://kujolang.ai/ecosystem/,Ecosystem,nav,200,https://kujolang.ai/ecosystem/,0,rendered local route,,none
after,https://kujolang.ai/ethos/,https://kujolang.ai/ethos/,Ethos,nav,200,https://kujolang.ai/ethos/,0,rendered local route,,none
after,https://kujolang.ai/ethos/,https://kujolang.ai/writing/,Writing,nav,200,https://kujolang.ai/writing/,0,rendered local route,,none
after,https://kujolang.ai/ethos/,https://kujolang.ai/contact/,Contact,nav,200,https://kujolang.ai/contact/,0,rendered local route,,none
after,https://kujolang.ai/ethos/,https://kujolang.ai/,Home,nav,200,https://kujolang.ai/,0,rendered local route,,none
after,https://kujolang.ai/ethos/,https://kujolang.ai/ecosystem/,Ecosystem,nav,200,https://kujolang.ai/ecosystem/,0,rendered local route,,none
after,https://kujolang.ai/ethos/,https://kujolang.ai/ethos/,Ethos,nav,200,https://kujolang.ai/ethos/,0,rendered local route,,none
after,https://kujolang.ai/ethos/,https://kujolang.ai/writing/,Writing,nav,200,https://kujolang.ai/writing/,0,rendered local route,,none
after,https://kujolang.ai/ethos/,https://kujolang.ai/contact/,Contact,nav,200,https://kujolang.ai/contact/,0,rendered local route,,none
after,https://kujolang.ai/ethos/,https://kujolang.ai/assets/prompts/kujo-agent-onboarding.txt,let your agents,body,200,https://kujolang.ai/assets/prompts/kujo-agent-onboarding.txt,0,rendered local route,,none
after,https://kujolang.ai/ethos/,https://kujolang.ai/,Kujo,footer,200,https://kujolang.ai/,0,rendered local route,,none
after,https://kujolang.ai/ethos/,https://kujolang.ai/ecosystem/,Ecosystem,nav,200,https://kujolang.ai/ecosystem/,0,rendered local route,,none
after,https://kujolang.ai/ethos/,https://kujolang.ai/ethos/,Ethos,nav,200,https://kujolang.ai/ethos/,0,rendered local route,,none
after,https://kujolang.ai/ethos/,https://kujolang.ai/writing/,Writing,nav,200,https://kujolang.ai/writing/,0,rendered local route,,none
after,https://kujolang.ai/ethos/,https://kujolang.ai/contact/,Contact,nav,200,https://kujolang.ai/contact/,0,rendered local route,,none
after,https://kujolang.ai/writing/,https://kujolang.ai/,Kujo,header,200,https://kujolang.ai/,0,rendered local route,,none
after,https://kujolang.ai/writing/,https://kujolang.ai/,Home,nav,200,https://kujolang.ai/,0,rendered local route,,none
after,https://kujolang.ai/writing/,https://kujolang.ai/ecosystem/,Ecosystem,nav,200,https://kujolang.ai/ecosystem/,0,rendered local route,,none
after,https://kujolang.ai/writing/,https://kujolang.ai/ethos/,Ethos,nav,200,https://kujolang.ai/ethos/,0,rendered local route,,none
after,https://kujolang.ai/writing/,https://kujolang.ai/writing/,Writing,nav,200,https://kujolang.ai/writing/,0,rendered local route,,none
after,https://kujolang.ai/writing/,https://kujolang.ai/contact/,Contact,nav,200,https://kujolang.ai/contact/,0,rendered local route,,none
after,https://kujolang.ai/writing/,https://kujolang.ai/,Home,nav,200,https://kujolang.ai/,0,rendered local route,,none
after,https://kujolang.ai/writing/,https://kujolang.ai/ecosystem/,Ecosystem,nav,200,https://kujolang.ai/ecosystem/,0,rendered local route,,none
after,https://kujolang.ai/writing/,https://kujolang.ai/ethos/,Ethos,nav,200,https://kujolang.ai/ethos/,0,rendered local route,,none
after,https://kujolang.ai/writing/,https://kujolang.ai/writing/,Writing,nav,200,https://kujolang.ai/writing/,0,rendered local route,,none
after,https://kujolang.ai/writing/,https://kujolang.ai/contact/,Contact,nav,200,https://kujolang.ai/contact/,0,rendered local route,,none
after,https://kujolang.ai/writing/,https://kujolang.ai/assets/prompts/kujo-agent-onboarding.txt,let your agents,body,200,https://kujolang.ai/assets/prompts/kujo-agent-onboarding.txt,0,rendered local route,,none
after,https://kujolang.ai/writing/,https://kujolang.ai/,Kujo,footer,200,https://kujolang.ai/,0,rendered local route,,none
after,https://kujolang.ai/writing/,https://kujolang.ai/ecosystem/,Ecosystem,nav,200,https://kujolang.ai/ecosystem/,0,rendered local route,,none
after,https://kujolang.ai/writing/,https://kujolang.ai/ethos/,Ethos,nav,200,https://kujolang.ai/ethos/,0,rendered local route,,none
after,https://kujolang.ai/writing/,https://kujolang.ai/writing/,Writing,nav,200,https://kujolang.ai/writing/,0,rendered local route,,none
after,https://kujolang.ai/writing/,https://kujolang.ai/contact/,Contact,nav,200,https://kujolang.ai/contact/,0,rendered local route,,none
after,https://kujolang.ai/ecosystem/agents-sdk/,https://kujolang.ai/,Kujo,header,200,https://kujolang.ai/,0,rendered local route,,none
after,https://kujolang.ai/ecosystem/agents-sdk/,https://kujolang.ai/,Home,nav,200,https://kujolang.ai/,0,rendered local route,,none
after,https://kujolang.ai/ecosystem/agents-sdk/,https://kujolang.ai/ecosystem/,Ecosystem,nav,200,https://kujolang.ai/ecosystem/,0,rendered local route,,none
after,https://kujolang.ai/ecosystem/agents-sdk/,https://kujolang.ai/ethos/,Ethos,nav,200,https://kujolang.ai/ethos/,0,rendered local route,,none
after,https://kujolang.ai/ecosystem/agents-sdk/,https://kujolang.ai/writing/,Writing,nav,200,https://kujolang.ai/writing/,0,rendered local route,,none
after,https://kujolang.ai/ecosystem/agents-sdk/,https://kujolang.ai/contact/,Contact,nav,200,https://kujolang.ai/contact/,0,rendered local route,,none
after,https://kujolang.ai/ecosystem/agents-sdk/,https://kujolang.ai/,Home,nav,200,https://kujolang.ai/,0,rendered local route,,none
after,https://kujolang.ai/ecosystem/agents-sdk/,https://kujolang.ai/ecosystem/,Ecosystem,nav,200,https://kujolang.ai/ecosystem/,0,rendered local route,,none
after,https://kujolang.ai/ecosystem/agents-sdk/,https://kujolang.ai/ethos/,Ethos,nav,200,https://kujolang.ai/ethos/,0,rendered local route,,none
after,https://kujolang.ai/ecosystem/agents-sdk/,https://kujolang.ai/writing/,Writing,nav,200,https://kujolang.ai/writing/,0,rendered local route,,none
after,https://kujolang.ai/ecosystem/agents-sdk/,https://kujolang.ai/contact/,Contact,nav,200,https://kujolang.ai/contact/,0,rendered local route,,none
after,https://kujolang.ai/ecosystem/agents-sdk/,https://kujolang.ai/assets/prompts/kujo-agent-onboarding.txt,let your agents,body,200,https://kujolang.ai/assets/prompts/kujo-agent-onboarding.txt,0,rendered local route,,none
after,https://kujolang.ai/ecosystem/agents-sdk/,https://kujolang.ai/ecosystem/,View ecosystem,aside,200,https://kujolang.ai/ecosystem/,0,rendered local route,,none
after,https://kujolang.ai/ecosystem/agents-sdk/,https://kujolang.ai/,Kujo,footer,200,https://kujolang.ai/,0,rendered local route,,none
after,https://kujolang.ai/ecosystem/agents-sdk/,https://kujolang.ai/ecosystem/,Ecosystem,nav,200,https://kujolang.ai/ecosystem/,0,rendered local route,,none
after,https://kujolang.ai/ecosystem/agents-sdk/,https://kujolang.ai/ethos/,Ethos,nav,200,https://kujolang.ai/ethos/,0,rendered local route,,none
after,https://kujolang.ai/ecosystem/agents-sdk/,https://kujolang.ai/writing/,Writing,nav,200,https://kujolang.ai/writing/,0,rendered local route,,none
after,https://kujolang.ai/ecosystem/agents-sdk/,https://kujolang.ai/contact/,Contact,nav,200,https://kujolang.ai/contact/,0,rendered local route,,none
after,https://kujolang.ai/ecosystem/ai-chat/,https://kujolang.ai/,Kujo,header,200,https://kujolang.ai/,0,rendered local route,,none
after,https://kujolang.ai/ecosystem/ai-chat/,https://kujolang.ai/,Home,nav,200,https://kujolang.ai/,0,rendered local route,,none
after,https://kujolang.ai/ecosystem/ai-chat/,https://kujolang.ai/ecosystem/,Ecosystem,nav,200,https://kujolang.ai/ecosystem/,0,rendered local route,,none
after,https://kujolang.ai/ecosystem/ai-chat/,https://kujolang.ai/ethos/,Ethos,nav,200,https://kujolang.ai/ethos/,0,rendered local route,,none
after,https://kujolang.ai/ecosystem/ai-chat/,https://kujolang.ai/writing/,Writing,nav,200,https://kujolang.ai/writing/,0,rendered local route,,none
after,https://kujolang.ai/ecosystem/ai-chat/,https://kujolang.ai/contact/,Contact,nav,200,https://kujolang.ai/contact/,0,rendered local route,,none
after,https://kujolang.ai/ecosystem/ai-chat/,https://kujolang.ai/,Home,nav,200,https://kujolang.ai/,0,rendered local route,,none
after,https://kujolang.ai/ecosystem/ai-chat/,https://kujolang.ai/ecosystem/,Ecosystem,nav,200,https://kujolang.ai/ecosystem/,0,rendered local route,,none
after,https://kujolang.ai/ecosystem/ai-chat/,https://kujolang.ai/ethos/,Ethos,nav,200,https://kujolang.ai/ethos/,0,rendered local route,,none
after,https://kujolang.ai/ecosystem/ai-chat/,https://kujolang.ai/writing/,Writing,nav,200,https://kujolang.ai/writing/,0,rendered local route,,none
after,https://kujolang.ai/ecosystem/ai-chat/,https://kujolang.ai/contact/,Contact,nav,200,https://kujolang.ai/contact/,0,rendered local route,,none
after,https://kujolang.ai/ecosystem/ai-chat/,https://kujolang.ai/assets/prompts/kujo-agent-onboarding.txt,let your agents,body,200,https://kujolang.ai/assets/prompts/kujo-agent-onboarding.txt,0,rendered local route,,none
after,https://kujolang.ai/ecosystem/ai-chat/,https://kujolang.ai/ecosystem/,View ecosystem,aside,200,https://kujolang.ai/ecosystem/,0,rendered local route,,none
after,https://kujolang.ai/ecosystem/ai-chat/,https://kujolang.ai/,Kujo,footer,200,https://kujolang.ai/,0,rendered local route,,none
after,https://kujolang.ai/ecosystem/ai-chat/,https://kujolang.ai/ecosystem/,Ecosystem,nav,200,https://kujolang.ai/ecosystem/,0,rendered local route,,none
after,https://kujolang.ai/ecosystem/ai-chat/,https://kujolang.ai/ethos/,Ethos,nav,200,https://kujolang.ai/ethos/,0,rendered local route,,none
after,https://kujolang.ai/ecosystem/ai-chat/,https://kujolang.ai/writing/,Writing,nav,200,https://kujolang.ai/writing/,0,rendered local route,,none
after,https://kujolang.ai/ecosystem/ai-chat/,https://kujolang.ai/contact/,Contact,nav,200,https://kujolang.ai/contact/,0,rendered local route,,none
after,https://kujolang.ai/ecosystem/ai-sdk/,https://kujolang.ai/,Kujo,header,200,https://kujolang.ai/,0,rendered local route,,none
after,https://kujolang.ai/ecosystem/ai-sdk/,https://kujolang.ai/,Home,nav,200,https://kujolang.ai/,0,rendered local route,,none
after,https://kujolang.ai/ecosystem/ai-sdk/,https://kujolang.ai/ecosystem/,Ecosystem,nav,200,https://kujolang.ai/ecosystem/,0,rendered local route,,none
after,https://kujolang.ai/ecosystem/ai-sdk/,https://kujolang.ai/ethos/,Ethos,nav,200,https://kujolang.ai/ethos/,0,rendered local route,,none
after,https://kujolang.ai/ecosystem/ai-sdk/,https://kujolang.ai/writing/,Writing,nav,200,https://kujolang.ai/writing/,0,rendered local route,,none
after,https://kujolang.ai/ecosystem/ai-sdk/,https://kujolang.ai/contact/,Contact,nav,200,https://kujolang.ai/contact/,0,rendered local route,,none
after,https://kujolang.ai/ecosystem/ai-sdk/,https://kujolang.ai/,Home,nav,200,https://kujolang.ai/,0,rendered local route,,none
after,https://kujolang.ai/ecosystem/ai-sdk/,https://kujolang.ai/ecosystem/,Ecosystem,nav,200,https://kujolang.ai/ecosystem/,0,rendered local route,,none
after,https://kujolang.ai/ecosystem/ai-sdk/,https://kujolang.ai/ethos/,Ethos,nav,200,https://kujolang.ai/ethos/,0,rendered local route,,none
after,https://kujolang.ai/ecosystem/ai-sdk/,https://kujolang.ai/writing/,Writing,nav,200,https://kujolang.ai/writing/,0,rendered local route,,none
after,https://kujolang.ai/ecosystem/ai-sdk/,https://kujolang.ai/contact/,Contact,nav,200,https://kujolang.ai/contact/,0,rendered local route,,none
after,https://kujolang.ai/ecosystem/ai-sdk/,https://kujolang.ai/assets/prompts/kujo-agent-onboarding.txt,let your agents,body,200,https://kujolang.ai/assets/prompts/kujo-agent-onboarding.txt,0,rendered local route,,none
after,https://kujolang.ai/ecosystem/ai-sdk/,https://kujolang.ai/ecosystem/,View ecosystem,aside,200,https://kujolang.ai/ecosystem/,0,rendered local route,,none
after,https://kujolang.ai/ecosystem/ai-sdk/,https://kujolang.ai/,Kujo,footer,200,https://kujolang.ai/,0,rendered local route,,none
after,https://kujolang.ai/ecosystem/ai-sdk/,https://kujolang.ai/ecosystem/,Ecosystem,nav,200,https://kujolang.ai/ecosystem/,0,rendered local route,,none
after,https://kujolang.ai/ecosystem/ai-sdk/,https://kujolang.ai/ethos/,Ethos,nav,200,https://kujolang.ai/ethos/,0,rendered local route,,none
after,https://kujolang.ai/ecosystem/ai-sdk/,https://kujolang.ai/writing/,Writing,nav,200,https://kujolang.ai/writing/,0,rendered local route,,none
after,https://kujolang.ai/ecosystem/ai-sdk/,https://kujolang.ai/contact/,Contact,nav,200,https://kujolang.ai/contact/,0,rendered local route,,none
after,https://kujolang.ai/ecosystem/casefile/,https://kujolang.ai/,Kujo,header,200,https://kujolang.ai/,0,rendered local route,,none
after,https://kujolang.ai/ecosystem/casefile/,https://kujolang.ai/,Home,nav,200,https://kujolang.ai/,0,rendered local route,,none
after,https://kujolang.ai/ecosystem/casefile/,https://kujolang.ai/ecosystem/,Ecosystem,nav,200,https://kujolang.ai/ecosystem/,0,rendered local route,,none
after,https://kujolang.ai/ecosystem/casefile/,https://kujolang.ai/ethos/,Ethos,nav,200,https://kujolang.ai/ethos/,0,rendered local route,,none
after,https://kujolang.ai/ecosystem/casefile/,https://kujolang.ai/writing/,Writing,nav,200,https://kujolang.ai/writing/,0,rendered local route,,none
after,https://kujolang.ai/ecosystem/casefile/,https://kujolang.ai/contact/,Contact,nav,200,https://kujolang.ai/contact/,0,rendered local route,,none
after,https://kujolang.ai/ecosystem/casefile/,https://kujolang.ai/,Home,nav,200,https://kujolang.ai/,0,rendered local route,,none
after,https://kujolang.ai/ecosystem/casefile/,https://kujolang.ai/ecosystem/,Ecosystem,nav,200,https://kujolang.ai/ecosystem/,0,rendered local route,,none
after,https://kujolang.ai/ecosystem/casefile/,https://kujolang.ai/ethos/,Ethos,nav,200,https://kujolang.ai/ethos/,0,rendered local route,,none
after,https://kujolang.ai/ecosystem/casefile/,https://kujolang.ai/writing/,Writing,nav,200,https://kujolang.ai/writing/,0,rendered local route,,none
after,https://kujolang.ai/ecosystem/casefile/,https://kujolang.ai/contact/,Contact,nav,200,https://kujolang.ai/contact/,0,rendered local route,,none
after,https://kujolang.ai/ecosystem/casefile/,https://kujolang.ai/assets/prompts/kujo-agent-onboarding.txt,let your agents,body,200,https://kujolang.ai/assets/prompts/kujo-agent-onboarding.txt,0,rendered local route,,none
after,https://kujolang.ai/ecosystem/casefile/,https://kujolang.ai/ecosystem/,View ecosystem,aside,200,https://kujolang.ai/ecosystem/,0,rendered local route,,none
after,https://kujolang.ai/ecosystem/casefile/,https://kujolang.ai/,Kujo,footer,200,https://kujolang.ai/,0,rendered local route,,none
after,https://kujolang.ai/ecosystem/casefile/,https://kujolang.ai/ecosystem/,Ecosystem,nav,200,https://kujolang.ai/ecosystem/,0,rendered local route,,none
after,https://kujolang.ai/ecosystem/casefile/,https://kujolang.ai/ethos/,Ethos,nav,200,https://kujolang.ai/ethos/,0,rendered local route,,none
after,https://kujolang.ai/ecosystem/casefile/,https://kujolang.ai/writing/,Writing,nav,200,https://kujolang.ai/writing/,0,rendered local route,,none
after,https://kujolang.ai/ecosystem/casefile/,https://kujolang.ai/contact/,Contact,nav,200,https://kujolang.ai/contact/,0,rendered local route,,none
after,https://kujolang.ai/ecosystem/changebucket/,https://kujolang.ai/,Kujo,header,200,https://kujolang.ai/,0,rendered local route,,none
after,https://kujolang.ai/ecosystem/changebucket/,https://kujolang.ai/,Home,nav,200,https://kujolang.ai/,0,rendered local route,,none
after,https://kujolang.ai/ecosystem/changebucket/,https://kujolang.ai/ecosystem/,Ecosystem,nav,200,https://kujolang.ai/ecosystem/,0,rendered local route,,none
after,https://kujolang.ai/ecosystem/changebucket/,https://kujolang.ai/ethos/,Ethos,nav,200,https://kujolang.ai/ethos/,0,rendered local route,,none
after,https://kujolang.ai/ecosystem/changebucket/,https://kujolang.ai/writing/,Writing,nav,200,https://kujolang.ai/writing/,0,rendered local route,,none
after,https://kujolang.ai/ecosystem/changebucket/,https://kujolang.ai/contact/,Contact,nav,200,https://kujolang.ai/contact/,0,rendered local route,,none
after,https://kujolang.ai/ecosystem/changebucket/,https://kujolang.ai/,Home,nav,200,https://kujolang.ai/,0,rendered local route,,none
after,https://kujolang.ai/ecosystem/changebucket/,https://kujolang.ai/ecosystem/,Ecosystem,nav,200,https://kujolang.ai/ecosystem/,0,rendered local route,,none
after,https://kujolang.ai/ecosystem/changebucket/,https://kujolang.ai/ethos/,Ethos,nav,200,https://kujolang.ai/ethos/,0,rendered local route,,none
after,https://kujolang.ai/ecosystem/changebucket/,https://kujolang.ai/writing/,Writing,nav,200,https://kujolang.ai/writing/,0,rendered local route,,none
after,https://kujolang.ai/ecosystem/changebucket/,https://kujolang.ai/contact/,Contact,nav,200,https://kujolang.ai/contact/,0,rendered local route,,none
after,https://kujolang.ai/ecosystem/changebucket/,https://kujolang.ai/assets/prompts/kujo-agent-onboarding.txt,let your agents,body,200,https://kujolang.ai/assets/prompts/kujo-agent-onboarding.txt,0,rendered local route,,none
after,https://kujolang.ai/ecosystem/changebucket/,https://kujolang.ai/ecosystem/,View ecosystem,aside,200,https://kujolang.ai/ecosystem/,0,rendered local route,,none
after,https://kujolang.ai/ecosystem/changebucket/,https://kujolang.ai/,Kujo,footer,200,https://kujolang.ai/,0,rendered local route,,none
after,https://kujolang.ai/ecosystem/changebucket/,https://kujolang.ai/ecosystem/,Ecosystem,nav,200,https://kujolang.ai/ecosystem/,0,rendered local route,,none
after,https://kujolang.ai/ecosystem/changebucket/,https://kujolang.ai/ethos/,Ethos,nav,200,https://kujolang.ai/ethos/,0,rendered local route,,none
after,https://kujolang.ai/ecosystem/changebucket/,https://kujolang.ai/writing/,Writing,nav,200,https://kujolang.ai/writing/,0,rendered local route,,none
after,https://kujolang.ai/ecosystem/changebucket/,https://kujolang.ai/contact/,Contact,nav,200,https://kujolang.ai/contact/,0,rendered local route,,none
after,https://kujolang.ai/ecosystem/cms/,https://kujolang.ai/,Kujo,header,200,https://kujolang.ai/,0,rendered local route,,none
after,https://kujolang.ai/ecosystem/cms/,https://kujolang.ai/,Home,nav,200,https://kujolang.ai/,0,rendered local route,,none
after,https://kujolang.ai/ecosystem/cms/,https://kujolang.ai/ecosystem/,Ecosystem,nav,200,https://kujolang.ai/ecosystem/,0,rendered local route,,none
after,https://kujolang.ai/ecosystem/cms/,https://kujolang.ai/ethos/,Ethos,nav,200,https://kujolang.ai/ethos/,0,rendered local route,,none
after,https://kujolang.ai/ecosystem/cms/,https://kujolang.ai/writing/,Writing,nav,200,https://kujolang.ai/writing/,0,rendered local route,,none
after,https://kujolang.ai/ecosystem/cms/,https://kujolang.ai/contact/,Contact,nav,200,https://kujolang.ai/contact/,0,rendered local route,,none
after,https://kujolang.ai/ecosystem/cms/,https://kujolang.ai/,Home,nav,200,https://kujolang.ai/,0,rendered local route,,none
after,https://kujolang.ai/ecosystem/cms/,https://kujolang.ai/ecosystem/,Ecosystem,nav,200,https://kujolang.ai/ecosystem/,0,rendered local route,,none
after,https://kujolang.ai/ecosystem/cms/,https://kujolang.ai/ethos/,Ethos,nav,200,https://kujolang.ai/ethos/,0,rendered local route,,none
after,https://kujolang.ai/ecosystem/cms/,https://kujolang.ai/writing/,Writing,nav,200,https://kujolang.ai/writing/,0,rendered local route,,none
after,https://kujolang.ai/ecosystem/cms/,https://kujolang.ai/contact/,Contact,nav,200,https://kujolang.ai/contact/,0,rendered local route,,none
after,https://kujolang.ai/ecosystem/cms/,https://kujolang.ai/assets/prompts/kujo-agent-onboarding.txt,let your agents,body,200,https://kujolang.ai/assets/prompts/kujo-agent-onboarding.txt,0,rendered local route,,none
after,https://kujolang.ai/ecosystem/cms/,https://kujolang.ai/ecosystem/,View ecosystem,aside,200,https://kujolang.ai/ecosystem/,0,rendered local route,,none
after,https://kujolang.ai/ecosystem/cms/,https://kujolang.ai/,Kujo,footer,200,https://kujolang.ai/,0,rendered local route,,none
after,https://kujolang.ai/ecosystem/cms/,https://kujolang.ai/ecosystem/,Ecosystem,nav,200,https://kujolang.ai/ecosystem/,0,rendered local route,,none
after,https://kujolang.ai/ecosystem/cms/,https://kujolang.ai/ethos/,Ethos,nav,200,https://kujolang.ai/ethos/,0,rendered local route,,none
after,https://kujolang.ai/ecosystem/cms/,https://kujolang.ai/writing/,Writing,nav,200,https://kujolang.ai/writing/,0,rendered local route,,none
after,https://kujolang.ai/ecosystem/cms/,https://kujolang.ai/contact/,Contact,nav,200,https://kujolang.ai/contact/,0,rendered local route,,none
after,https://kujolang.ai/ecosystem/concord/,https://kujolang.ai/,Kujo,header,200,https://kujolang.ai/,0,rendered local route,,none
after,https://kujolang.ai/ecosystem/concord/,https://kujolang.ai/,Home,nav,200,https://kujolang.ai/,0,rendered local route,,none
after,https://kujolang.ai/ecosystem/concord/,https://kujolang.ai/ecosystem/,Ecosystem,nav,200,https://kujolang.ai/ecosystem/,0,rendered local route,,none
after,https://kujolang.ai/ecosystem/concord/,https://kujolang.ai/ethos/,Ethos,nav,200,https://kujolang.ai/ethos/,0,rendered local route,,none
after,https://kujolang.ai/ecosystem/concord/,https://kujolang.ai/writing/,Writing,nav,200,https://kujolang.ai/writing/,0,rendered local route,,none
after,https://kujolang.ai/ecosystem/concord/,https://kujolang.ai/contact/,Contact,nav,200,https://kujolang.ai/contact/,0,rendered local route,,none
after,https://kujolang.ai/ecosystem/concord/,https://kujolang.ai/,Home,nav,200,https://kujolang.ai/,0,rendered local route,,none
after,https://kujolang.ai/ecosystem/concord/,https://kujolang.ai/ecosystem/,Ecosystem,nav,200,https://kujolang.ai/ecosystem/,0,rendered local route,,none
after,https://kujolang.ai/ecosystem/concord/,https://kujolang.ai/ethos/,Ethos,nav,200,https://kujolang.ai/ethos/,0,rendered local route,,none
after,https://kujolang.ai/ecosystem/concord/,https://kujolang.ai/writing/,Writing,nav,200,https://kujolang.ai/writing/,0,rendered local route,,none
after,https://kujolang.ai/ecosystem/concord/,https://kujolang.ai/contact/,Contact,nav,200,https://kujolang.ai/contact/,0,rendered local route,,none
after,https://kujolang.ai/ecosystem/concord/,https://kujolang.ai/assets/prompts/kujo-agent-onboarding.txt,let your agents,body,200,https://kujolang.ai/assets/prompts/kujo-agent-onboarding.txt,0,rendered local route,,none
after,https://kujolang.ai/ecosystem/concord/,https://kujolang.ai/ecosystem/,View ecosystem,aside,200,https://kujolang.ai/ecosystem/,0,rendered local route,,none
after,https://kujolang.ai/ecosystem/concord/,https://kujolang.ai/,Kujo,footer,200,https://kujolang.ai/,0,rendered local route,,none
after,https://kujolang.ai/ecosystem/concord/,https://kujolang.ai/ecosystem/,Ecosystem,nav,200,https://kujolang.ai/ecosystem/,0,rendered local route,,none
after,https://kujolang.ai/ecosystem/concord/,https://kujolang.ai/ethos/,Ethos,nav,200,https://kujolang.ai/ethos/,0,rendered local route,,none
after,https://kujolang.ai/ecosystem/concord/,https://kujolang.ai/writing/,Writing,nav,200,https://kujolang.ai/writing/,0,rendered local route,,none
after,https://kujolang.ai/ecosystem/concord/,https://kujolang.ai/contact/,Contact,nav,200,https://kujolang.ai/contact/,0,rendered local route,,none
after,https://kujolang.ai/ecosystem/crud-api/,https://kujolang.ai/,Kujo,header,200,https://kujolang.ai/,0,rendered local route,,none
after,https://kujolang.ai/ecosystem/crud-api/,https://kujolang.ai/,Home,nav,200,https://kujolang.ai/,0,rendered local route,,none
after,https://kujolang.ai/ecosystem/crud-api/,https://kujolang.ai/ecosystem/,Ecosystem,nav,200,https://kujolang.ai/ecosystem/,0,rendered local route,,none
after,https://kujolang.ai/ecosystem/crud-api/,https://kujolang.ai/ethos/,Ethos,nav,200,https://kujolang.ai/ethos/,0,rendered local route,,none
after,https://kujolang.ai/ecosystem/crud-api/,https://kujolang.ai/writing/,Writing,nav,200,https://kujolang.ai/writing/,0,rendered local route,,none
after,https://kujolang.ai/ecosystem/crud-api/,https://kujolang.ai/contact/,Contact,nav,200,https://kujolang.ai/contact/,0,rendered local route,,none
after,https://kujolang.ai/ecosystem/crud-api/,https://kujolang.ai/,Home,nav,200,https://kujolang.ai/,0,rendered local route,,none
after,https://kujolang.ai/ecosystem/crud-api/,https://kujolang.ai/ecosystem/,Ecosystem,nav,200,https://kujolang.ai/ecosystem/,0,rendered local route,,none
after,https://kujolang.ai/ecosystem/crud-api/,https://kujolang.ai/ethos/,Ethos,nav,200,https://kujolang.ai/ethos/,0,rendered local route,,none
after,https://kujolang.ai/ecosystem/crud-api/,https://kujolang.ai/writing/,Writing,nav,200,https://kujolang.ai/writing/,0,rendered local route,,none
after,https://kujolang.ai/ecosystem/crud-api/,https://kujolang.ai/contact/,Contact,nav,200,https://kujolang.ai/contact/,0,rendered local route,,none
after,https://kujolang.ai/ecosystem/crud-api/,https://kujolang.ai/assets/prompts/kujo-agent-onboarding.txt,let your agents,body,200,https://kujolang.ai/assets/prompts/kujo-agent-onboarding.txt,0,rendered local route,,none
after,https://kujolang.ai/ecosystem/crud-api/,https://kujolang.ai/ecosystem/,View ecosystem,aside,200,https://kujolang.ai/ecosystem/,0,rendered local route,,none
after,https://kujolang.ai/ecosystem/crud-api/,https://kujolang.ai/,Kujo,footer,200,https://kujolang.ai/,0,rendered local route,,none
after,https://kujolang.ai/ecosystem/crud-api/,https://kujolang.ai/ecosystem/,Ecosystem,nav,200,https://kujolang.ai/ecosystem/,0,rendered local route,,none
after,https://kujolang.ai/ecosystem/crud-api/,https://kujolang.ai/ethos/,Ethos,nav,200,https://kujolang.ai/ethos/,0,rendered local route,,none
after,https://kujolang.ai/ecosystem/crud-api/,https://kujolang.ai/writing/,Writing,nav,200,https://kujolang.ai/writing/,0,rendered local route,,none
after,https://kujolang.ai/ecosystem/crud-api/,https://kujolang.ai/contact/,Contact,nav,200,https://kujolang.ai/contact/,0,rendered local route,,none
after,https://kujolang.ai/ecosystem/dispatch/,https://kujolang.ai/,Kujo,header,200,https://kujolang.ai/,0,rendered local route,,none
after,https://kujolang.ai/ecosystem/dispatch/,https://kujolang.ai/,Home,nav,200,https://kujolang.ai/,0,rendered local route,,none
after,https://kujolang.ai/ecosystem/dispatch/,https://kujolang.ai/ecosystem/,Ecosystem,nav,200,https://kujolang.ai/ecosystem/,0,rendered local route,,none
after,https://kujolang.ai/ecosystem/dispatch/,https://kujolang.ai/ethos/,Ethos,nav,200,https://kujolang.ai/ethos/,0,rendered local route,,none
after,https://kujolang.ai/ecosystem/dispatch/,https://kujolang.ai/writing/,Writing,nav,200,https://kujolang.ai/writing/,0,rendered local route,,none
after,https://kujolang.ai/ecosystem/dispatch/,https://kujolang.ai/contact/,Contact,nav,200,https://kujolang.ai/contact/,0,rendered local route,,none
after,https://kujolang.ai/ecosystem/dispatch/,https://kujolang.ai/,Home,nav,200,https://kujolang.ai/,0,rendered local route,,none
after,https://kujolang.ai/ecosystem/dispatch/,https://kujolang.ai/ecosystem/,Ecosystem,nav,200,https://kujolang.ai/ecosystem/,0,rendered local route,,none
after,https://kujolang.ai/ecosystem/dispatch/,https://kujolang.ai/ethos/,Ethos,nav,200,https://kujolang.ai/ethos/,0,rendered local route,,none
after,https://kujolang.ai/ecosystem/dispatch/,https://kujolang.ai/writing/,Writing,nav,200,https://kujolang.ai/writing/,0,rendered local route,,none
after,https://kujolang.ai/ecosystem/dispatch/,https://kujolang.ai/contact/,Contact,nav,200,https://kujolang.ai/contact/,0,rendered local route,,none
after,https://kujolang.ai/ecosystem/dispatch/,https://kujolang.ai/assets/prompts/kujo-agent-onboarding.txt,let your agents,body,200,https://kujolang.ai/assets/prompts/kujo-agent-onboarding.txt,0,rendered local route,,none
after,https://kujolang.ai/ecosystem/dispatch/,https://kujolang.ai/ecosystem/,View ecosystem,aside,200,https://kujolang.ai/ecosystem/,0,rendered local route,,none
after,https://kujolang.ai/ecosystem/dispatch/,https://kujolang.ai/,Kujo,footer,200,https://kujolang.ai/,0,rendered local route,,none
after,https://kujolang.ai/ecosystem/dispatch/,https://kujolang.ai/ecosystem/,Ecosystem,nav,200,https://kujolang.ai/ecosystem/,0,rendered local route,,none
after,https://kujolang.ai/ecosystem/dispatch/,https://kujolang.ai/ethos/,Ethos,nav,200,https://kujolang.ai/ethos/,0,rendered local route,,none
after,https://kujolang.ai/ecosystem/dispatch/,https://kujolang.ai/writing/,Writing,nav,200,https://kujolang.ai/writing/,0,rendered local route,,none
after,https://kujolang.ai/ecosystem/dispatch/,https://kujolang.ai/contact/,Contact,nav,200,https://kujolang.ai/contact/,0,rendered local route,,none
after,https://kujolang.ai/ecosystem/eval/,https://kujolang.ai/,Kujo,header,200,https://kujolang.ai/,0,rendered local route,,none
after,https://kujolang.ai/ecosystem/eval/,https://kujolang.ai/,Home,nav,200,https://kujolang.ai/,0,rendered local route,,none
after,https://kujolang.ai/ecosystem/eval/,https://kujolang.ai/ecosystem/,Ecosystem,nav,200,https://kujolang.ai/ecosystem/,0,rendered local route,,none
after,https://kujolang.ai/ecosystem/eval/,https://kujolang.ai/ethos/,Ethos,nav,200,https://kujolang.ai/ethos/,0,rendered local route,,none
after,https://kujolang.ai/ecosystem/eval/,https://kujolang.ai/writing/,Writing,nav,200,https://kujolang.ai/writing/,0,rendered local route,,none
after,https://kujolang.ai/ecosystem/eval/,https://kujolang.ai/contact/,Contact,nav,200,https://kujolang.ai/contact/,0,rendered local route,,none
after,https://kujolang.ai/ecosystem/eval/,https://kujolang.ai/,Home,nav,200,https://kujolang.ai/,0,rendered local route,,none
after,https://kujolang.ai/ecosystem/eval/,https://kujolang.ai/ecosystem/,Ecosystem,nav,200,https://kujolang.ai/ecosystem/,0,rendered local route,,none
after,https://kujolang.ai/ecosystem/eval/,https://kujolang.ai/ethos/,Ethos,nav,200,https://kujolang.ai/ethos/,0,rendered local route,,none
after,https://kujolang.ai/ecosystem/eval/,https://kujolang.ai/writing/,Writing,nav,200,https://kujolang.ai/writing/,0,rendered local route,,none
after,https://kujolang.ai/ecosystem/eval/,https://kujolang.ai/contact/,Contact,nav,200,https://kujolang.ai/contact/,0,rendered local route,,none
after,https://kujolang.ai/ecosystem/eval/,https://kujolang.ai/assets/prompts/kujo-agent-onboarding.txt,let your agents,body,200,https://kujolang.ai/assets/prompts/kujo-agent-onboarding.txt,0,rendered local route,,none
after,https://kujolang.ai/ecosystem/eval/,https://kujolang.ai/ecosystem/,View ecosystem,aside,200,https://kujolang.ai/ecosystem/,0,rendered local route,,none
after,https://kujolang.ai/ecosystem/eval/,https://kujolang.ai/,Kujo,footer,200,https://kujolang.ai/,0,rendered local route,,none
after,https://kujolang.ai/ecosystem/eval/,https://kujolang.ai/ecosystem/,Ecosystem,nav,200,https://kujolang.ai/ecosystem/,0,rendered local route,,none
after,https://kujolang.ai/ecosystem/eval/,https://kujolang.ai/ethos/,Ethos,nav,200,https://kujolang.ai/ethos/,0,rendered local route,,none
after,https://kujolang.ai/ecosystem/eval/,https://kujolang.ai/writing/,Writing,nav,200,https://kujolang.ai/writing/,0,rendered local route,,none
after,https://kujolang.ai/ecosystem/eval/,https://kujolang.ai/contact/,Contact,nav,200,https://kujolang.ai/contact/,0,rendered local route,,none
after,https://kujolang.ai/ecosystem/fence/,https://kujolang.ai/,Kujo,header,200,https://kujolang.ai/,0,rendered local route,,none
after,https://kujolang.ai/ecosystem/fence/,https://kujolang.ai/,Home,nav,200,https://kujolang.ai/,0,rendered local route,,none
after,https://kujolang.ai/ecosystem/fence/,https://kujolang.ai/ecosystem/,Ecosystem,nav,200,https://kujolang.ai/ecosystem/,0,rendered local route,,none
after,https://kujolang.ai/ecosystem/fence/,https://kujolang.ai/ethos/,Ethos,nav,200,https://kujolang.ai/ethos/,0,rendered local route,,none
after,https://kujolang.ai/ecosystem/fence/,https://kujolang.ai/writing/,Writing,nav,200,https://kujolang.ai/writing/,0,rendered local route,,none
after,https://kujolang.ai/ecosystem/fence/,https://kujolang.ai/contact/,Contact,nav,200,https://kujolang.ai/contact/,0,rendered local route,,none
after,https://kujolang.ai/ecosystem/fence/,https://kujolang.ai/,Home,nav,200,https://kujolang.ai/,0,rendered local route,,none
after,https://kujolang.ai/ecosystem/fence/,https://kujolang.ai/ecosystem/,Ecosystem,nav,200,https://kujolang.ai/ecosystem/,0,rendered local route,,none
after,https://kujolang.ai/ecosystem/fence/,https://kujolang.ai/ethos/,Ethos,nav,200,https://kujolang.ai/ethos/,0,rendered local route,,none
after,https://kujolang.ai/ecosystem/fence/,https://kujolang.ai/writing/,Writing,nav,200,https://kujolang.ai/writing/,0,rendered local route,,none
after,https://kujolang.ai/ecosystem/fence/,https://kujolang.ai/contact/,Contact,nav,200,https://kujolang.ai/contact/,0,rendered local route,,none
after,https://kujolang.ai/ecosystem/fence/,https://kujolang.ai/assets/prompts/kujo-agent-onboarding.txt,let your agents,body,200,https://kujolang.ai/assets/prompts/kujo-agent-onboarding.txt,0,rendered local route,,none
after,https://kujolang.ai/ecosystem/fence/,https://kujolang.ai/ecosystem/,View ecosystem,aside,200,https://kujolang.ai/ecosystem/,0,rendered local route,,none
after,https://kujolang.ai/ecosystem/fence/,https://kujolang.ai/,Kujo,footer,200,https://kujolang.ai/,0,rendered local route,,none
after,https://kujolang.ai/ecosystem/fence/,https://kujolang.ai/ecosystem/,Ecosystem,nav,200,https://kujolang.ai/ecosystem/,0,rendered local route,,none
after,https://kujolang.ai/ecosystem/fence/,https://kujolang.ai/ethos/,Ethos,nav,200,https://kujolang.ai/ethos/,0,rendered local route,,none
after,https://kujolang.ai/ecosystem/fence/,https://kujolang.ai/writing/,Writing,nav,200,https://kujolang.ai/writing/,0,rendered local route,,none
after,https://kujolang.ai/ecosystem/fence/,https://kujolang.ai/contact/,Contact,nav,200,https://kujolang.ai/contact/,0,rendered local route,,none
after,https://kujolang.ai/ecosystem/howl/,https://kujolang.ai/,Kujo,header,200,https://kujolang.ai/,0,rendered local route,,none
after,https://kujolang.ai/ecosystem/howl/,https://kujolang.ai/,Home,nav,200,https://kujolang.ai/,0,rendered local route,,none
after,https://kujolang.ai/ecosystem/howl/,https://kujolang.ai/ecosystem/,Ecosystem,nav,200,https://kujolang.ai/ecosystem/,0,rendered local route,,none
after,https://kujolang.ai/ecosystem/howl/,https://kujolang.ai/ethos/,Ethos,nav,200,https://kujolang.ai/ethos/,0,rendered local route,,none
after,https://kujolang.ai/ecosystem/howl/,https://kujolang.ai/writing/,Writing,nav,200,https://kujolang.ai/writing/,0,rendered local route,,none
after,https://kujolang.ai/ecosystem/howl/,https://kujolang.ai/contact/,Contact,nav,200,https://kujolang.ai/contact/,0,rendered local route,,none
after,https://kujolang.ai/ecosystem/howl/,https://kujolang.ai/,Home,nav,200,https://kujolang.ai/,0,rendered local route,,none
after,https://kujolang.ai/ecosystem/howl/,https://kujolang.ai/ecosystem/,Ecosystem,nav,200,https://kujolang.ai/ecosystem/,0,rendered local route,,none
after,https://kujolang.ai/ecosystem/howl/,https://kujolang.ai/ethos/,Ethos,nav,200,https://kujolang.ai/ethos/,0,rendered local route,,none
after,https://kujolang.ai/ecosystem/howl/,https://kujolang.ai/writing/,Writing,nav,200,https://kujolang.ai/writing/,0,rendered local route,,none
after,https://kujolang.ai/ecosystem/howl/,https://kujolang.ai/contact/,Contact,nav,200,https://kujolang.ai/contact/,0,rendered local route,,none
after,https://kujolang.ai/ecosystem/howl/,https://kujolang.ai/assets/prompts/kujo-agent-onboarding.txt,let your agents,body,200,https://kujolang.ai/assets/prompts/kujo-agent-onboarding.txt,0,rendered local route,,none
after,https://kujolang.ai/ecosystem/howl/,https://kujolang.ai/ecosystem/,View ecosystem,aside,200,https://kujolang.ai/ecosystem/,0,rendered local route,,none
after,https://kujolang.ai/ecosystem/howl/,https://kujolang.ai/,Kujo,footer,200,https://kujolang.ai/,0,rendered local route,,none
after,https://kujolang.ai/ecosystem/howl/,https://kujolang.ai/ecosystem/,Ecosystem,nav,200,https://kujolang.ai/ecosystem/,0,rendered local route,,none
after,https://kujolang.ai/ecosystem/howl/,https://kujolang.ai/ethos/,Ethos,nav,200,https://kujolang.ai/ethos/,0,rendered local route,,none
after,https://kujolang.ai/ecosystem/howl/,https://kujolang.ai/writing/,Writing,nav,200,https://kujolang.ai/writing/,0,rendered local route,,none
after,https://kujolang.ai/ecosystem/howl/,https://kujolang.ai/contact/,Contact,nav,200,https://kujolang.ai/contact/,0,rendered local route,,none
after,https://kujolang.ai/ecosystem/kennel/,https://kujolang.ai/,Kujo,header,200,https://kujolang.ai/,0,rendered local route,,none
after,https://kujolang.ai/ecosystem/kennel/,https://kujolang.ai/,Home,nav,200,https://kujolang.ai/,0,rendered local route,,none
after,https://kujolang.ai/ecosystem/kennel/,https://kujolang.ai/ecosystem/,Ecosystem,nav,200,https://kujolang.ai/ecosystem/,0,rendered local route,,none
after,https://kujolang.ai/ecosystem/kennel/,https://kujolang.ai/ethos/,Ethos,nav,200,https://kujolang.ai/ethos/,0,rendered local route,,none
after,https://kujolang.ai/ecosystem/kennel/,https://kujolang.ai/writing/,Writing,nav,200,https://kujolang.ai/writing/,0,rendered local route,,none
after,https://kujolang.ai/ecosystem/kennel/,https://kujolang.ai/contact/,Contact,nav,200,https://kujolang.ai/contact/,0,rendered local route,,none
after,https://kujolang.ai/ecosystem/kennel/,https://kujolang.ai/,Home,nav,200,https://kujolang.ai/,0,rendered local route,,none
after,https://kujolang.ai/ecosystem/kennel/,https://kujolang.ai/ecosystem/,Ecosystem,nav,200,https://kujolang.ai/ecosystem/,0,rendered local route,,none
after,https://kujolang.ai/ecosystem/kennel/,https://kujolang.ai/ethos/,Ethos,nav,200,https://kujolang.ai/ethos/,0,rendered local route,,none
after,https://kujolang.ai/ecosystem/kennel/,https://kujolang.ai/writing/,Writing,nav,200,https://kujolang.ai/writing/,0,rendered local route,,none
after,https://kujolang.ai/ecosystem/kennel/,https://kujolang.ai/contact/,Contact,nav,200,https://kujolang.ai/contact/,0,rendered local route,,none
after,https://kujolang.ai/ecosystem/kennel/,https://kujolang.ai/assets/prompts/kujo-agent-onboarding.txt,let your agents,body,200,https://kujolang.ai/assets/prompts/kujo-agent-onboarding.txt,0,rendered local route,,none
after,https://kujolang.ai/ecosystem/kennel/,https://kujolang.ai/ecosystem/,View ecosystem,aside,200,https://kujolang.ai/ecosystem/,0,rendered local route,,none
after,https://kujolang.ai/ecosystem/kennel/,https://kujolang.ai/,Kujo,footer,200,https://kujolang.ai/,0,rendered local route,,none
after,https://kujolang.ai/ecosystem/kennel/,https://kujolang.ai/ecosystem/,Ecosystem,nav,200,https://kujolang.ai/ecosystem/,0,rendered local route,,none
after,https://kujolang.ai/ecosystem/kennel/,https://kujolang.ai/ethos/,Ethos,nav,200,https://kujolang.ai/ethos/,0,rendered local route,,none
after,https://kujolang.ai/ecosystem/kennel/,https://kujolang.ai/writing/,Writing,nav,200,https://kujolang.ai/writing/,0,rendered local route,,none
after,https://kujolang.ai/ecosystem/kennel/,https://kujolang.ai/contact/,Contact,nav,200,https://kujolang.ai/contact/,0,rendered local route,,none
after,https://kujolang.ai/ecosystem/kujo/,https://kujolang.ai/,Kujo,header,200,https://kujolang.ai/,0,rendered local route,,none
after,https://kujolang.ai/ecosystem/kujo/,https://kujolang.ai/,Home,nav,200,https://kujolang.ai/,0,rendered local route,,none
after,https://kujolang.ai/ecosystem/kujo/,https://kujolang.ai/ecosystem/,Ecosystem,nav,200,https://kujolang.ai/ecosystem/,0,rendered local route,,none
after,https://kujolang.ai/ecosystem/kujo/,https://kujolang.ai/ethos/,Ethos,nav,200,https://kujolang.ai/ethos/,0,rendered local route,,none
after,https://kujolang.ai/ecosystem/kujo/,https://kujolang.ai/writing/,Writing,nav,200,https://kujolang.ai/writing/,0,rendered local route,,none
after,https://kujolang.ai/ecosystem/kujo/,https://kujolang.ai/contact/,Contact,nav,200,https://kujolang.ai/contact/,0,rendered local route,,none
after,https://kujolang.ai/ecosystem/kujo/,https://kujolang.ai/,Home,nav,200,https://kujolang.ai/,0,rendered local route,,none
after,https://kujolang.ai/ecosystem/kujo/,https://kujolang.ai/ecosystem/,Ecosystem,nav,200,https://kujolang.ai/ecosystem/,0,rendered local route,,none
after,https://kujolang.ai/ecosystem/kujo/,https://kujolang.ai/ethos/,Ethos,nav,200,https://kujolang.ai/ethos/,0,rendered local route,,none
after,https://kujolang.ai/ecosystem/kujo/,https://kujolang.ai/writing/,Writing,nav,200,https://kujolang.ai/writing/,0,rendered local route,,none
after,https://kujolang.ai/ecosystem/kujo/,https://kujolang.ai/contact/,Contact,nav,200,https://kujolang.ai/contact/,0,rendered local route,,none
after,https://kujolang.ai/ecosystem/kujo/,https://kujolang.ai/assets/prompts/kujo-agent-onboarding.txt,let your agents,body,200,https://kujolang.ai/assets/prompts/kujo-agent-onboarding.txt,0,rendered local route,,none
after,https://kujolang.ai/ecosystem/kujo/,https://kujolang.ai/ecosystem/,View ecosystem,aside,200,https://kujolang.ai/ecosystem/,0,rendered local route,,none
after,https://kujolang.ai/ecosystem/kujo/,https://kujolang.ai/,Kujo,footer,200,https://kujolang.ai/,0,rendered local route,,none
after,https://kujolang.ai/ecosystem/kujo/,https://kujolang.ai/ecosystem/,Ecosystem,nav,200,https://kujolang.ai/ecosystem/,0,rendered local route,,none
after,https://kujolang.ai/ecosystem/kujo/,https://kujolang.ai/ethos/,Ethos,nav,200,https://kujolang.ai/ethos/,0,rendered local route,,none
after,https://kujolang.ai/ecosystem/kujo/,https://kujolang.ai/writing/,Writing,nav,200,https://kujolang.ai/writing/,0,rendered local route,,none
after,https://kujolang.ai/ecosystem/kujo/,https://kujolang.ai/contact/,Contact,nav,200,https://kujolang.ai/contact/,0,rendered local route,,none
after,https://kujolang.ai/ecosystem/leash/,https://kujolang.ai/,Kujo,header,200,https://kujolang.ai/,0,rendered local route,,none
after,https://kujolang.ai/ecosystem/leash/,https://kujolang.ai/,Home,nav,200,https://kujolang.ai/,0,rendered local route,,none
after,https://kujolang.ai/ecosystem/leash/,https://kujolang.ai/ecosystem/,Ecosystem,nav,200,https://kujolang.ai/ecosystem/,0,rendered local route,,none
after,https://kujolang.ai/ecosystem/leash/,https://kujolang.ai/ethos/,Ethos,nav,200,https://kujolang.ai/ethos/,0,rendered local route,,none
after,https://kujolang.ai/ecosystem/leash/,https://kujolang.ai/writing/,Writing,nav,200,https://kujolang.ai/writing/,0,rendered local route,,none
after,https://kujolang.ai/ecosystem/leash/,https://kujolang.ai/contact/,Contact,nav,200,https://kujolang.ai/contact/,0,rendered local route,,none
after,https://kujolang.ai/ecosystem/leash/,https://kujolang.ai/,Home,nav,200,https://kujolang.ai/,0,rendered local route,,none
after,https://kujolang.ai/ecosystem/leash/,https://kujolang.ai/ecosystem/,Ecosystem,nav,200,https://kujolang.ai/ecosystem/,0,rendered local route,,none
after,https://kujolang.ai/ecosystem/leash/,https://kujolang.ai/ethos/,Ethos,nav,200,https://kujolang.ai/ethos/,0,rendered local route,,none
after,https://kujolang.ai/ecosystem/leash/,https://kujolang.ai/writing/,Writing,nav,200,https://kujolang.ai/writing/,0,rendered local route,,none
after,https://kujolang.ai/ecosystem/leash/,https://kujolang.ai/contact/,Contact,nav,200,https://kujolang.ai/contact/,0,rendered local route,,none
after,https://kujolang.ai/ecosystem/leash/,https://kujolang.ai/assets/prompts/kujo-agent-onboarding.txt,let your agents,body,200,https://kujolang.ai/assets/prompts/kujo-agent-onboarding.txt,0,rendered local route,,none
after,https://kujolang.ai/ecosystem/leash/,https://kujolang.ai/ecosystem/,View ecosystem,aside,200,https://kujolang.ai/ecosystem/,0,rendered local route,,none
after,https://kujolang.ai/ecosystem/leash/,https://kujolang.ai/,Kujo,footer,200,https://kujolang.ai/,0,rendered local route,,none
after,https://kujolang.ai/ecosystem/leash/,https://kujolang.ai/ecosystem/,Ecosystem,nav,200,https://kujolang.ai/ecosystem/,0,rendered local route,,none
after,https://kujolang.ai/ecosystem/leash/,https://kujolang.ai/ethos/,Ethos,nav,200,https://kujolang.ai/ethos/,0,rendered local route,,none
after,https://kujolang.ai/ecosystem/leash/,https://kujolang.ai/writing/,Writing,nav,200,https://kujolang.ai/writing/,0,rendered local route,,none
after,https://kujolang.ai/ecosystem/leash/,https://kujolang.ai/contact/,Contact,nav,200,https://kujolang.ai/contact/,0,rendered local route,,none
after,https://kujolang.ai/ecosystem/lens/,https://kujolang.ai/,Kujo,header,200,https://kujolang.ai/,0,rendered local route,,none
after,https://kujolang.ai/ecosystem/lens/,https://kujolang.ai/,Home,nav,200,https://kujolang.ai/,0,rendered local route,,none
after,https://kujolang.ai/ecosystem/lens/,https://kujolang.ai/ecosystem/,Ecosystem,nav,200,https://kujolang.ai/ecosystem/,0,rendered local route,,none
after,https://kujolang.ai/ecosystem/lens/,https://kujolang.ai/ethos/,Ethos,nav,200,https://kujolang.ai/ethos/,0,rendered local route,,none
after,https://kujolang.ai/ecosystem/lens/,https://kujolang.ai/writing/,Writing,nav,200,https://kujolang.ai/writing/,0,rendered local route,,none
after,https://kujolang.ai/ecosystem/lens/,https://kujolang.ai/contact/,Contact,nav,200,https://kujolang.ai/contact/,0,rendered local route,,none
after,https://kujolang.ai/ecosystem/lens/,https://kujolang.ai/,Home,nav,200,https://kujolang.ai/,0,rendered local route,,none
after,https://kujolang.ai/ecosystem/lens/,https://kujolang.ai/ecosystem/,Ecosystem,nav,200,https://kujolang.ai/ecosystem/,0,rendered local route,,none
after,https://kujolang.ai/ecosystem/lens/,https://kujolang.ai/ethos/,Ethos,nav,200,https://kujolang.ai/ethos/,0,rendered local route,,none
after,https://kujolang.ai/ecosystem/lens/,https://kujolang.ai/writing/,Writing,nav,200,https://kujolang.ai/writing/,0,rendered local route,,none
after,https://kujolang.ai/ecosystem/lens/,https://kujolang.ai/contact/,Contact,nav,200,https://kujolang.ai/contact/,0,rendered local route,,none
after,https://kujolang.ai/ecosystem/lens/,https://kujolang.ai/assets/prompts/kujo-agent-onboarding.txt,let your agents,body,200,https://kujolang.ai/assets/prompts/kujo-agent-onboarding.txt,0,rendered local route,,none
after,https://kujolang.ai/ecosystem/lens/,https://kujolang.ai/ecosystem/,View ecosystem,aside,200,https://kujolang.ai/ecosystem/,0,rendered local route,,none
after,https://kujolang.ai/ecosystem/lens/,https://kujolang.ai/,Kujo,footer,200,https://kujolang.ai/,0,rendered local route,,none
after,https://kujolang.ai/ecosystem/lens/,https://kujolang.ai/ecosystem/,Ecosystem,nav,200,https://kujolang.ai/ecosystem/,0,rendered local route,,none
after,https://kujolang.ai/ecosystem/lens/,https://kujolang.ai/ethos/,Ethos,nav,200,https://kujolang.ai/ethos/,0,rendered local route,,none
after,https://kujolang.ai/ecosystem/lens/,https://kujolang.ai/writing/,Writing,nav,200,https://kujolang.ai/writing/,0,rendered local route,,none
after,https://kujolang.ai/ecosystem/lens/,https://kujolang.ai/contact/,Contact,nav,200,https://kujolang.ai/contact/,0,rendered local route,,none
after,https://kujolang.ai/ecosystem/mcp/,https://kujolang.ai/,Kujo,header,200,https://kujolang.ai/,0,rendered local route,,none
after,https://kujolang.ai/ecosystem/mcp/,https://kujolang.ai/,Home,nav,200,https://kujolang.ai/,0,rendered local route,,none
after,https://kujolang.ai/ecosystem/mcp/,https://kujolang.ai/ecosystem/,Ecosystem,nav,200,https://kujolang.ai/ecosystem/,0,rendered local route,,none
after,https://kujolang.ai/ecosystem/mcp/,https://kujolang.ai/ethos/,Ethos,nav,200,https://kujolang.ai/ethos/,0,rendered local route,,none
after,https://kujolang.ai/ecosystem/mcp/,https://kujolang.ai/writing/,Writing,nav,200,https://kujolang.ai/writing/,0,rendered local route,,none
after,https://kujolang.ai/ecosystem/mcp/,https://kujolang.ai/contact/,Contact,nav,200,https://kujolang.ai/contact/,0,rendered local route,,none
after,https://kujolang.ai/ecosystem/mcp/,https://kujolang.ai/,Home,nav,200,https://kujolang.ai/,0,rendered local route,,none
after,https://kujolang.ai/ecosystem/mcp/,https://kujolang.ai/ecosystem/,Ecosystem,nav,200,https://kujolang.ai/ecosystem/,0,rendered local route,,none
after,https://kujolang.ai/ecosystem/mcp/,https://kujolang.ai/ethos/,Ethos,nav,200,https://kujolang.ai/ethos/,0,rendered local route,,none
after,https://kujolang.ai/ecosystem/mcp/,https://kujolang.ai/writing/,Writing,nav,200,https://kujolang.ai/writing/,0,rendered local route,,none
after,https://kujolang.ai/ecosystem/mcp/,https://kujolang.ai/contact/,Contact,nav,200,https://kujolang.ai/contact/,0,rendered local route,,none
after,https://kujolang.ai/ecosystem/mcp/,https://kujolang.ai/assets/prompts/kujo-agent-onboarding.txt,let your agents,body,200,https://kujolang.ai/assets/prompts/kujo-agent-onboarding.txt,0,rendered local route,,none
after,https://kujolang.ai/ecosystem/mcp/,https://kujolang.ai/ecosystem/,View ecosystem,aside,200,https://kujolang.ai/ecosystem/,0,rendered local route,,none
after,https://kujolang.ai/ecosystem/mcp/,https://kujolang.ai/,Kujo,footer,200,https://kujolang.ai/,0,rendered local route,,none
after,https://kujolang.ai/ecosystem/mcp/,https://kujolang.ai/ecosystem/,Ecosystem,nav,200,https://kujolang.ai/ecosystem/,0,rendered local route,,none
after,https://kujolang.ai/ecosystem/mcp/,https://kujolang.ai/ethos/,Ethos,nav,200,https://kujolang.ai/ethos/,0,rendered local route,,none
after,https://kujolang.ai/ecosystem/mcp/,https://kujolang.ai/writing/,Writing,nav,200,https://kujolang.ai/writing/,0,rendered local route,,none
after,https://kujolang.ai/ecosystem/mcp/,https://kujolang.ai/contact/,Contact,nav,200,https://kujolang.ai/contact/,0,rendered local route,,none
after,https://kujolang.ai/ecosystem/muzzle/,https://kujolang.ai/,Kujo,header,200,https://kujolang.ai/,0,rendered local route,,none
after,https://kujolang.ai/ecosystem/muzzle/,https://kujolang.ai/,Home,nav,200,https://kujolang.ai/,0,rendered local route,,none
after,https://kujolang.ai/ecosystem/muzzle/,https://kujolang.ai/ecosystem/,Ecosystem,nav,200,https://kujolang.ai/ecosystem/,0,rendered local route,,none
after,https://kujolang.ai/ecosystem/muzzle/,https://kujolang.ai/ethos/,Ethos,nav,200,https://kujolang.ai/ethos/,0,rendered local route,,none
after,https://kujolang.ai/ecosystem/muzzle/,https://kujolang.ai/writing/,Writing,nav,200,https://kujolang.ai/writing/,0,rendered local route,,none
after,https://kujolang.ai/ecosystem/muzzle/,https://kujolang.ai/contact/,Contact,nav,200,https://kujolang.ai/contact/,0,rendered local route,,none
after,https://kujolang.ai/ecosystem/muzzle/,https://kujolang.ai/,Home,nav,200,https://kujolang.ai/,0,rendered local route,,none
after,https://kujolang.ai/ecosystem/muzzle/,https://kujolang.ai/ecosystem/,Ecosystem,nav,200,https://kujolang.ai/ecosystem/,0,rendered local route,,none
after,https://kujolang.ai/ecosystem/muzzle/,https://kujolang.ai/ethos/,Ethos,nav,200,https://kujolang.ai/ethos/,0,rendered local route,,none
after,https://kujolang.ai/ecosystem/muzzle/,https://kujolang.ai/writing/,Writing,nav,200,https://kujolang.ai/writing/,0,rendered local route,,none
after,https://kujolang.ai/ecosystem/muzzle/,https://kujolang.ai/contact/,Contact,nav,200,https://kujolang.ai/contact/,0,rendered local route,,none
after,https://kujolang.ai/ecosystem/muzzle/,https://kujolang.ai/assets/prompts/kujo-agent-onboarding.txt,let your agents,body,200,https://kujolang.ai/assets/prompts/kujo-agent-onboarding.txt,0,rendered local route,,none
after,https://kujolang.ai/ecosystem/muzzle/,https://kujolang.ai/ecosystem/,View ecosystem,aside,200,https://kujolang.ai/ecosystem/,0,rendered local route,,none
after,https://kujolang.ai/ecosystem/muzzle/,https://kujolang.ai/,Kujo,footer,200,https://kujolang.ai/,0,rendered local route,,none
after,https://kujolang.ai/ecosystem/muzzle/,https://kujolang.ai/ecosystem/,Ecosystem,nav,200,https://kujolang.ai/ecosystem/,0,rendered local route,,none
after,https://kujolang.ai/ecosystem/muzzle/,https://kujolang.ai/ethos/,Ethos,nav,200,https://kujolang.ai/ethos/,0,rendered local route,,none
after,https://kujolang.ai/ecosystem/muzzle/,https://kujolang.ai/writing/,Writing,nav,200,https://kujolang.ai/writing/,0,rendered local route,,none
after,https://kujolang.ai/ecosystem/muzzle/,https://kujolang.ai/contact/,Contact,nav,200,https://kujolang.ai/contact/,0,rendered local route,,none
after,https://kujolang.ai/ecosystem/packwrite/,https://kujolang.ai/,Kujo,header,200,https://kujolang.ai/,0,rendered local route,,none
after,https://kujolang.ai/ecosystem/packwrite/,https://kujolang.ai/,Home,nav,200,https://kujolang.ai/,0,rendered local route,,none
after,https://kujolang.ai/ecosystem/packwrite/,https://kujolang.ai/ecosystem/,Ecosystem,nav,200,https://kujolang.ai/ecosystem/,0,rendered local route,,none
after,https://kujolang.ai/ecosystem/packwrite/,https://kujolang.ai/ethos/,Ethos,nav,200,https://kujolang.ai/ethos/,0,rendered local route,,none
after,https://kujolang.ai/ecosystem/packwrite/,https://kujolang.ai/writing/,Writing,nav,200,https://kujolang.ai/writing/,0,rendered local route,,none
after,https://kujolang.ai/ecosystem/packwrite/,https://kujolang.ai/contact/,Contact,nav,200,https://kujolang.ai/contact/,0,rendered local route,,none
after,https://kujolang.ai/ecosystem/packwrite/,https://kujolang.ai/,Home,nav,200,https://kujolang.ai/,0,rendered local route,,none
after,https://kujolang.ai/ecosystem/packwrite/,https://kujolang.ai/ecosystem/,Ecosystem,nav,200,https://kujolang.ai/ecosystem/,0,rendered local route,,none
after,https://kujolang.ai/ecosystem/packwrite/,https://kujolang.ai/ethos/,Ethos,nav,200,https://kujolang.ai/ethos/,0,rendered local route,,none
after,https://kujolang.ai/ecosystem/packwrite/,https://kujolang.ai/writing/,Writing,nav,200,https://kujolang.ai/writing/,0,rendered local route,,none
after,https://kujolang.ai/ecosystem/packwrite/,https://kujolang.ai/contact/,Contact,nav,200,https://kujolang.ai/contact/,0,rendered local route,,none
after,https://kujolang.ai/ecosystem/packwrite/,https://kujolang.ai/assets/prompts/kujo-agent-onboarding.txt,let your agents,body,200,https://kujolang.ai/assets/prompts/kujo-agent-onboarding.txt,0,rendered local route,,none
after,https://kujolang.ai/ecosystem/packwrite/,https://kujolang.ai/ecosystem/,View ecosystem,aside,200,https://kujolang.ai/ecosystem/,0,rendered local route,,none
after,https://kujolang.ai/ecosystem/packwrite/,https://kujolang.ai/,Kujo,footer,200,https://kujolang.ai/,0,rendered local route,,none
after,https://kujolang.ai/ecosystem/packwrite/,https://kujolang.ai/ecosystem/,Ecosystem,nav,200,https://kujolang.ai/ecosystem/,0,rendered local route,,none
after,https://kujolang.ai/ecosystem/packwrite/,https://kujolang.ai/ethos/,Ethos,nav,200,https://kujolang.ai/ethos/,0,rendered local route,,none
after,https://kujolang.ai/ecosystem/packwrite/,https://kujolang.ai/writing/,Writing,nav,200,https://kujolang.ai/writing/,0,rendered local route,,none
after,https://kujolang.ai/ecosystem/packwrite/,https://kujolang.ai/contact/,Contact,nav,200,https://kujolang.ai/contact/,0,rendered local route,,none
after,https://kujolang.ai/ecosystem/patchbrief/,https://kujolang.ai/,Kujo,header,200,https://kujolang.ai/,0,rendered local route,,none
after,https://kujolang.ai/ecosystem/patchbrief/,https://kujolang.ai/,Home,nav,200,https://kujolang.ai/,0,rendered local route,,none
after,https://kujolang.ai/ecosystem/patchbrief/,https://kujolang.ai/ecosystem/,Ecosystem,nav,200,https://kujolang.ai/ecosystem/,0,rendered local route,,none
after,https://kujolang.ai/ecosystem/patchbrief/,https://kujolang.ai/ethos/,Ethos,nav,200,https://kujolang.ai/ethos/,0,rendered local route,,none
after,https://kujolang.ai/ecosystem/patchbrief/,https://kujolang.ai/writing/,Writing,nav,200,https://kujolang.ai/writing/,0,rendered local route,,none
after,https://kujolang.ai/ecosystem/patchbrief/,https://kujolang.ai/contact/,Contact,nav,200,https://kujolang.ai/contact/,0,rendered local route,,none
after,https://kujolang.ai/ecosystem/patchbrief/,https://kujolang.ai/,Home,nav,200,https://kujolang.ai/,0,rendered local route,,none
after,https://kujolang.ai/ecosystem/patchbrief/,https://kujolang.ai/ecosystem/,Ecosystem,nav,200,https://kujolang.ai/ecosystem/,0,rendered local route,,none
after,https://kujolang.ai/ecosystem/patchbrief/,https://kujolang.ai/ethos/,Ethos,nav,200,https://kujolang.ai/ethos/,0,rendered local route,,none
after,https://kujolang.ai/ecosystem/patchbrief/,https://kujolang.ai/writing/,Writing,nav,200,https://kujolang.ai/writing/,0,rendered local route,,none
after,https://kujolang.ai/ecosystem/patchbrief/,https://kujolang.ai/contact/,Contact,nav,200,https://kujolang.ai/contact/,0,rendered local route,,none
after,https://kujolang.ai/ecosystem/patchbrief/,https://kujolang.ai/assets/prompts/kujo-agent-onboarding.txt,let your agents,body,200,https://kujolang.ai/assets/prompts/kujo-agent-onboarding.txt,0,rendered local route,,none
after,https://kujolang.ai/ecosystem/patchbrief/,https://kujolang.ai/ecosystem/,View ecosystem,aside,200,https://kujolang.ai/ecosystem/,0,rendered local route,,none
after,https://kujolang.ai/ecosystem/patchbrief/,https://kujolang.ai/,Kujo,footer,200,https://kujolang.ai/,0,rendered local route,,none
after,https://kujolang.ai/ecosystem/patchbrief/,https://kujolang.ai/ecosystem/,Ecosystem,nav,200,https://kujolang.ai/ecosystem/,0,rendered local route,,none
after,https://kujolang.ai/ecosystem/patchbrief/,https://kujolang.ai/ethos/,Ethos,nav,200,https://kujolang.ai/ethos/,0,rendered local route,,none
after,https://kujolang.ai/ecosystem/patchbrief/,https://kujolang.ai/writing/,Writing,nav,200,https://kujolang.ai/writing/,0,rendered local route,,none
after,https://kujolang.ai/ecosystem/patchbrief/,https://kujolang.ai/contact/,Contact,nav,200,https://kujolang.ai/contact/,0,rendered local route,,none
after,https://kujolang.ai/ecosystem/rag/,https://kujolang.ai/,Kujo,header,200,https://kujolang.ai/,0,rendered local route,,none
after,https://kujolang.ai/ecosystem/rag/,https://kujolang.ai/,Home,nav,200,https://kujolang.ai/,0,rendered local route,,none
after,https://kujolang.ai/ecosystem/rag/,https://kujolang.ai/ecosystem/,Ecosystem,nav,200,https://kujolang.ai/ecosystem/,0,rendered local route,,none
after,https://kujolang.ai/ecosystem/rag/,https://kujolang.ai/ethos/,Ethos,nav,200,https://kujolang.ai/ethos/,0,rendered local route,,none
after,https://kujolang.ai/ecosystem/rag/,https://kujolang.ai/writing/,Writing,nav,200,https://kujolang.ai/writing/,0,rendered local route,,none
after,https://kujolang.ai/ecosystem/rag/,https://kujolang.ai/contact/,Contact,nav,200,https://kujolang.ai/contact/,0,rendered local route,,none
after,https://kujolang.ai/ecosystem/rag/,https://kujolang.ai/,Home,nav,200,https://kujolang.ai/,0,rendered local route,,none
after,https://kujolang.ai/ecosystem/rag/,https://kujolang.ai/ecosystem/,Ecosystem,nav,200,https://kujolang.ai/ecosystem/,0,rendered local route,,none
after,https://kujolang.ai/ecosystem/rag/,https://kujolang.ai/ethos/,Ethos,nav,200,https://kujolang.ai/ethos/,0,rendered local route,,none
after,https://kujolang.ai/ecosystem/rag/,https://kujolang.ai/writing/,Writing,nav,200,https://kujolang.ai/writing/,0,rendered local route,,none
after,https://kujolang.ai/ecosystem/rag/,https://kujolang.ai/contact/,Contact,nav,200,https://kujolang.ai/contact/,0,rendered local route,,none
after,https://kujolang.ai/ecosystem/rag/,https://kujolang.ai/assets/prompts/kujo-agent-onboarding.txt,let your agents,body,200,https://kujolang.ai/assets/prompts/kujo-agent-onboarding.txt,0,rendered local route,,none
after,https://kujolang.ai/ecosystem/rag/,https://kujolang.ai/ecosystem/,View ecosystem,aside,200,https://kujolang.ai/ecosystem/,0,rendered local route,,none
after,https://kujolang.ai/ecosystem/rag/,https://kujolang.ai/,Kujo,footer,200,https://kujolang.ai/,0,rendered local route,,none
after,https://kujolang.ai/ecosystem/rag/,https://kujolang.ai/ecosystem/,Ecosystem,nav,200,https://kujolang.ai/ecosystem/,0,rendered local route,,none
after,https://kujolang.ai/ecosystem/rag/,https://kujolang.ai/ethos/,Ethos,nav,200,https://kujolang.ai/ethos/,0,rendered local route,,none
after,https://kujolang.ai/ecosystem/rag/,https://kujolang.ai/writing/,Writing,nav,200,https://kujolang.ai/writing/,0,rendered local route,,none
after,https://kujolang.ai/ecosystem/rag/,https://kujolang.ai/contact/,Contact,nav,200,https://kujolang.ai/contact/,0,rendered local route,,none
after,https://kujolang.ai/ecosystem/redact/,https://kujolang.ai/,Kujo,header,200,https://kujolang.ai/,0,rendered local route,,none
after,https://kujolang.ai/ecosystem/redact/,https://kujolang.ai/,Home,nav,200,https://kujolang.ai/,0,rendered local route,,none
after,https://kujolang.ai/ecosystem/redact/,https://kujolang.ai/ecosystem/,Ecosystem,nav,200,https://kujolang.ai/ecosystem/,0,rendered local route,,none
after,https://kujolang.ai/ecosystem/redact/,https://kujolang.ai/ethos/,Ethos,nav,200,https://kujolang.ai/ethos/,0,rendered local route,,none
after,https://kujolang.ai/ecosystem/redact/,https://kujolang.ai/writing/,Writing,nav,200,https://kujolang.ai/writing/,0,rendered local route,,none
after,https://kujolang.ai/ecosystem/redact/,https://kujolang.ai/contact/,Contact,nav,200,https://kujolang.ai/contact/,0,rendered local route,,none
after,https://kujolang.ai/ecosystem/redact/,https://kujolang.ai/,Home,nav,200,https://kujolang.ai/,0,rendered local route,,none
after,https://kujolang.ai/ecosystem/redact/,https://kujolang.ai/ecosystem/,Ecosystem,nav,200,https://kujolang.ai/ecosystem/,0,rendered local route,,none
after,https://kujolang.ai/ecosystem/redact/,https://kujolang.ai/ethos/,Ethos,nav,200,https://kujolang.ai/ethos/,0,rendered local route,,none
after,https://kujolang.ai/ecosystem/redact/,https://kujolang.ai/writing/,Writing,nav,200,https://kujolang.ai/writing/,0,rendered local route,,none
after,https://kujolang.ai/ecosystem/redact/,https://kujolang.ai/contact/,Contact,nav,200,https://kujolang.ai/contact/,0,rendered local route,,none
after,https://kujolang.ai/ecosystem/redact/,https://kujolang.ai/assets/prompts/kujo-agent-onboarding.txt,let your agents,body,200,https://kujolang.ai/assets/prompts/kujo-agent-onboarding.txt,0,rendered local route,,none
after,https://kujolang.ai/ecosystem/redact/,https://kujolang.ai/ecosystem/,View ecosystem,aside,200,https://kujolang.ai/ecosystem/,0,rendered local route,,none
after,https://kujolang.ai/ecosystem/redact/,https://kujolang.ai/,Kujo,footer,200,https://kujolang.ai/,0,rendered local route,,none
after,https://kujolang.ai/ecosystem/redact/,https://kujolang.ai/ecosystem/,Ecosystem,nav,200,https://kujolang.ai/ecosystem/,0,rendered local route,,none
after,https://kujolang.ai/ecosystem/redact/,https://kujolang.ai/ethos/,Ethos,nav,200,https://kujolang.ai/ethos/,0,rendered local route,,none
after,https://kujolang.ai/ecosystem/redact/,https://kujolang.ai/writing/,Writing,nav,200,https://kujolang.ai/writing/,0,rendered local route,,none
after,https://kujolang.ai/ecosystem/redact/,https://kujolang.ai/contact/,Contact,nav,200,https://kujolang.ai/contact/,0,rendered local route,,none
after,https://kujolang.ai/ecosystem/relay/,https://kujolang.ai/,Kujo,header,200,https://kujolang.ai/,0,rendered local route,,none
after,https://kujolang.ai/ecosystem/relay/,https://kujolang.ai/,Home,nav,200,https://kujolang.ai/,0,rendered local route,,none
after,https://kujolang.ai/ecosystem/relay/,https://kujolang.ai/ecosystem/,Ecosystem,nav,200,https://kujolang.ai/ecosystem/,0,rendered local route,,none
after,https://kujolang.ai/ecosystem/relay/,https://kujolang.ai/ethos/,Ethos,nav,200,https://kujolang.ai/ethos/,0,rendered local route,,none
after,https://kujolang.ai/ecosystem/relay/,https://kujolang.ai/writing/,Writing,nav,200,https://kujolang.ai/writing/,0,rendered local route,,none
after,https://kujolang.ai/ecosystem/relay/,https://kujolang.ai/contact/,Contact,nav,200,https://kujolang.ai/contact/,0,rendered local route,,none
after,https://kujolang.ai/ecosystem/relay/,https://kujolang.ai/,Home,nav,200,https://kujolang.ai/,0,rendered local route,,none
after,https://kujolang.ai/ecosystem/relay/,https://kujolang.ai/ecosystem/,Ecosystem,nav,200,https://kujolang.ai/ecosystem/,0,rendered local route,,none
after,https://kujolang.ai/ecosystem/relay/,https://kujolang.ai/ethos/,Ethos,nav,200,https://kujolang.ai/ethos/,0,rendered local route,,none
after,https://kujolang.ai/ecosystem/relay/,https://kujolang.ai/writing/,Writing,nav,200,https://kujolang.ai/writing/,0,rendered local route,,none
after,https://kujolang.ai/ecosystem/relay/,https://kujolang.ai/contact/,Contact,nav,200,https://kujolang.ai/contact/,0,rendered local route,,none
after,https://kujolang.ai/ecosystem/relay/,https://kujolang.ai/assets/prompts/kujo-agent-onboarding.txt,let your agents,body,200,https://kujolang.ai/assets/prompts/kujo-agent-onboarding.txt,0,rendered local route,,none
after,https://kujolang.ai/ecosystem/relay/,https://kujolang.ai/ecosystem/,View ecosystem,aside,200,https://kujolang.ai/ecosystem/,0,rendered local route,,none
after,https://kujolang.ai/ecosystem/relay/,https://kujolang.ai/,Kujo,footer,200,https://kujolang.ai/,0,rendered local route,,none
after,https://kujolang.ai/ecosystem/relay/,https://kujolang.ai/ecosystem/,Ecosystem,nav,200,https://kujolang.ai/ecosystem/,0,rendered local route,,none
after,https://kujolang.ai/ecosystem/relay/,https://kujolang.ai/ethos/,Ethos,nav,200,https://kujolang.ai/ethos/,0,rendered local route,,none
after,https://kujolang.ai/ecosystem/relay/,https://kujolang.ai/writing/,Writing,nav,200,https://kujolang.ai/writing/,0,rendered local route,,none
after,https://kujolang.ai/ecosystem/relay/,https://kujolang.ai/contact/,Contact,nav,200,https://kujolang.ai/contact/,0,rendered local route,,none
after,https://kujolang.ai/ecosystem/runledger/,https://kujolang.ai/,Kujo,header,200,https://kujolang.ai/,0,rendered local route,,none
after,https://kujolang.ai/ecosystem/runledger/,https://kujolang.ai/,Home,nav,200,https://kujolang.ai/,0,rendered local route,,none
after,https://kujolang.ai/ecosystem/runledger/,https://kujolang.ai/ecosystem/,Ecosystem,nav,200,https://kujolang.ai/ecosystem/,0,rendered local route,,none
after,https://kujolang.ai/ecosystem/runledger/,https://kujolang.ai/ethos/,Ethos,nav,200,https://kujolang.ai/ethos/,0,rendered local route,,none
after,https://kujolang.ai/ecosystem/runledger/,https://kujolang.ai/writing/,Writing,nav,200,https://kujolang.ai/writing/,0,rendered local route,,none
after,https://kujolang.ai/ecosystem/runledger/,https://kujolang.ai/contact/,Contact,nav,200,https://kujolang.ai/contact/,0,rendered local route,,none
after,https://kujolang.ai/ecosystem/runledger/,https://kujolang.ai/,Home,nav,200,https://kujolang.ai/,0,rendered local route,,none
after,https://kujolang.ai/ecosystem/runledger/,https://kujolang.ai/ecosystem/,Ecosystem,nav,200,https://kujolang.ai/ecosystem/,0,rendered local route,,none
after,https://kujolang.ai/ecosystem/runledger/,https://kujolang.ai/ethos/,Ethos,nav,200,https://kujolang.ai/ethos/,0,rendered local route,,none
after,https://kujolang.ai/ecosystem/runledger/,https://kujolang.ai/writing/,Writing,nav,200,https://kujolang.ai/writing/,0,rendered local route,,none
after,https://kujolang.ai/ecosystem/runledger/,https://kujolang.ai/contact/,Contact,nav,200,https://kujolang.ai/contact/,0,rendered local route,,none
after,https://kujolang.ai/ecosystem/runledger/,https://kujolang.ai/assets/prompts/kujo-agent-onboarding.txt,let your agents,body,200,https://kujolang.ai/assets/prompts/kujo-agent-onboarding.txt,0,rendered local route,,none
after,https://kujolang.ai/ecosystem/runledger/,https://kujolang.ai/ecosystem/,View ecosystem,aside,200,https://kujolang.ai/ecosystem/,0,rendered local route,,none
after,https://kujolang.ai/ecosystem/runledger/,https://kujolang.ai/,Kujo,footer,200,https://kujolang.ai/,0,rendered local route,,none
after,https://kujolang.ai/ecosystem/runledger/,https://kujolang.ai/ecosystem/,Ecosystem,nav,200,https://kujolang.ai/ecosystem/,0,rendered local route,,none
after,https://kujolang.ai/ecosystem/runledger/,https://kujolang.ai/ethos/,Ethos,nav,200,https://kujolang.ai/ethos/,0,rendered local route,,none
after,https://kujolang.ai/ecosystem/runledger/,https://kujolang.ai/writing/,Writing,nav,200,https://kujolang.ai/writing/,0,rendered local route,,none
after,https://kujolang.ai/ecosystem/runledger/,https://kujolang.ai/contact/,Contact,nav,200,https://kujolang.ai/contact/,0,rendered local route,,none
after,https://kujolang.ai/ecosystem/scent/,https://kujolang.ai/,Kujo,header,200,https://kujolang.ai/,0,rendered local route,,none
after,https://kujolang.ai/ecosystem/scent/,https://kujolang.ai/,Home,nav,200,https://kujolang.ai/,0,rendered local route,,none
after,https://kujolang.ai/ecosystem/scent/,https://kujolang.ai/ecosystem/,Ecosystem,nav,200,https://kujolang.ai/ecosystem/,0,rendered local route,,none
after,https://kujolang.ai/ecosystem/scent/,https://kujolang.ai/ethos/,Ethos,nav,200,https://kujolang.ai/ethos/,0,rendered local route,,none
after,https://kujolang.ai/ecosystem/scent/,https://kujolang.ai/writing/,Writing,nav,200,https://kujolang.ai/writing/,0,rendered local route,,none
after,https://kujolang.ai/ecosystem/scent/,https://kujolang.ai/contact/,Contact,nav,200,https://kujolang.ai/contact/,0,rendered local route,,none
after,https://kujolang.ai/ecosystem/scent/,https://kujolang.ai/,Home,nav,200,https://kujolang.ai/,0,rendered local route,,none
after,https://kujolang.ai/ecosystem/scent/,https://kujolang.ai/ecosystem/,Ecosystem,nav,200,https://kujolang.ai/ecosystem/,0,rendered local route,,none
after,https://kujolang.ai/ecosystem/scent/,https://kujolang.ai/ethos/,Ethos,nav,200,https://kujolang.ai/ethos/,0,rendered local route,,none
after,https://kujolang.ai/ecosystem/scent/,https://kujolang.ai/writing/,Writing,nav,200,https://kujolang.ai/writing/,0,rendered local route,,none
after,https://kujolang.ai/ecosystem/scent/,https://kujolang.ai/contact/,Contact,nav,200,https://kujolang.ai/contact/,0,rendered local route,,none
after,https://kujolang.ai/ecosystem/scent/,https://kujolang.ai/assets/prompts/kujo-agent-onboarding.txt,let your agents,body,200,https://kujolang.ai/assets/prompts/kujo-agent-onboarding.txt,0,rendered local route,,none
after,https://kujolang.ai/ecosystem/scent/,https://kujolang.ai/ecosystem/,View ecosystem,aside,200,https://kujolang.ai/ecosystem/,0,rendered local route,,none
after,https://kujolang.ai/ecosystem/scent/,https://kujolang.ai/,Kujo,footer,200,https://kujolang.ai/,0,rendered local route,,none
after,https://kujolang.ai/ecosystem/scent/,https://kujolang.ai/ecosystem/,Ecosystem,nav,200,https://kujolang.ai/ecosystem/,0,rendered local route,,none
after,https://kujolang.ai/ecosystem/scent/,https://kujolang.ai/ethos/,Ethos,nav,200,https://kujolang.ai/ethos/,0,rendered local route,,none
after,https://kujolang.ai/ecosystem/scent/,https://kujolang.ai/writing/,Writing,nav,200,https://kujolang.ai/writing/,0,rendered local route,,none
after,https://kujolang.ai/ecosystem/scent/,https://kujolang.ai/contact/,Contact,nav,200,https://kujolang.ai/contact/,0,rendered local route,,none
after,https://kujolang.ai/ecosystem/scout/,https://kujolang.ai/,Kujo,header,200,https://kujolang.ai/,0,rendered local route,,none
after,https://kujolang.ai/ecosystem/scout/,https://kujolang.ai/,Home,nav,200,https://kujolang.ai/,0,rendered local route,,none
after,https://kujolang.ai/ecosystem/scout/,https://kujolang.ai/ecosystem/,Ecosystem,nav,200,https://kujolang.ai/ecosystem/,0,rendered local route,,none
after,https://kujolang.ai/ecosystem/scout/,https://kujolang.ai/ethos/,Ethos,nav,200,https://kujolang.ai/ethos/,0,rendered local route,,none
after,https://kujolang.ai/ecosystem/scout/,https://kujolang.ai/writing/,Writing,nav,200,https://kujolang.ai/writing/,0,rendered local route,,none
after,https://kujolang.ai/ecosystem/scout/,https://kujolang.ai/contact/,Contact,nav,200,https://kujolang.ai/contact/,0,rendered local route,,none
after,https://kujolang.ai/ecosystem/scout/,https://kujolang.ai/,Home,nav,200,https://kujolang.ai/,0,rendered local route,,none
after,https://kujolang.ai/ecosystem/scout/,https://kujolang.ai/ecosystem/,Ecosystem,nav,200,https://kujolang.ai/ecosystem/,0,rendered local route,,none
after,https://kujolang.ai/ecosystem/scout/,https://kujolang.ai/ethos/,Ethos,nav,200,https://kujolang.ai/ethos/,0,rendered local route,,none
after,https://kujolang.ai/ecosystem/scout/,https://kujolang.ai/writing/,Writing,nav,200,https://kujolang.ai/writing/,0,rendered local route,,none
after,https://kujolang.ai/ecosystem/scout/,https://kujolang.ai/contact/,Contact,nav,200,https://kujolang.ai/contact/,0,rendered local route,,none
after,https://kujolang.ai/ecosystem/scout/,https://kujolang.ai/assets/prompts/kujo-agent-onboarding.txt,let your agents,body,200,https://kujolang.ai/assets/prompts/kujo-agent-onboarding.txt,0,rendered local route,,none
after,https://kujolang.ai/ecosystem/scout/,https://kujolang.ai/ecosystem/,View ecosystem,aside,200,https://kujolang.ai/ecosystem/,0,rendered local route,,none
after,https://kujolang.ai/ecosystem/scout/,https://kujolang.ai/,Kujo,footer,200,https://kujolang.ai/,0,rendered local route,,none
after,https://kujolang.ai/ecosystem/scout/,https://kujolang.ai/ecosystem/,Ecosystem,nav,200,https://kujolang.ai/ecosystem/,0,rendered local route,,none
after,https://kujolang.ai/ecosystem/scout/,https://kujolang.ai/ethos/,Ethos,nav,200,https://kujolang.ai/ethos/,0,rendered local route,,none
after,https://kujolang.ai/ecosystem/scout/,https://kujolang.ai/writing/,Writing,nav,200,https://kujolang.ai/writing/,0,rendered local route,,none
after,https://kujolang.ai/ecosystem/scout/,https://kujolang.ai/contact/,Contact,nav,200,https://kujolang.ai/contact/,0,rendered local route,,none
after,https://kujolang.ai/ecosystem/shipcheck/,https://kujolang.ai/,Kujo,header,200,https://kujolang.ai/,0,rendered local route,,none
after,https://kujolang.ai/ecosystem/shipcheck/,https://kujolang.ai/,Home,nav,200,https://kujolang.ai/,0,rendered local route,,none
after,https://kujolang.ai/ecosystem/shipcheck/,https://kujolang.ai/ecosystem/,Ecosystem,nav,200,https://kujolang.ai/ecosystem/,0,rendered local route,,none
after,https://kujolang.ai/ecosystem/shipcheck/,https://kujolang.ai/ethos/,Ethos,nav,200,https://kujolang.ai/ethos/,0,rendered local route,,none
after,https://kujolang.ai/ecosystem/shipcheck/,https://kujolang.ai/writing/,Writing,nav,200,https://kujolang.ai/writing/,0,rendered local route,,none
after,https://kujolang.ai/ecosystem/shipcheck/,https://kujolang.ai/contact/,Contact,nav,200,https://kujolang.ai/contact/,0,rendered local route,,none
after,https://kujolang.ai/ecosystem/shipcheck/,https://kujolang.ai/,Home,nav,200,https://kujolang.ai/,0,rendered local route,,none
after,https://kujolang.ai/ecosystem/shipcheck/,https://kujolang.ai/ecosystem/,Ecosystem,nav,200,https://kujolang.ai/ecosystem/,0,rendered local route,,none
after,https://kujolang.ai/ecosystem/shipcheck/,https://kujolang.ai/ethos/,Ethos,nav,200,https://kujolang.ai/ethos/,0,rendered local route,,none
after,https://kujolang.ai/ecosystem/shipcheck/,https://kujolang.ai/writing/,Writing,nav,200,https://kujolang.ai/writing/,0,rendered local route,,none
after,https://kujolang.ai/ecosystem/shipcheck/,https://kujolang.ai/contact/,Contact,nav,200,https://kujolang.ai/contact/,0,rendered local route,,none
after,https://kujolang.ai/ecosystem/shipcheck/,https://kujolang.ai/assets/prompts/kujo-agent-onboarding.txt,let your agents,body,200,https://kujolang.ai/assets/prompts/kujo-agent-onboarding.txt,0,rendered local route,,none
after,https://kujolang.ai/ecosystem/shipcheck/,https://kujolang.ai/ecosystem/,View ecosystem,aside,200,https://kujolang.ai/ecosystem/,0,rendered local route,,none
after,https://kujolang.ai/ecosystem/shipcheck/,https://kujolang.ai/,Kujo,footer,200,https://kujolang.ai/,0,rendered local route,,none
after,https://kujolang.ai/ecosystem/shipcheck/,https://kujolang.ai/ecosystem/,Ecosystem,nav,200,https://kujolang.ai/ecosystem/,0,rendered local route,,none
after,https://kujolang.ai/ecosystem/shipcheck/,https://kujolang.ai/ethos/,Ethos,nav,200,https://kujolang.ai/ethos/,0,rendered local route,,none
after,https://kujolang.ai/ecosystem/shipcheck/,https://kujolang.ai/writing/,Writing,nav,200,https://kujolang.ai/writing/,0,rendered local route,,none
after,https://kujolang.ai/ecosystem/shipcheck/,https://kujolang.ai/contact/,Contact,nav,200,https://kujolang.ai/contact/,0,rendered local route,,none
after,https://kujolang.ai/ecosystem/sitekit/,https://kujolang.ai/,Kujo,header,200,https://kujolang.ai/,0,rendered local route,,none
after,https://kujolang.ai/ecosystem/sitekit/,https://kujolang.ai/,Home,nav,200,https://kujolang.ai/,0,rendered local route,,none
after,https://kujolang.ai/ecosystem/sitekit/,https://kujolang.ai/ecosystem/,Ecosystem,nav,200,https://kujolang.ai/ecosystem/,0,rendered local route,,none
after,https://kujolang.ai/ecosystem/sitekit/,https://kujolang.ai/ethos/,Ethos,nav,200,https://kujolang.ai/ethos/,0,rendered local route,,none
after,https://kujolang.ai/ecosystem/sitekit/,https://kujolang.ai/writing/,Writing,nav,200,https://kujolang.ai/writing/,0,rendered local route,,none
after,https://kujolang.ai/ecosystem/sitekit/,https://kujolang.ai/contact/,Contact,nav,200,https://kujolang.ai/contact/,0,rendered local route,,none
after,https://kujolang.ai/ecosystem/sitekit/,https://kujolang.ai/,Home,nav,200,https://kujolang.ai/,0,rendered local route,,none
after,https://kujolang.ai/ecosystem/sitekit/,https://kujolang.ai/ecosystem/,Ecosystem,nav,200,https://kujolang.ai/ecosystem/,0,rendered local route,,none
after,https://kujolang.ai/ecosystem/sitekit/,https://kujolang.ai/ethos/,Ethos,nav,200,https://kujolang.ai/ethos/,0,rendered local route,,none
after,https://kujolang.ai/ecosystem/sitekit/,https://kujolang.ai/writing/,Writing,nav,200,https://kujolang.ai/writing/,0,rendered local route,,none
after,https://kujolang.ai/ecosystem/sitekit/,https://kujolang.ai/contact/,Contact,nav,200,https://kujolang.ai/contact/,0,rendered local route,,none
after,https://kujolang.ai/ecosystem/sitekit/,https://kujolang.ai/assets/prompts/kujo-agent-onboarding.txt,let your agents,body,200,https://kujolang.ai/assets/prompts/kujo-agent-onboarding.txt,0,rendered local route,,none
after,https://kujolang.ai/ecosystem/sitekit/,https://kujolang.ai/ecosystem/,View ecosystem,aside,200,https://kujolang.ai/ecosystem/,0,rendered local route,,none
after,https://kujolang.ai/ecosystem/sitekit/,https://kujolang.ai/,Kujo,footer,200,https://kujolang.ai/,0,rendered local route,,none
after,https://kujolang.ai/ecosystem/sitekit/,https://kujolang.ai/ecosystem/,Ecosystem,nav,200,https://kujolang.ai/ecosystem/,0,rendered local route,,none
after,https://kujolang.ai/ecosystem/sitekit/,https://kujolang.ai/ethos/,Ethos,nav,200,https://kujolang.ai/ethos/,0,rendered local route,,none
after,https://kujolang.ai/ecosystem/sitekit/,https://kujolang.ai/writing/,Writing,nav,200,https://kujolang.ai/writing/,0,rendered local route,,none
after,https://kujolang.ai/ecosystem/sitekit/,https://kujolang.ai/contact/,Contact,nav,200,https://kujolang.ai/contact/,0,rendered local route,,none
after,https://kujolang.ai/ecosystem/spec/,https://kujolang.ai/,Kujo,header,200,https://kujolang.ai/,0,rendered local route,,none
after,https://kujolang.ai/ecosystem/spec/,https://kujolang.ai/,Home,nav,200,https://kujolang.ai/,0,rendered local route,,none
after,https://kujolang.ai/ecosystem/spec/,https://kujolang.ai/ecosystem/,Ecosystem,nav,200,https://kujolang.ai/ecosystem/,0,rendered local route,,none
after,https://kujolang.ai/ecosystem/spec/,https://kujolang.ai/ethos/,Ethos,nav,200,https://kujolang.ai/ethos/,0,rendered local route,,none
after,https://kujolang.ai/ecosystem/spec/,https://kujolang.ai/writing/,Writing,nav,200,https://kujolang.ai/writing/,0,rendered local route,,none
after,https://kujolang.ai/ecosystem/spec/,https://kujolang.ai/contact/,Contact,nav,200,https://kujolang.ai/contact/,0,rendered local route,,none
after,https://kujolang.ai/ecosystem/spec/,https://kujolang.ai/,Home,nav,200,https://kujolang.ai/,0,rendered local route,,none
after,https://kujolang.ai/ecosystem/spec/,https://kujolang.ai/ecosystem/,Ecosystem,nav,200,https://kujolang.ai/ecosystem/,0,rendered local route,,none
after,https://kujolang.ai/ecosystem/spec/,https://kujolang.ai/ethos/,Ethos,nav,200,https://kujolang.ai/ethos/,0,rendered local route,,none
after,https://kujolang.ai/ecosystem/spec/,https://kujolang.ai/writing/,Writing,nav,200,https://kujolang.ai/writing/,0,rendered local route,,none
after,https://kujolang.ai/ecosystem/spec/,https://kujolang.ai/contact/,Contact,nav,200,https://kujolang.ai/contact/,0,rendered local route,,none
after,https://kujolang.ai/ecosystem/spec/,https://kujolang.ai/assets/prompts/kujo-agent-onboarding.txt,let your agents,body,200,https://kujolang.ai/assets/prompts/kujo-agent-onboarding.txt,0,rendered local route,,none
after,https://kujolang.ai/ecosystem/spec/,https://kujolang.ai/ecosystem/,View ecosystem,aside,200,https://kujolang.ai/ecosystem/,0,rendered local route,,none
after,https://kujolang.ai/ecosystem/spec/,https://kujolang.ai/,Kujo,footer,200,https://kujolang.ai/,0,rendered local route,,none
after,https://kujolang.ai/ecosystem/spec/,https://kujolang.ai/ecosystem/,Ecosystem,nav,200,https://kujolang.ai/ecosystem/,0,rendered local route,,none
after,https://kujolang.ai/ecosystem/spec/,https://kujolang.ai/ethos/,Ethos,nav,200,https://kujolang.ai/ethos/,0,rendered local route,,none
after,https://kujolang.ai/ecosystem/spec/,https://kujolang.ai/writing/,Writing,nav,200,https://kujolang.ai/writing/,0,rendered local route,,none
after,https://kujolang.ai/ecosystem/spec/,https://kujolang.ai/contact/,Contact,nav,200,https://kujolang.ai/contact/,0,rendered local route,,none
after,https://kujolang.ai/ecosystem/ssg/,https://kujolang.ai/,Kujo,header,200,https://kujolang.ai/,0,rendered local route,,none
after,https://kujolang.ai/ecosystem/ssg/,https://kujolang.ai/,Home,nav,200,https://kujolang.ai/,0,rendered local route,,none
after,https://kujolang.ai/ecosystem/ssg/,https://kujolang.ai/ecosystem/,Ecosystem,nav,200,https://kujolang.ai/ecosystem/,0,rendered local route,,none
after,https://kujolang.ai/ecosystem/ssg/,https://kujolang.ai/ethos/,Ethos,nav,200,https://kujolang.ai/ethos/,0,rendered local route,,none
after,https://kujolang.ai/ecosystem/ssg/,https://kujolang.ai/writing/,Writing,nav,200,https://kujolang.ai/writing/,0,rendered local route,,none
after,https://kujolang.ai/ecosystem/ssg/,https://kujolang.ai/contact/,Contact,nav,200,https://kujolang.ai/contact/,0,rendered local route,,none
after,https://kujolang.ai/ecosystem/ssg/,https://kujolang.ai/,Home,nav,200,https://kujolang.ai/,0,rendered local route,,none
after,https://kujolang.ai/ecosystem/ssg/,https://kujolang.ai/ecosystem/,Ecosystem,nav,200,https://kujolang.ai/ecosystem/,0,rendered local route,,none
after,https://kujolang.ai/ecosystem/ssg/,https://kujolang.ai/ethos/,Ethos,nav,200,https://kujolang.ai/ethos/,0,rendered local route,,none
after,https://kujolang.ai/ecosystem/ssg/,https://kujolang.ai/writing/,Writing,nav,200,https://kujolang.ai/writing/,0,rendered local route,,none
after,https://kujolang.ai/ecosystem/ssg/,https://kujolang.ai/contact/,Contact,nav,200,https://kujolang.ai/contact/,0,rendered local route,,none
after,https://kujolang.ai/ecosystem/ssg/,https://kujolang.ai/assets/prompts/kujo-agent-onboarding.txt,let your agents,body,200,https://kujolang.ai/assets/prompts/kujo-agent-onboarding.txt,0,rendered local route,,none
after,https://kujolang.ai/ecosystem/ssg/,https://kujolang.ai/ecosystem/,View ecosystem,aside,200,https://kujolang.ai/ecosystem/,0,rendered local route,,none
after,https://kujolang.ai/ecosystem/ssg/,https://kujolang.ai/,Kujo,footer,200,https://kujolang.ai/,0,rendered local route,,none
after,https://kujolang.ai/ecosystem/ssg/,https://kujolang.ai/ecosystem/,Ecosystem,nav,200,https://kujolang.ai/ecosystem/,0,rendered local route,,none
after,https://kujolang.ai/ecosystem/ssg/,https://kujolang.ai/ethos/,Ethos,nav,200,https://kujolang.ai/ethos/,0,rendered local route,,none
after,https://kujolang.ai/ecosystem/ssg/,https://kujolang.ai/writing/,Writing,nav,200,https://kujolang.ai/writing/,0,rendered local route,,none
after,https://kujolang.ai/ecosystem/ssg/,https://kujolang.ai/contact/,Contact,nav,200,https://kujolang.ai/contact/,0,rendered local route,,none
after,https://kujolang.ai/ecosystem/totalrecall/,https://kujolang.ai/,Kujo,header,200,https://kujolang.ai/,0,rendered local route,,none
after,https://kujolang.ai/ecosystem/totalrecall/,https://kujolang.ai/,Home,nav,200,https://kujolang.ai/,0,rendered local route,,none
after,https://kujolang.ai/ecosystem/totalrecall/,https://kujolang.ai/ecosystem/,Ecosystem,nav,200,https://kujolang.ai/ecosystem/,0,rendered local route,,none
after,https://kujolang.ai/ecosystem/totalrecall/,https://kujolang.ai/ethos/,Ethos,nav,200,https://kujolang.ai/ethos/,0,rendered local route,,none
after,https://kujolang.ai/ecosystem/totalrecall/,https://kujolang.ai/writing/,Writing,nav,200,https://kujolang.ai/writing/,0,rendered local route,,none
after,https://kujolang.ai/ecosystem/totalrecall/,https://kujolang.ai/contact/,Contact,nav,200,https://kujolang.ai/contact/,0,rendered local route,,none
after,https://kujolang.ai/ecosystem/totalrecall/,https://kujolang.ai/,Home,nav,200,https://kujolang.ai/,0,rendered local route,,none
after,https://kujolang.ai/ecosystem/totalrecall/,https://kujolang.ai/ecosystem/,Ecosystem,nav,200,https://kujolang.ai/ecosystem/,0,rendered local route,,none
after,https://kujolang.ai/ecosystem/totalrecall/,https://kujolang.ai/ethos/,Ethos,nav,200,https://kujolang.ai/ethos/,0,rendered local route,,none
after,https://kujolang.ai/ecosystem/totalrecall/,https://kujolang.ai/writing/,Writing,nav,200,https://kujolang.ai/writing/,0,rendered local route,,none
after,https://kujolang.ai/ecosystem/totalrecall/,https://kujolang.ai/contact/,Contact,nav,200,https://kujolang.ai/contact/,0,rendered local route,,none
after,https://kujolang.ai/ecosystem/totalrecall/,https://kujolang.ai/assets/prompts/kujo-agent-onboarding.txt,let your agents,body,200,https://kujolang.ai/assets/prompts/kujo-agent-onboarding.txt,0,rendered local route,,none
after,https://kujolang.ai/ecosystem/totalrecall/,https://kujolang.ai/ecosystem/,View ecosystem,aside,200,https://kujolang.ai/ecosystem/,0,rendered local route,,none
after,https://kujolang.ai/ecosystem/totalrecall/,https://kujolang.ai/,Kujo,footer,200,https://kujolang.ai/,0,rendered local route,,none
after,https://kujolang.ai/ecosystem/totalrecall/,https://kujolang.ai/ecosystem/,Ecosystem,nav,200,https://kujolang.ai/ecosystem/,0,rendered local route,,none
after,https://kujolang.ai/ecosystem/totalrecall/,https://kujolang.ai/ethos/,Ethos,nav,200,https://kujolang.ai/ethos/,0,rendered local route,,none
after,https://kujolang.ai/ecosystem/totalrecall/,https://kujolang.ai/writing/,Writing,nav,200,https://kujolang.ai/writing/,0,rendered local route,,none
after,https://kujolang.ai/ecosystem/totalrecall/,https://kujolang.ai/contact/,Contact,nav,200,https://kujolang.ai/contact/,0,rendered local route,,none
after,https://kujolang.ai/ecosystem/tribunal/,https://kujolang.ai/,Kujo,header,200,https://kujolang.ai/,0,rendered local route,,none
after,https://kujolang.ai/ecosystem/tribunal/,https://kujolang.ai/,Home,nav,200,https://kujolang.ai/,0,rendered local route,,none
after,https://kujolang.ai/ecosystem/tribunal/,https://kujolang.ai/ecosystem/,Ecosystem,nav,200,https://kujolang.ai/ecosystem/,0,rendered local route,,none
after,https://kujolang.ai/ecosystem/tribunal/,https://kujolang.ai/ethos/,Ethos,nav,200,https://kujolang.ai/ethos/,0,rendered local route,,none
after,https://kujolang.ai/ecosystem/tribunal/,https://kujolang.ai/writing/,Writing,nav,200,https://kujolang.ai/writing/,0,rendered local route,,none
after,https://kujolang.ai/ecosystem/tribunal/,https://kujolang.ai/contact/,Contact,nav,200,https://kujolang.ai/contact/,0,rendered local route,,none
after,https://kujolang.ai/ecosystem/tribunal/,https://kujolang.ai/,Home,nav,200,https://kujolang.ai/,0,rendered local route,,none
after,https://kujolang.ai/ecosystem/tribunal/,https://kujolang.ai/ecosystem/,Ecosystem,nav,200,https://kujolang.ai/ecosystem/,0,rendered local route,,none
after,https://kujolang.ai/ecosystem/tribunal/,https://kujolang.ai/ethos/,Ethos,nav,200,https://kujolang.ai/ethos/,0,rendered local route,,none
after,https://kujolang.ai/ecosystem/tribunal/,https://kujolang.ai/writing/,Writing,nav,200,https://kujolang.ai/writing/,0,rendered local route,,none
after,https://kujolang.ai/ecosystem/tribunal/,https://kujolang.ai/contact/,Contact,nav,200,https://kujolang.ai/contact/,0,rendered local route,,none
after,https://kujolang.ai/ecosystem/tribunal/,https://kujolang.ai/assets/prompts/kujo-agent-onboarding.txt,let your agents,body,200,https://kujolang.ai/assets/prompts/kujo-agent-onboarding.txt,0,rendered local route,,none
after,https://kujolang.ai/ecosystem/tribunal/,https://kujolang.ai/ecosystem/,View ecosystem,aside,200,https://kujolang.ai/ecosystem/,0,rendered local route,,none
after,https://kujolang.ai/ecosystem/tribunal/,https://kujolang.ai/,Kujo,footer,200,https://kujolang.ai/,0,rendered local route,,none
after,https://kujolang.ai/ecosystem/tribunal/,https://kujolang.ai/ecosystem/,Ecosystem,nav,200,https://kujolang.ai/ecosystem/,0,rendered local route,,none
after,https://kujolang.ai/ecosystem/tribunal/,https://kujolang.ai/ethos/,Ethos,nav,200,https://kujolang.ai/ethos/,0,rendered local route,,none
after,https://kujolang.ai/ecosystem/tribunal/,https://kujolang.ai/writing/,Writing,nav,200,https://kujolang.ai/writing/,0,rendered local route,,none
after,https://kujolang.ai/ecosystem/tribunal/,https://kujolang.ai/contact/,Contact,nav,200,https://kujolang.ai/contact/,0,rendered local route,,none
after,https://kujolang.ai/ecosystem/ward/,https://kujolang.ai/,Kujo,header,200,https://kujolang.ai/,0,rendered local route,,none
after,https://kujolang.ai/ecosystem/ward/,https://kujolang.ai/,Home,nav,200,https://kujolang.ai/,0,rendered local route,,none
after,https://kujolang.ai/ecosystem/ward/,https://kujolang.ai/ecosystem/,Ecosystem,nav,200,https://kujolang.ai/ecosystem/,0,rendered local route,,none
after,https://kujolang.ai/ecosystem/ward/,https://kujolang.ai/ethos/,Ethos,nav,200,https://kujolang.ai/ethos/,0,rendered local route,,none
after,https://kujolang.ai/ecosystem/ward/,https://kujolang.ai/writing/,Writing,nav,200,https://kujolang.ai/writing/,0,rendered local route,,none
after,https://kujolang.ai/ecosystem/ward/,https://kujolang.ai/contact/,Contact,nav,200,https://kujolang.ai/contact/,0,rendered local route,,none
after,https://kujolang.ai/ecosystem/ward/,https://kujolang.ai/,Home,nav,200,https://kujolang.ai/,0,rendered local route,,none
after,https://kujolang.ai/ecosystem/ward/,https://kujolang.ai/ecosystem/,Ecosystem,nav,200,https://kujolang.ai/ecosystem/,0,rendered local route,,none
after,https://kujolang.ai/ecosystem/ward/,https://kujolang.ai/ethos/,Ethos,nav,200,https://kujolang.ai/ethos/,0,rendered local route,,none
after,https://kujolang.ai/ecosystem/ward/,https://kujolang.ai/writing/,Writing,nav,200,https://kujolang.ai/writing/,0,rendered local route,,none
after,https://kujolang.ai/ecosystem/ward/,https://kujolang.ai/contact/,Contact,nav,200,https://kujolang.ai/contact/,0,rendered local route,,none
after,https://kujolang.ai/ecosystem/ward/,https://kujolang.ai/assets/prompts/kujo-agent-onboarding.txt,let your agents,body,200,https://kujolang.ai/assets/prompts/kujo-agent-onboarding.txt,0,rendered local route,,none
after,https://kujolang.ai/ecosystem/ward/,https://kujolang.ai/ecosystem/,View ecosystem,aside,200,https://kujolang.ai/ecosystem/,0,rendered local route,,none
after,https://kujolang.ai/ecosystem/ward/,https://kujolang.ai/,Kujo,footer,200,https://kujolang.ai/,0,rendered local route,,none
after,https://kujolang.ai/ecosystem/ward/,https://kujolang.ai/ecosystem/,Ecosystem,nav,200,https://kujolang.ai/ecosystem/,0,rendered local route,,none
after,https://kujolang.ai/ecosystem/ward/,https://kujolang.ai/ethos/,Ethos,nav,200,https://kujolang.ai/ethos/,0,rendered local route,,none
after,https://kujolang.ai/ecosystem/ward/,https://kujolang.ai/writing/,Writing,nav,200,https://kujolang.ai/writing/,0,rendered local route,,none
after,https://kujolang.ai/ecosystem/ward/,https://kujolang.ai/contact/,Contact,nav,200,https://kujolang.ai/contact/,0,rendered local route,,none
after,https://kujolang.ai/ecosystem/watchdog/,https://kujolang.ai/,Kujo,header,200,https://kujolang.ai/,0,rendered local route,,none
after,https://kujolang.ai/ecosystem/watchdog/,https://kujolang.ai/,Home,nav,200,https://kujolang.ai/,0,rendered local route,,none
after,https://kujolang.ai/ecosystem/watchdog/,https://kujolang.ai/ecosystem/,Ecosystem,nav,200,https://kujolang.ai/ecosystem/,0,rendered local route,,none
after,https://kujolang.ai/ecosystem/watchdog/,https://kujolang.ai/ethos/,Ethos,nav,200,https://kujolang.ai/ethos/,0,rendered local route,,none
after,https://kujolang.ai/ecosystem/watchdog/,https://kujolang.ai/writing/,Writing,nav,200,https://kujolang.ai/writing/,0,rendered local route,,none
after,https://kujolang.ai/ecosystem/watchdog/,https://kujolang.ai/contact/,Contact,nav,200,https://kujolang.ai/contact/,0,rendered local route,,none
after,https://kujolang.ai/ecosystem/watchdog/,https://kujolang.ai/,Home,nav,200,https://kujolang.ai/,0,rendered local route,,none
after,https://kujolang.ai/ecosystem/watchdog/,https://kujolang.ai/ecosystem/,Ecosystem,nav,200,https://kujolang.ai/ecosystem/,0,rendered local route,,none
after,https://kujolang.ai/ecosystem/watchdog/,https://kujolang.ai/ethos/,Ethos,nav,200,https://kujolang.ai/ethos/,0,rendered local route,,none
after,https://kujolang.ai/ecosystem/watchdog/,https://kujolang.ai/writing/,Writing,nav,200,https://kujolang.ai/writing/,0,rendered local route,,none
after,https://kujolang.ai/ecosystem/watchdog/,https://kujolang.ai/contact/,Contact,nav,200,https://kujolang.ai/contact/,0,rendered local route,,none
after,https://kujolang.ai/ecosystem/watchdog/,https://kujolang.ai/assets/prompts/kujo-agent-onboarding.txt,let your agents,body,200,https://kujolang.ai/assets/prompts/kujo-agent-onboarding.txt,0,rendered local route,,none
after,https://kujolang.ai/ecosystem/watchdog/,https://kujolang.ai/ecosystem/,View ecosystem,aside,200,https://kujolang.ai/ecosystem/,0,rendered local route,,none
after,https://kujolang.ai/ecosystem/watchdog/,https://kujolang.ai/,Kujo,footer,200,https://kujolang.ai/,0,rendered local route,,none
after,https://kujolang.ai/ecosystem/watchdog/,https://kujolang.ai/ecosystem/,Ecosystem,nav,200,https://kujolang.ai/ecosystem/,0,rendered local route,,none
after,https://kujolang.ai/ecosystem/watchdog/,https://kujolang.ai/ethos/,Ethos,nav,200,https://kujolang.ai/ethos/,0,rendered local route,,none
after,https://kujolang.ai/ecosystem/watchdog/,https://kujolang.ai/writing/,Writing,nav,200,https://kujolang.ai/writing/,0,rendered local route,,none
after,https://kujolang.ai/ecosystem/watchdog/,https://kujolang.ai/contact/,Contact,nav,200,https://kujolang.ai/contact/,0,rendered local route,,none
after,https://kujolang.ai/ecosystem/workcell/,https://kujolang.ai/,Kujo,header,200,https://kujolang.ai/,0,rendered local route,,none
after,https://kujolang.ai/ecosystem/workcell/,https://kujolang.ai/,Home,nav,200,https://kujolang.ai/,0,rendered local route,,none
after,https://kujolang.ai/ecosystem/workcell/,https://kujolang.ai/ecosystem/,Ecosystem,nav,200,https://kujolang.ai/ecosystem/,0,rendered local route,,none
after,https://kujolang.ai/ecosystem/workcell/,https://kujolang.ai/ethos/,Ethos,nav,200,https://kujolang.ai/ethos/,0,rendered local route,,none
after,https://kujolang.ai/ecosystem/workcell/,https://kujolang.ai/writing/,Writing,nav,200,https://kujolang.ai/writing/,0,rendered local route,,none
after,https://kujolang.ai/ecosystem/workcell/,https://kujolang.ai/contact/,Contact,nav,200,https://kujolang.ai/contact/,0,rendered local route,,none
after,https://kujolang.ai/ecosystem/workcell/,https://kujolang.ai/,Home,nav,200,https://kujolang.ai/,0,rendered local route,,none
after,https://kujolang.ai/ecosystem/workcell/,https://kujolang.ai/ecosystem/,Ecosystem,nav,200,https://kujolang.ai/ecosystem/,0,rendered local route,,none
after,https://kujolang.ai/ecosystem/workcell/,https://kujolang.ai/ethos/,Ethos,nav,200,https://kujolang.ai/ethos/,0,rendered local route,,none
after,https://kujolang.ai/ecosystem/workcell/,https://kujolang.ai/writing/,Writing,nav,200,https://kujolang.ai/writing/,0,rendered local route,,none
after,https://kujolang.ai/ecosystem/workcell/,https://kujolang.ai/contact/,Contact,nav,200,https://kujolang.ai/contact/,0,rendered local route,,none
after,https://kujolang.ai/ecosystem/workcell/,https://kujolang.ai/assets/prompts/kujo-agent-onboarding.txt,let your agents,body,200,https://kujolang.ai/assets/prompts/kujo-agent-onboarding.txt,0,rendered local route,,none
after,https://kujolang.ai/ecosystem/workcell/,https://kujolang.ai/ecosystem/,View ecosystem,aside,200,https://kujolang.ai/ecosystem/,0,rendered local route,,none
after,https://kujolang.ai/ecosystem/workcell/,https://kujolang.ai/,Kujo,footer,200,https://kujolang.ai/,0,rendered local route,,none
after,https://kujolang.ai/ecosystem/workcell/,https://kujolang.ai/ecosystem/,Ecosystem,nav,200,https://kujolang.ai/ecosystem/,0,rendered local route,,none
after,https://kujolang.ai/ecosystem/workcell/,https://kujolang.ai/ethos/,Ethos,nav,200,https://kujolang.ai/ethos/,0,rendered local route,,none
after,https://kujolang.ai/ecosystem/workcell/,https://kujolang.ai/writing/,Writing,nav,200,https://kujolang.ai/writing/,0,rendered local route,,none
after,https://kujolang.ai/ecosystem/workcell/,https://kujolang.ai/contact/,Contact,nav,200,https://kujolang.ai/contact/,0,rendered local route,,none
